MFR URL,Ref URL 1,Ref URL 2,Ref URL 3,Ref URL 4,Ref URL 5,PART_NUMBER,Dept,Class,Fine,SKU - MY_PART_NUMBER,Mfg_Part_Num,Part_Desc,E1_Brand,Unilog_Brand,DIB_Brand,Part_Manuf,MANUFACTURER_NAME,BRAND_NAME,TRADE_NAME,MANUFACTURER_PART_NUMBER,ALTERNATE_PART_NUMBER,Classpath,MOBILE_DESC,INVOICE_DESC,SHORT_DESC,LONG_DESC1,RETAIL_DESC,MARKETING_DESCRIPTION,ITEM_FEATURES_1,ITEM_FEATURES_2,ITEM_FEATURES_3,ITEM_FEATURES_4,ITEM_FEATURES_5,ITEM_FEATURES_6,ITEM_FEATURES_7,ITEM_FEATURES_8,ITEM_FEATURES_9,ITEM_FEATURES_10,ITEM_FEATURES_11,ITEM_FEATURES_12,ITEM_FEATURES_13,ITEM_FEATURES_14,ITEM_FEATURES_15,ITEM_FEATURES_16,ITEM_FEATURES_17,ITEM_FEATURES_18,ITEM_FEATURES_19,ITEM_FEATURES_20,With,Standard/Approvals,Prop 65,Application,Includes,Product Name,ATTRIBUTE_LABEL 1,ATTRIBUTE_VALUE 1,ATTRIBUTE_UOM 1,ATTRIBUTE_LABEL 2,ATTRIBUTE_VALUE 2,ATTRIBUTE_UOM 2,ATTRIBUTE_LABEL 3,ATTRIBUTE_VALUE 3,ATTRIBUTE_UOM 3,ATTRIBUTE_LABEL 4,ATTRIBUTE_VALUE 4,ATTRIBUTE_UOM 4,ATTRIBUTE_LABEL 5,ATTRIBUTE_VALUE 5,ATTRIBUTE_UOM 5,ATTRIBUTE_LABEL 6,ATTRIBUTE_VALUE 6,ATTRIBUTE_UOM 6,ATTRIBUTE_LABEL 7,ATTRIBUTE_VALUE 7,ATTRIBUTE_UOM 7,ATTRIBUTE_LABEL 8,ATTRIBUTE_VALUE 8,ATTRIBUTE_UOM 8,ATTRIBUTE_LABEL 9,ATTRIBUTE_VALUE 9,ATTRIBUTE_UOM 9,ATTRIBUTE_LABEL 10,ATTRIBUTE_VALUE 10,ATTRIBUTE_UOM 10,ATTRIBUTE_LABEL 11,ATTRIBUTE_VALUE 11,ATTRIBUTE_UOM 11,ATTRIBUTE_LABEL 12,ATTRIBUTE_VALUE 12,ATTRIBUTE_UOM 12,ATTRIBUTE_LABEL 13,ATTRIBUTE_VALUE 13,ATTRIBUTE_UOM 13,ATTRIBUTE_LABEL 14,ATTRIBUTE_VALUE 14,ATTRIBUTE_UOM 14,ATTRIBUTE_LABEL 15,ATTRIBUTE_VALUE 15,ATTRIBUTE_UOM 15,ATTRIBUTE_LABEL 16,ATTRIBUTE_VALUE 16,ATTRIBUTE_UOM 16,ATTRIBUTE_LABEL 17,ATTRIBUTE_VALUE 17,ATTRIBUTE_UOM 17,ATTRIBUTE_LABEL 18,ATTRIBUTE_VALUE 18,ATTRIBUTE_UOM 18,ATTRIBUTE_LABEL 19,ATTRIBUTE_VALUE 19,ATTRIBUTE_UOM 19,ATTRIBUTE_LABEL 20,ATTRIBUTE_VALUE 20,ATTRIBUTE_UOM 20,ATTRIBUTE_LABEL 21,ATTRIBUTE_VALUE 21,ATTRIBUTE_UOM 21,ATTRIBUTE_LABEL 22,ATTRIBUTE_VALUE 22,ATTRIBUTE_UOM 22,ATTRIBUTE_LABEL 23,ATTRIBUTE_VALUE 23,ATTRIBUTE_UOM 23,ATTRIBUTE_LABEL 24,ATTRIBUTE_VALUE 24,ATTRIBUTE_UOM 24,ATTRIBUTE_LABEL 25,ATTRIBUTE_VALUE 25,ATTRIBUTE_UOM 25,ATTRIBUTE_LABEL 26,ATTRIBUTE_VALUE 26,ATTRIBUTE_UOM 26,ATTRIBUTE_LABEL 27,ATTRIBUTE_VALUE 27,ATTRIBUTE_UOM 27,ATTRIBUTE_LABEL 28,ATTRIBUTE_VALUE 28,ATTRIBUTE_UOM 28,ATTRIBUTE_LABEL 29,ATTRIBUTE_VALUE 29,ATTRIBUTE_UOM 29,ATTRIBUTE_LABEL 30,ATTRIBUTE_VALUE 30,ATTRIBUTE_UOM 30,ATTRIBUTE_LABEL 31,ATTRIBUTE_VALUE 31,ATTRIBUTE_UOM 31,ATTRIBUTE_LABEL 32,ATTRIBUTE_VALUE 32,ATTRIBUTE_UOM 32,ATTRIBUTE_LABEL 33,ATTRIBUTE_VALUE 33,ATTRIBUTE_UOM 33,ATTRIBUTE_LABEL 34,ATTRIBUTE_VALUE 34,ATTRIBUTE_UOM 34,ATTRIBUTE_LABEL 35,ATTRIBUTE_VALUE 35,ATTRIBUTE_UOM 35,ATTRIBUTE_LABEL 36,ATTRIBUTE_VALUE 36,ATTRIBUTE_UOM 36,ATTRIBUTE_LABEL 37,ATTRIBUTE_VALUE 37,ATTRIBUTE_UOM 37,ATTRIBUTE_LABEL 38,ATTRIBUTE_VALUE 38,ATTRIBUTE_UOM 38,ATTRIBUTE_LABEL 39,ATTRIBUTE_VALUE 39,ATTRIBUTE_UOM 39,ATTRIBUTE_LABEL 40,ATTRIBUTE_VALUE 40,ATTRIBUTE_UOM 40,ATTRIBUTE_LABEL 41,ATTRIBUTE_VALUE 41,ATTRIBUTE_UOM 41,ATTRIBUTE_LABEL 42,ATTRIBUTE_VALUE 42,ATTRIBUTE_UOM 42,ATTRIBUTE_LABEL 43,ATTRIBUTE_VALUE 43,ATTRIBUTE_UOM 43,ATTRIBUTE_LABEL 44,ATTRIBUTE_VALUE 44,ATTRIBUTE_UOM 44,ATTRIBUTE_LABEL 45,ATTRIBUTE_VALUE 45,ATTRIBUTE_UOM 45,ATTRIBUTE_LABEL 46,ATTRIBUTE_VALUE 46,ATTRIBUTE_UOM 46,ATTRIBUTE_LABEL 47,ATTRIBUTE_VALUE 47,ATTRIBUTE_UOM 47,ATTRIBUTE_LABEL 48,ATTRIBUTE_VALUE 48,ATTRIBUTE_UOM 48,ATTRIBUTE_LABEL 49,ATTRIBUTE_VALUE 49,ATTRIBUTE_UOM 49,ATTRIBUTE_LABEL 50,ATTRIBUTE_VALUE 50,ATTRIBUTE_UOM 50,UPC,EAN,GTIN,UNSPSC,Warranty,List Price,Selling Qty,Selling UOM,Standard Packaging Information,LENGTH,LENGTH_UOM,HEIGHT,HEIGHT_UOM,WIDTH,WIDTH_UOM,WEIGHT,WEIGHT_UOM,VOLUME,VOLUME_UOM,Product Image,Alternate Image 1,Alternate Image 2,Alternate Image 3,Alternate Image 4,SDS,SDS_1,Warranty Information,Catalog,Specification Sheet,Instruction/Installation Manual,Service Manual,Owners/User Manual,Line Drawing,MTR,RoHS,Full Engineering Drawing,Energy Star Guide,Technical Bulletin,Submittal,Compatibility Chart,Size Chart,Product Label/Insert,Video Link,Video Link 1,Country Of Origin,Discontinued,Actual Image (Yes/No)
,,,,,,,Power Tools,Cutting & Abrasive Accessories,Abrasive Belts,,DCB518ASTS06G,"DCB518ASTS06G Diablo 1/2""x18"" - Sanding Belt 6pc",-- Unbranded --,-- No Unilog Brand --,-- No DIB Brand --,Freud Inc (2435),Freud America Inc,Diablo,,DCB518ASTS06G,,Building & Hardware>Power Tools>Accessories>Abrasive Belts,"Freud America Inc, Diablo, Abrasive Belt, DCB518ASTS06G",ABRASIVE BLT,"Diablo DCB518ASTS06G Abrasive Belt With 1/2 in x 18 in, 6 pc","Diablo Abrasive Belt, 1/2 in x 18 in, 6 pc","Abrasive Belt, 1/2 in x 18 in, 6 pc",,Size: 1/2 in x 18 in,Package Quantity: 6 pc,,,,,,,,,,,,,,,,,,,,,,,,Abrasive Belt,Size,1/2 in x 18 in,,Package Quantity,6,pc,,,,,,,,,,,,,,,,,,,,,,,,,,,,,,,,,,,,,,,,,,,,,,,,,,,,,,,,,,,,,,,,,,,,,,,,,,,,,,,,,,,,,,,,,,,,,,,,,,,,,,,,,,,,,,,,,,,,,,,,,,,,,,,,,,,,,,,,,,,,,,,,,,,,,,,,,,,,,,,,,,,,Diablo_DCB518ASTS06G.jpg,Diablo_DCB518ASTS06G_1.jpg,Diablo_DCB518ASTS06G_2.jpg,Diablo_DCB518ASTS06G_3.jpg,Diablo_DCB518ASTS06G_4.jpg,,,,,Diablo_DCB518ASTS06G_Specification_Sheet.pdf,,,,,,,,,,,,,,,,,,
,,,,,,,Power Tools,Cutting & Abrasive Accessories,Abrasive Films & Sheets,,3MABR-7100075678,3M 775L Stikit Film P150 - Cubitron II 50 Disc/Box,-- Unbranded --,-- No Unilog Brand --,-- No DIB Brand --,Jam Industrial Supply LLC (JAMIN),Jam Industrial Supply LLC,3M,,3MABR-7100075678,,Building & Hardware>Power Tools>Accessories>Abrasive Films & Sheets,"Jam Industrial Supply LLC, 3M, Abrasive Film, Cubitron, 3MABR-7100075678",ABRASIVE FILM P150,3M Cubitron 3MABR-7100075678 Abrasive Film With P150,"3M Abrasive Film, Cubitron, P150","Cubitron Abrasive Film, P150",,Series: Cubitron,Abrasive Grit: P150,,,,,,,,,,,,,,,,,,,,,,,,Abrasive Film,Series,Cubitron,,Abrasive Grit,P150,,,,,,,,,,,,,,,,,,,,,,,,,,,,,,,,,,,,,,,,,,,,,,,,,,,,,,,,,,,,,,,,,,,,,,,,,,,,,,,,,,,,,,,,,,,,,,,,,,,,,,,,,,,,,,,,,,,,,,,,,,,,,,,,,,,,,,,,,,,,,,,,,,,,,,,,,,,,,,,,,,,,,3M_3MABR-7100075678.jpg,3M_3MABR-7100075678_1.jpg,3M_3MABR-7100075678_2.jpg,3M_3MABR-7100075678_3.jpg,3M_3MABR-7100075678_4.jpg,,,,,3M_3MABR-7100075678_Specification_Sheet.pdf,,,,,,,,,,,,,,,,,,
,,,,,,,Power Tools,Cutting & Abrasive Accessories,Abrasive Films & Sheets,,3MABR-7100045865,3M 775L Stikit Film P120 - Cubitron II 50 Disc/Box,-- Unbranded --,-- No Unilog Brand --,-- No DIB Brand --,Jam Industrial Supply LLC (JAMIN),Jam Industrial Supply LLC,3M,,3MABR-7100045865,,Building & Hardware>Power Tools>Accessories>Abrasive Films & Sheets,"Jam Industrial Supply LLC, 3M, Abrasive Film, Cubitron, 3MABR-7100045865",ABRASIVE FILM P120,3M Cubitron 3MABR-7100045865 Abrasive Film With P120,"3M Abrasive Film, Cubitron, P120","Cubitron Abrasive Film, P120",,Series: Cubitron,Abrasive Grit: P120,,,,,,,,,,,,,,,,,,,,,,,,Abrasive Film,Series,Cubitron,,Abrasive Grit,P120,,,,,,,,,,,,,,,,,,,,,,,,,,,,,,,,,,,,,,,,,,,,,,,,,,,,,,,,,,,,,,,,,,,,,,,,,,,,,,,,,,,,,,,,,,,,,,,,,,,,,,,,,,,,,,,,,,,,,,,,,,,,,,,,,,,,,,,,,,,,,,,,,,,,,,,,,,,,,,,,,,,,,3M_3MABR-7100045865.jpg,3M_3MABR-7100045865_1.jpg,3M_3MABR-7100045865_2.jpg,3M_3MABR-7100045865_3.jpg,3M_3MABR-7100045865_4.jpg,,,,,3M_3MABR-7100045865_Specification_Sheet.pdf,,,,,,,,,,,,,,,,,,
,,,,,,,Power Tools,Cutting & Abrasive Accessories,Abrasive Films & Sheets,,3MABR-7100048736,3M 775L Stikit Film P80 - Cubitron II 50 Disc/Box,-- Unbranded --,-- No Unilog Brand --,-- No DIB Brand --,Jam Industrial Supply LLC (JAMIN),Jam Industrial Supply LLC,3M,,3MABR-7100048736,,Building & Hardware>Power Tools>Accessories>Abrasive Films & Sheets,"Jam Industrial Supply LLC, 3M, Abrasive Film, Cubitron, 3MABR-7100048736",ABRASIVE FILM P80,3M Cubitron 3MABR-7100048736 Abrasive Film With P80,"3M Abrasive Film, Cubitron, P80","Cubitron Abrasive Film, P80",,Series: Cubitron,Abrasive Grit: P80,,,,,,,,,,,,,,,,,,,,,,,,Abrasive Film,Series,Cubitron,,Abrasive Grit,P80,,,,,,,,,,,,,,,,,,,,,,,,,,,,,,,,,,,,,,,,,,,,,,,,,,,,,,,,,,,,,,,,,,,,,,,,,,,,,,,,,,,,,,,,,,,,,,,,,,,,,,,,,,,,,,,,,,,,,,,,,,,,,,,,,,,,,,,,,,,,,,,,,,,,,,,,,,,,,,,,,,,,,3M_3MABR-7100048736.jpg,3M_3MABR-7100048736_1.jpg,3M_3MABR-7100048736_2.jpg,3M_3MABR-7100048736_3.jpg,3M_3MABR-7100048736_4.jpg,,,,,3M_3MABR-7100048736_Specification_Sheet.pdf,,,,,,,,,,,,,,,,,,
,,,,,,,Power Tools,Cutting & Abrasive Accessories,Abrasive Films & Sheets,,3MABR-7100075690,3M 775L Stikit Film P180 - Cubitron II 50 Disc/Box,-- Unbranded --,-- No Unilog Brand --,-- No DIB Brand --,Jam Industrial Supply LLC (JAMIN),Jam Industrial Supply LLC,3M,,3MABR-7100075690,,Building & Hardware>Power Tools>Accessories>Abrasive Films & Sheets,"Jam Industrial Supply LLC, 3M, Abrasive Film, Cubitron, 3MABR-7100075690",ABRASIVE FILM P180,3M Cubitron 3MABR-7100075690 Abrasive Film With P180,"3M Abrasive Film, Cubitron, P180","Cubitron Abrasive Film, P180",,Series: Cubitron,Abrasive Grit: P180,,,,,,,,,,,,,,,,,,,,,,,,Abrasive Film,Series,Cubitron,,Abrasive Grit,P180,,,,,,,,,,,,,,,,,,,,,,,,,,,,,,,,,,,,,,,,,,,,,,,,,,,,,,,,,,,,,,,,,,,,,,,,,,,,,,,,,,,,,,,,,,,,,,,,,,,,,,,,,,,,,,,,,,,,,,,,,,,,,,,,,,,,,,,,,,,,,,,,,,,,,,,,,,,,,,,,,,,,,3M_3MABR-7100075690.jpg,3M_3MABR-7100075690_1.jpg,3M_3MABR-7100075690_2.jpg,3M_3MABR-7100075690_3.jpg,3M_3MABR-7100075690_4.jpg,,,,,3M_3MABR-7100075690_Specification_Sheet.pdf,,,,,,,,,,,,,,,,,,
,,,,,,,Power Tools,Cutting & Abrasive Accessories,Abrasive Films & Sheets,,3MABR-7100075692,3M 775L Stikit Film P220 - Cubitron II 50 Disc/Box,-- Unbranded --,-- No Unilog Brand --,-- No DIB Brand --,Jam Industrial Supply LLC (JAMIN),Jam Industrial Supply LLC,3M,,3MABR-7100075692,,Building & Hardware>Power Tools>Accessories>Abrasive Films & Sheets,"Jam Industrial Supply LLC, 3M, Abrasive Film, Cubitron, 3MABR-7100075692",ABRASIVE FILM P220,3M Cubitron 3MABR-7100075692 Abrasive Film With P220,"3M Abrasive Film, Cubitron, P220","Cubitron Abrasive Film, P220",,Series: Cubitron,Abrasive Grit: P220,,,,,,,,,,,,,,,,,,,,,,,,Abrasive Film,Series,Cubitron,,Abrasive Grit,P220,,,,,,,,,,,,,,,,,,,,,,,,,,,,,,,,,,,,,,,,,,,,,,,,,,,,,,,,,,,,,,,,,,,,,,,,,,,,,,,,,,,,,,,,,,,,,,,,,,,,,,,,,,,,,,,,,,,,,,,,,,,,,,,,,,,,,,,,,,,,,,,,,,,,,,,,,,,,,,,,,,,,,3M_3MABR-7100075692.jpg,3M_3MABR-7100075692_1.jpg,3M_3MABR-7100075692_2.jpg,3M_3MABR-7100075692_3.jpg,3M_3MABR-7100075692_4.jpg,,,,,3M_3MABR-7100075692_Specification_Sheet.pdf,,,,,,,,,,,,,,,,,,
,,,,,,,Power Tools,Cutting & Abrasive Accessories,Abrasive Films & Sheets,,3MABR-7100145365,3M 775L Stikit Film P320 - Cubitron II 50 Disc/Box,-- Unbranded --,-- No Unilog Brand --,-- No DIB Brand --,Jam Industrial Supply LLC (JAMIN),Jam Industrial Supply LLC,3M,,3MABR-7100145365,,Building & Hardware>Power Tools>Accessories>Abrasive Films & Sheets,"Jam Industrial Supply LLC, 3M, Abrasive Film, Cubitron, 3MABR-7100145365",ABRASIVE FILM P320,3M Cubitron 3MABR-7100145365 Abrasive Film With P320,"3M Abrasive Film, Cubitron, P320","Cubitron Abrasive Film, P320",,Series: Cubitron,Abrasive Grit: P320,,,,,,,,,,,,,,,,,,,,,,,,Abrasive Film,Series,Cubitron,,Abrasive Grit,P320,,,,,,,,,,,,,,,,,,,,,,,,,,,,,,,,,,,,,,,,,,,,,,,,,,,,,,,,,,,,,,,,,,,,,,,,,,,,,,,,,,,,,,,,,,,,,,,,,,,,,,,,,,,,,,,,,,,,,,,,,,,,,,,,,,,,,,,,,,,,,,,,,,,,,,,,,,,,,,,,,,,,,3M_3MABR-7100145365.jpg,3M_3MABR-7100145365_1.jpg,3M_3MABR-7100145365_2.jpg,3M_3MABR-7100145365_3.jpg,3M_3MABR-7100145365_4.jpg,,,,,3M_3MABR-7100145365_Specification_Sheet.pdf,,,,,,,,,,,,,,,,,,
,,,,,,,Power Tools,Cutting & Abrasive Accessories,Abrasive Sheets & Discs,,5B-332-080,"5B-332-080 HIOLIT 5"" P80",-- Unbranded --,-- No Unilog Brand --,-- No DIB Brand --,Mirka Abrasives Inc (MIRUS),Mirka USA Inc,Mirka®,,5B-332-080,,Building & Hardware>Power Tools>Accessories>Abrasive Sheets & Discs,"Mirka USA Inc, Mirka®, Abrasive Sheet, Hiolit, 5B-332-080",ABRASIVE SHEET P80,Mirka® Hiolit 5B-332-080 Abrasive Sheet With P80,"Mirka® Abrasive Sheet, Hiolit, P80","Hiolit Abrasive Sheet, P80",,Series: Hiolit,Abrasive Grit: P80,,,,,,,,,,,,,,,,,,,,,,,,Abrasive Sheet,Series,Hiolit,,Abrasive Grit,P80,,,,,,,,,,,,,,,,,,,,,,,,,,,,,,,,,,,,,,,,,,,,,,,,,,,,,,,,,,,,,,,,,,,,,,,,,,,,,,,,,,,,,,,,,,,,,,,,,,,,,,,,,,,,,,,,,,,,,,,,,,,,,,,,,,,,,,,,,,,,,,,,,,,,,,,,,,,,,,,,,,,,,Mirka_5B-332-080.jpg,Mirka_5B-332-080_1.jpg,Mirka_5B-332-080_2.jpg,Mirka_5B-332-080_3.jpg,Mirka_5B-332-080_4.jpg,,,,,Mirka_5B-332-080_Specification_Sheet.pdf,,,,,,,,,,,,,,,,,,
,,,,,,,Power Tools,Cutting & Abrasive Accessories,Abrasive Sheets & Discs,,5B-332-120,"5B-332-120 HIOLIT 5"" P120",-- Unbranded --,-- No Unilog Brand --,-- No DIB Brand --,Mirka Abrasives Inc (MIRUS),Mirka USA Inc,Mirka®,,5B-332-120,,Building & Hardware>Power Tools>Accessories>Abrasive Sheets & Discs,"Mirka USA Inc, Mirka®, Abrasive Sheet, Hiolit, 5B-332-120",ABRASIVE SHEET P120,Mirka® Hiolit 5B-332-120 Abrasive Sheet With P120,"Mirka® Abrasive Sheet, Hiolit, P120","Hiolit Abrasive Sheet, P120",,Series: Hiolit,Abrasive Grit: P120,,,,,,,,,,,,,,,,,,,,,,,,Abrasive Sheet,Series,Hiolit,,Abrasive Grit,P120,,,,,,,,,,,,,,,,,,,,,,,,,,,,,,,,,,,,,,,,,,,,,,,,,,,,,,,,,,,,,,,,,,,,,,,,,,,,,,,,,,,,,,,,,,,,,,,,,,,,,,,,,,,,,,,,,,,,,,,,,,,,,,,,,,,,,,,,,,,,,,,,,,,,,,,,,,,,,,,,,,,,,Mirka_5B-332-120.jpg,Mirka_5B-332-120_1.jpg,Mirka_5B-332-120_2.jpg,Mirka_5B-332-120_3.jpg,Mirka_5B-332-120_4.jpg,,,,,Mirka_5B-332-120_Specification_Sheet.pdf,,,,,,,,,,,,,,,,,,
,,,,,,,Power Tools,Cutting & Abrasive Accessories,Abrasive Sheets & Discs,,9A-570-240,9A-570-240 Abranet 2.75x30,-- Unbranded --,-- No Unilog Brand --,-- No DIB Brand --,Mirka Abrasives Inc (MIRUS),Mirka USA Inc,Mirka®,,9A-570-240,,Building & Hardware>Power Tools>Accessories>Abrasive Sheets & Discs,"Mirka USA Inc, Mirka®, Abrasive Sheet, Abranet, 9A-570-240",ABRASIVE SHEET 9A,"Mirka® Abranet 9A-570-240 Abrasive Sheet With 9 A, .75 in x 30 in","Mirka® Abrasive Sheet, Abranet, 9 A, .75 in x 30 in","Abranet Abrasive Sheet, 9 A, .75 in x 30 in",,Series: Abranet,Amperage Rating: 9 A,Size: .75 in x 30 in,,,,,,,,,,,,,,,,,,,,,,,Abrasive Sheet,Series,Abranet,,Amperage Rating,9,A,Size,.75 in x 30 in,,,,,,,,,,,,,,,,,,,,,,,,,,,,,,,,,,,,,,,,,,,,,,,,,,,,,,,,,,,,,,,,,,,,,,,,,,,,,,,,,,,,,,,,,,,,,,,,,,,,,,,,,,,,,,,,,,,,,,,,,,,,,,,,,,,,,,,,,,,,,,,,,,,,,,,,,,,,,,,,,,Mirka_9A-570-240.jpg,Mirka_9A-570-240_1.jpg,Mirka_9A-570-240_2.jpg,Mirka_9A-570-240_3.jpg,Mirka_9A-570-240_4.jpg,,,,,Mirka_9A-570-240_Specification_Sheet.pdf,,,,,,,,,,,,,,,,,,
,,,,,,,Power Tools,Cutting & Abrasive Accessories,Abrasive Sheets & Discs,,9A-570-320,9A-570-320 Abranet 2.75x30,-- Unbranded --,-- No Unilog Brand --,-- No DIB Brand --,Mirka Abrasives Inc (MIRUS),Mirka USA Inc,Mirka®,,9A-570-320,,Building & Hardware>Power Tools>Accessories>Abrasive Sheets & Discs,"Mirka USA Inc, Mirka®, Abrasive Sheet, Abranet, 9A-570-320",ABRASIVE SHEET 9A,"Mirka® Abranet 9A-570-320 Abrasive Sheet With 9 A, .75 in x 30 in","Mirka® Abrasive Sheet, Abranet, 9 A, .75 in x 30 in","Abranet Abrasive Sheet, 9 A, .75 in x 30 in",,Series: Abranet,Amperage Rating: 9 A,Size: .75 in x 30 in,,,,,,,,,,,,,,,,,,,,,,,Abrasive Sheet,Series,Abranet,,Amperage Rating,9,A,Size,.75 in x 30 in,,,,,,,,,,,,,,,,,,,,,,,,,,,,,,,,,,,,,,,,,,,,,,,,,,,,,,,,,,,,,,,,,,,,,,,,,,,,,,,,,,,,,,,,,,,,,,,,,,,,,,,,,,,,,,,,,,,,,,,,,,,,,,,,,,,,,,,,,,,,,,,,,,,,,,,,,,,,,,,,,,Mirka_9A-570-320.jpg,Mirka_9A-570-320_1.jpg,Mirka_9A-570-320_2.jpg,Mirka_9A-570-320_3.jpg,Mirka_9A-570-320_4.jpg,,,,,Mirka_9A-570-320_Specification_Sheet.pdf,,,,,,,,,,,,,,,,,,
,,,,,,,Power Tools,Cutting & Abrasive Accessories,Cut-Off Discs,,DBD090094101F,"DBD090094101F Diablo 9"" - Metal Cut-Off Disc",-- Unbranded --,-- No Unilog Brand --,-- No DIB Brand --,Freud Inc (2435),Freud America Inc,Diablo,,DBD090094101F,,Building & Hardware>Power Tools>Accessories>Cut-Off Discs,"Freud America Inc, Diablo, Cut-Off Disc, DBD090094101F",CUT OFF DISC,Diablo DBD090094101F Cut-Off Disc,Diablo Cut-Off Disc,Cut-Off Disc,,,,,,,,,,,,,,,,,,,,,,,,,,,Cut-Off Disc,,,,,,,,,,,,,,,,,,,,,,,,,,,,,,,,,,,,,,,,,,,,,,,,,,,,,,,,,,,,,,,,,,,,,,,,,,,,,,,,,,,,,,,,,,,,,,,,,,,,,,,,,,,,,,,,,,,,,,,,,,,,,,,,,,,,,,,,,,,,,,,,,,,,,,,,,,,,,,,,,,,,,,,,,,Diablo_DBD090094101F.jpg,Diablo_DBD090094101F_1.jpg,Diablo_DBD090094101F_2.jpg,Diablo_DBD090094101F_3.jpg,Diablo_DBD090094101F_4.jpg,,,,,Diablo_DBD090094101F_Specification_Sheet.pdf,,,,,,,,,,,,,,,,,,
,,,,,,,Power Tools,Cutting & Abrasive Accessories,Cut-Off Discs,,DBDS12125A01F,"DBDS12125A01F Diablo 12"" - Steel Demon Metal Cut-Off Disc",-- Unbranded --,-- No Unilog Brand --,-- No DIB Brand --,Freud Inc (2435),Freud America Inc,Diablo,,DBDS12125A01F,,Building & Hardware>Power Tools>Accessories>Cut-Off Discs,"Freud America Inc, Diablo, Cut-Off Disc, Steel Demon, DBDS12125A01F",CUT OFF DISC STL,Diablo Steel Demon DBDS12125A01F Cut-Off Disc With Steel,"Diablo Cut-Off Disc, Steel Demon, Steel","Steel Demon Cut-Off Disc, Steel",,Series: Steel Demon,Material: Steel,,,,,,,,,,,,,,,,,,,,,,,,Cut-Off Disc,Series,Steel Demon,,Material,Steel,,,,,,,,,,,,,,,,,,,,,,,,,,,,,,,,,,,,,,,,,,,,,,,,,,,,,,,,,,,,,,,,,,,,,,,,,,,,,,,,,,,,,,,,,,,,,,,,,,,,,,,,,,,,,,,,,,,,,,,,,,,,,,,,,,,,,,,,,,,,,,,,,,,,,,,,,,,,,,,,,,,,,Diablo_DBDS12125A01F.jpg,Diablo_DBDS12125A01F_1.jpg,Diablo_DBDS12125A01F_2.jpg,Diablo_DBDS12125A01F_3.jpg,Diablo_DBDS12125A01F_4.jpg,,,,,Diablo_DBDS12125A01F_Specification_Sheet.pdf,,,,,,,,,,,,,,,,,,
,,,,,,,Power Tools,Cutting & Abrasive Accessories,Cut-Off Discs,,DBDS12125G01F,"DBDS12125G01F Diablo 12""x20mm - Speed Demon Metal Cut-Off Disc",-- Unbranded --,-- No Unilog Brand --,-- No DIB Brand --,Freud Inc (2435),Freud America Inc,Diablo,,DBDS12125G01F,,Building & Hardware>Power Tools>Accessories>Cut-Off Discs,"Freud America Inc, Diablo, Cut-Off Disc, Speed Demon, DBDS12125G01F",CUT OFF DISC,Diablo Speed Demon DBDS12125G01F Cut-Off Disc With 12 in x 20 in,"Diablo Cut-Off Disc, Speed Demon, 12 in x 20 in","Speed Demon Cut-Off Disc, 12 in x 20 in",,Series: Speed Demon,Size: 12 in x 20 in,,,,,,,,,,,,,,,,,,,,,,,,Cut-Off Disc,Series,Speed Demon,,Size,12 in x 20 in,,,,,,,,,,,,,,,,,,,,,,,,,,,,,,,,,,,,,,,,,,,,,,,,,,,,,,,,,,,,,,,,,,,,,,,,,,,,,,,,,,,,,,,,,,,,,,,,,,,,,,,,,,,,,,,,,,,,,,,,,,,,,,,,,,,,,,,,,,,,,,,,,,,,,,,,,,,,,,,,,,,,,Diablo_DBDS12125G01F.jpg,Diablo_DBDS12125G01F_1.jpg,Diablo_DBDS12125G01F_2.jpg,Diablo_DBDS12125G01F_3.jpg,Diablo_DBDS12125G01F_4.jpg,,,,,Diablo_DBDS12125G01F_Specification_Sheet.pdf,,,,,,,,,,,,,,,,,,
,,,,,,,Power Tools,Cutting & Abrasive Accessories,Cut-Off Discs,,DBDS14125A01F,"DBDS14125A01F Diablo 14""x1"" - Steel Demon Metal Cut-Off Disc",-- Unbranded --,-- No Unilog Brand --,-- No DIB Brand --,Freud Inc (2435),Freud America Inc,Diablo,,DBDS14125A01F,,Building & Hardware>Power Tools>Accessories>Cut-Off Discs,"Freud America Inc, Diablo, Cut-Off Disc, Steel Demon, DBDS14125A01F",CUT OFF DISC STL,"Diablo Steel Demon DBDS14125A01F Cut-Off Disc With 14 in x 1 in, Steel","Diablo Cut-Off Disc, Steel Demon, 14 in x 1 in, Steel","Steel Demon Cut-Off Disc, 14 in x 1 in, Steel",,Series: Steel Demon,Size: 14 in x 1 in,Material: Steel,,,,,,,,,,,,,,,,,,,,,,,Cut-Off Disc,Series,Steel Demon,,Size,14 in x 1 in,,Material,Steel,,,,,,,,,,,,,,,,,,,,,,,,,,,,,,,,,,,,,,,,,,,,,,,,,,,,,,,,,,,,,,,,,,,,,,,,,,,,,,,,,,,,,,,,,,,,,,,,,,,,,,,,,,,,,,,,,,,,,,,,,,,,,,,,,,,,,,,,,,,,,,,,,,,,,,,,,,,,,,,,,,Diablo_DBDS14125A01F.jpg,Diablo_DBDS14125A01F_1.jpg,Diablo_DBDS14125A01F_2.jpg,Diablo_DBDS14125A01F_3.jpg,Diablo_DBDS14125A01F_4.jpg,,,,,Diablo_DBDS14125A01F_Specification_Sheet.pdf,,,,,,,,,,,,,,,,,,
,,,,,,,Power Tools,Cutting & Abrasive Accessories,Cut-Off Discs,,DBDS14125G01F,"DBDS14125G01F Diablo 14""x20mm - Steel Demon Metal Cut-Off Disc",-- Unbranded --,-- No Unilog Brand --,-- No DIB Brand --,Freud Inc (2435),Freud America Inc,Diablo,,DBDS14125G01F,,Building & Hardware>Power Tools>Accessories>Cut-Off Discs,"Freud America Inc, Diablo, Cut-Off Disc, Steel Demon, DBDS14125G01F",CUT OFF DISC STL,"Diablo Steel Demon DBDS14125G01F Cut-Off Disc With 14 in x 20 in, Steel","Diablo Cut-Off Disc, Steel Demon, 14 in x 20 in, Steel","Steel Demon Cut-Off Disc, 14 in x 20 in, Steel",,Series: Steel Demon,Size: 14 in x 20 in,Material: Steel,,,,,,,,,,,,,,,,,,,,,,,Cut-Off Disc,Series,Steel Demon,,Size,14 in x 20 in,,Material,Steel,,,,,,,,,,,,,,,,,,,,,,,,,,,,,,,,,,,,,,,,,,,,,,,,,,,,,,,,,,,,,,,,,,,,,,,,,,,,,,,,,,,,,,,,,,,,,,,,,,,,,,,,,,,,,,,,,,,,,,,,,,,,,,,,,,,,,,,,,,,,,,,,,,,,,,,,,,,,,,,,,,Diablo_DBDS14125G01F.jpg,Diablo_DBDS14125G01F_1.jpg,Diablo_DBDS14125G01F_2.jpg,Diablo_DBDS14125G01F_3.jpg,Diablo_DBDS14125G01F_4.jpg,,,,,Diablo_DBDS14125G01F_Specification_Sheet.pdf,,,,,,,,,,,,,,,,,,
,,,,,,,Power Tools,Cutting & Abrasive Accessories,Cut-Off Discs,,49-94-0013,"49-94-0013 Milw 5""x.045""x7/8"" Metal Cut Off Disc",-- Unbranded --,-- No Unilog Brand --,-- No DIB Brand --,Milwaukee Accessory (4031),Milwaukee Electric Tool Corporation,MILWAUKEE®,,49-94-0013,,Building & Hardware>Power Tools>Accessories>Cut-Off Discs,"Milwaukee Electric Tool Corporation, MILWAUKEE®, Cut-Off Disc, 49-94-0013",CUT OFF DISC,MILWAUKEE® 49-94-0013 Cut-Off Disc With 5 in,"MILWAUKEE® Cut-Off Disc, 5 in","Cut-Off Disc, 5 in",,Size: 5 in,,,,,,,,,,,,,,,,,,,,,,,,,Cut-Off Disc,Size,5 in,,,,,,,,,,,,,,,,,,,,,,,,,,,,,,,,,,,,,,,,,,,,,,,,,,,,,,,,,,,,,,,,,,,,,,,,,,,,,,,,,,,,,,,,,,,,,,,,,,,,,,,,,,,,,,,,,,,,,,,,,,,,,,,,,,,,,,,,,,,,,,,,,,,,,,,,,,,,,,,,,,,,,,,,MILWAUKEE_49-94-0013.jpg,MILWAUKEE_49-94-0013_1.jpg,MILWAUKEE_49-94-0013_2.jpg,MILWAUKEE_49-94-0013_3.jpg,MILWAUKEE_49-94-0013_4.jpg,,,,,MILWAUKEE_49-94-0013_Specification_Sheet.pdf,,,,,,,,,,,,,,,,,,
,,,,,,,Power Tools,Cutting & Abrasive Accessories,Cut-Off Discs,,49-94-0029,"49-94-0029 Milw 6-1/2""x1/8""x5/8"" DKO Metal Cut Off Disc",-- Unbranded --,-- No Unilog Brand --,-- No DIB Brand --,Milwaukee Accessory (4031),Milwaukee Electric Tool Corporation,MILWAUKEE®,,49-94-0029,,Building & Hardware>Power Tools>Accessories>Cut-Off Discs,"Milwaukee Electric Tool Corporation, MILWAUKEE®, Cut-Off Disc, 49-94-0029",CUT OFF DISC,MILWAUKEE® 49-94-0029 Cut-Off Disc With 6-1/2 in,"MILWAUKEE® Cut-Off Disc, 6-1/2 in","Cut-Off Disc, 6-1/2 in",,Size: 6-1/2 in,,,,,,,,,,,,,,,,,,,,,,,,,Cut-Off Disc,Size,6-1/2 in,,,,,,,,,,,,,,,,,,,,,,,,,,,,,,,,,,,,,,,,,,,,,,,,,,,,,,,,,,,,,,,,,,,,,,,,,,,,,,,,,,,,,,,,,,,,,,,,,,,,,,,,,,,,,,,,,,,,,,,,,,,,,,,,,,,,,,,,,,,,,,,,,,,,,,,,,,,,,,,,,,,,,,,,MILWAUKEE_49-94-0029.jpg,MILWAUKEE_49-94-0029_1.jpg,MILWAUKEE_49-94-0029_2.jpg,MILWAUKEE_49-94-0029_3.jpg,MILWAUKEE_49-94-0029_4.jpg,,,,,MILWAUKEE_49-94-0029_Specification_Sheet.pdf,,,,,,,,,,,,,,,,,,
,,,,,,,Power Tools,Cutting & Abrasive Accessories,Cut-Off Discs,,49-94-0033,"49-94-0033 Milw 7""x1/16""x7/8"" Metal Cut Off Disc",-- Unbranded --,-- No Unilog Brand --,-- No DIB Brand --,Milwaukee Accessory (4031),Milwaukee Electric Tool Corporation,MILWAUKEE®,,49-94-0033,,Building & Hardware>Power Tools>Accessories>Cut-Off Discs,"Milwaukee Electric Tool Corporation, MILWAUKEE®, Cut-Off Disc, 49-94-0033",CUT OFF DISC,MILWAUKEE® 49-94-0033 Cut-Off Disc With 7 in,"MILWAUKEE® Cut-Off Disc, 7 in","Cut-Off Disc, 7 in",,Size: 7 in,,,,,,,,,,,,,,,,,,,,,,,,,Cut-Off Disc,Size,7 in,,,,,,,,,,,,,,,,,,,,,,,,,,,,,,,,,,,,,,,,,,,,,,,,,,,,,,,,,,,,,,,,,,,,,,,,,,,,,,,,,,,,,,,,,,,,,,,,,,,,,,,,,,,,,,,,,,,,,,,,,,,,,,,,,,,,,,,,,,,,,,,,,,,,,,,,,,,,,,,,,,,,,,,,MILWAUKEE_49-94-0033.jpg,MILWAUKEE_49-94-0033_1.jpg,MILWAUKEE_49-94-0033_2.jpg,MILWAUKEE_49-94-0033_3.jpg,MILWAUKEE_49-94-0033_4.jpg,,,,,MILWAUKEE_49-94-0033_Specification_Sheet.pdf,,,,,,,,,,,,,,,,,,
,,,,,,,Power Tools,Cutting & Abrasive Accessories,Cut-Off Discs,,49-94-0001,"49-94-0001 Milw 4""x.040""x5/8"" Metal Cut Off Disc",-- Unbranded --,-- No Unilog Brand --,-- No DIB Brand --,Milwaukee Accessory (4031),Milwaukee Electric Tool Corporation,MILWAUKEE®,,49-94-0001,,Building & Hardware>Power Tools>Accessories>Cut-Off Discs,"Milwaukee Electric Tool Corporation, MILWAUKEE®, Cut-Off Disc, 49-94-0001",CUT OFF DISC,MILWAUKEE® 49-94-0001 Cut-Off Disc With 4 in,"MILWAUKEE® Cut-Off Disc, 4 in","Cut-Off Disc, 4 in",,Size: 4 in,,,,,,,,,,,,,,,,,,,,,,,,,Cut-Off Disc,Size,4 in,,,,,,,,,,,,,,,,,,,,,,,,,,,,,,,,,,,,,,,,,,,,,,,,,,,,,,,,,,,,,,,,,,,,,,,,,,,,,,,,,,,,,,,,,,,,,,,,,,,,,,,,,,,,,,,,,,,,,,,,,,,,,,,,,,,,,,,,,,,,,,,,,,,,,,,,,,,,,,,,,,,,,,,,MILWAUKEE_49-94-0001.jpg,MILWAUKEE_49-94-0001_1.jpg,MILWAUKEE_49-94-0001_2.jpg,MILWAUKEE_49-94-0001_3.jpg,MILWAUKEE_49-94-0001_4.jpg,,,,,MILWAUKEE_49-94-0001_Specification_Sheet.pdf,,,,,,,,,,,,,,,,,,
,,,,,,,Power Tools,Cutting & Abrasive Accessories,Cut-Off Discs,,49-94-0039,"49-94-0039 Milw 7""x1/8""x5/8"" DKO Metal Cut Off Disc",-- Unbranded --,-- No Unilog Brand --,-- No DIB Brand --,Milwaukee Accessory (4031),Milwaukee Electric Tool Corporation,MILWAUKEE®,,49-94-0039,,Building & Hardware>Power Tools>Accessories>Cut-Off Discs,"Milwaukee Electric Tool Corporation, MILWAUKEE®, Cut-Off Disc, 49-94-0039",CUT OFF DISC,MILWAUKEE® 49-94-0039 Cut-Off Disc With 7 in,"MILWAUKEE® Cut-Off Disc, 7 in","Cut-Off Disc, 7 in",,Size: 7 in,,,,,,,,,,,,,,,,,,,,,,,,,Cut-Off Disc,Size,7 in,,,,,,,,,,,,,,,,,,,,,,,,,,,,,,,,,,,,,,,,,,,,,,,,,,,,,,,,,,,,,,,,,,,,,,,,,,,,,,,,,,,,,,,,,,,,,,,,,,,,,,,,,,,,,,,,,,,,,,,,,,,,,,,,,,,,,,,,,,,,,,,,,,,,,,,,,,,,,,,,,,,,,,,,MILWAUKEE_49-94-0039.jpg,MILWAUKEE_49-94-0039_1.jpg,MILWAUKEE_49-94-0039_2.jpg,MILWAUKEE_49-94-0039_3.jpg,MILWAUKEE_49-94-0039_4.jpg,,,,,MILWAUKEE_49-94-0039_Specification_Sheet.pdf,,,,,,,,,,,,,,,,,,
,,,,,,,Power Tools,Cutting & Abrasive Accessories,Cut-Off Discs,,49-94-0043,"49-94-0043 Milw 9""x3/32""x7/8"" Metal Cut Off Disc",-- Unbranded --,-- No Unilog Brand --,-- No DIB Brand --,Milwaukee Accessory (4031),Milwaukee Electric Tool Corporation,MILWAUKEE®,,49-94-0043,,Building & Hardware>Power Tools>Accessories>Cut-Off Discs,"Milwaukee Electric Tool Corporation, MILWAUKEE®, Cut-Off Disc, 49-94-0043",CUT OFF DISC,MILWAUKEE® 49-94-0043 Cut-Off Disc With 9 in,"MILWAUKEE® Cut-Off Disc, 9 in","Cut-Off Disc, 9 in",,Size: 9 in,,,,,,,,,,,,,,,,,,,,,,,,,Cut-Off Disc,Size,9 in,,,,,,,,,,,,,,,,,,,,,,,,,,,,,,,,,,,,,,,,,,,,,,,,,,,,,,,,,,,,,,,,,,,,,,,,,,,,,,,,,,,,,,,,,,,,,,,,,,,,,,,,,,,,,,,,,,,,,,,,,,,,,,,,,,,,,,,,,,,,,,,,,,,,,,,,,,,,,,,,,,,,,,,,MILWAUKEE_49-94-0043.jpg,MILWAUKEE_49-94-0043_1.jpg,MILWAUKEE_49-94-0043_2.jpg,MILWAUKEE_49-94-0043_3.jpg,MILWAUKEE_49-94-0043_4.jpg,,,,,MILWAUKEE_49-94-0043_Specification_Sheet.pdf,,,,,,,,,,,,,,,,,,
,,,,,,,Power Tools,Cutting & Abrasive Accessories,Cut-Off Discs,,49-94-0048,"49-94-0048 Milw 12""x7/64""x1"" Metal Cut Off Disc General Purpose",-- Unbranded --,-- No Unilog Brand --,-- No DIB Brand --,Milwaukee Accessory (4031),Milwaukee Electric Tool Corporation,MILWAUKEE®,,49-94-0048,,Building & Hardware>Power Tools>Accessories>Cut-Off Discs,"Milwaukee Electric Tool Corporation, MILWAUKEE®, Cut-Off Disc, 49-94-0048",CUT OFF DISC,MILWAUKEE® 49-94-0048 Cut-Off Disc With 12 in,"MILWAUKEE® Cut-Off Disc, 12 in","Cut-Off Disc, 12 in",,Size: 12 in,,,,,,,,,,,,,,,,,,,,,,,,,Cut-Off Disc,Size,12 in,,,,,,,,,,,,,,,,,,,,,,,,,,,,,,,,,,,,,,,,,,,,,,,,,,,,,,,,,,,,,,,,,,,,,,,,,,,,,,,,,,,,,,,,,,,,,,,,,,,,,,,,,,,,,,,,,,,,,,,,,,,,,,,,,,,,,,,,,,,,,,,,,,,,,,,,,,,,,,,,,,,,,,,,MILWAUKEE_49-94-0048.jpg,MILWAUKEE_49-94-0048_1.jpg,MILWAUKEE_49-94-0048_2.jpg,MILWAUKEE_49-94-0048_3.jpg,MILWAUKEE_49-94-0048_4.jpg,,,,,MILWAUKEE_49-94-0048_Specification_Sheet.pdf,,,,,,,,,,,,,,,,,,
,,,,,,,Power Tools,Cutting & Abrasive Accessories,Cut-Off Discs,,49-94-0053,"49-94-0053 Milw 12""x1/8""x1"" Metal Cut Off Disc",-- Unbranded --,-- No Unilog Brand --,-- No DIB Brand --,Milwaukee Accessory (4031),Milwaukee Electric Tool Corporation,MILWAUKEE®,,49-94-0053,,Building & Hardware>Power Tools>Accessories>Cut-Off Discs,"Milwaukee Electric Tool Corporation, MILWAUKEE®, Cut-Off Disc, 49-94-0053",CUT OFF DISC,MILWAUKEE® 49-94-0053 Cut-Off Disc With 12 in,"MILWAUKEE® Cut-Off Disc, 12 in","Cut-Off Disc, 12 in",,Size: 12 in,,,,,,,,,,,,,,,,,,,,,,,,,Cut-Off Disc,Size,12 in,,,,,,,,,,,,,,,,,,,,,,,,,,,,,,,,,,,,,,,,,,,,,,,,,,,,,,,,,,,,,,,,,,,,,,,,,,,,,,,,,,,,,,,,,,,,,,,,,,,,,,,,,,,,,,,,,,,,,,,,,,,,,,,,,,,,,,,,,,,,,,,,,,,,,,,,,,,,,,,,,,,,,,,,MILWAUKEE_49-94-0053.jpg,MILWAUKEE_49-94-0053_1.jpg,MILWAUKEE_49-94-0053_2.jpg,MILWAUKEE_49-94-0053_3.jpg,MILWAUKEE_49-94-0053_4.jpg,,,,,MILWAUKEE_49-94-0053_Specification_Sheet.pdf,,,,,,,,,,,,,,,,,,
,,,,,,,Power Tools,Cutting & Abrasive Accessories,Cut-Off Discs,,49-94-0058,"49-94-0058 Milw 12""x1/8""x20mm Metal Cut Off Disc",-- Unbranded --,-- No Unilog Brand --,-- No DIB Brand --,Milwaukee Accessory (4031),Milwaukee Electric Tool Corporation,MILWAUKEE®,,49-94-0058,,Building & Hardware>Power Tools>Accessories>Cut-Off Discs,"Milwaukee Electric Tool Corporation, MILWAUKEE®, Cut-Off Disc, 49-94-0058",CUT OFF DISC,MILWAUKEE® 49-94-0058 Cut-Off Disc With 12 in,"MILWAUKEE® Cut-Off Disc, 12 in","Cut-Off Disc, 12 in",,Size: 12 in,,,,,,,,,,,,,,,,,,,,,,,,,Cut-Off Disc,Size,12 in,,,,,,,,,,,,,,,,,,,,,,,,,,,,,,,,,,,,,,,,,,,,,,,,,,,,,,,,,,,,,,,,,,,,,,,,,,,,,,,,,,,,,,,,,,,,,,,,,,,,,,,,,,,,,,,,,,,,,,,,,,,,,,,,,,,,,,,,,,,,,,,,,,,,,,,,,,,,,,,,,,,,,,,,MILWAUKEE_49-94-0058.jpg,MILWAUKEE_49-94-0058_1.jpg,MILWAUKEE_49-94-0058_2.jpg,MILWAUKEE_49-94-0058_3.jpg,MILWAUKEE_49-94-0058_4.jpg,,,,,MILWAUKEE_49-94-0058_Specification_Sheet.pdf,,,,,,,,,,,,,,,,,,
,,,,,,,Power Tools,Cutting & Abrasive Accessories,Cut-Off Discs,,49-94-0063,"49-94-0063 Milw 14""x7/64""x1"" Metal Cut Off Disc General Purpose",-- Unbranded --,-- No Unilog Brand --,-- No DIB Brand --,Milwaukee Accessory (4031),Milwaukee Electric Tool Corporation,MILWAUKEE®,,49-94-0063,,Building & Hardware>Power Tools>Accessories>Cut-Off Discs,"Milwaukee Electric Tool Corporation, MILWAUKEE®, Cut-Off Disc, 49-94-0063",CUT OFF DISC,MILWAUKEE® 49-94-0063 Cut-Off Disc With 14 in,"MILWAUKEE® Cut-Off Disc, 14 in","Cut-Off Disc, 14 in",,Size: 14 in,,,,,,,,,,,,,,,,,,,,,,,,,Cut-Off Disc,Size,14 in,,,,,,,,,,,,,,,,,,,,,,,,,,,,,,,,,,,,,,,,,,,,,,,,,,,,,,,,,,,,,,,,,,,,,,,,,,,,,,,,,,,,,,,,,,,,,,,,,,,,,,,,,,,,,,,,,,,,,,,,,,,,,,,,,,,,,,,,,,,,,,,,,,,,,,,,,,,,,,,,,,,,,,,,MILWAUKEE_49-94-0063.jpg,MILWAUKEE_49-94-0063_1.jpg,MILWAUKEE_49-94-0063_2.jpg,MILWAUKEE_49-94-0063_3.jpg,MILWAUKEE_49-94-0063_4.jpg,,,,,MILWAUKEE_49-94-0063_Specification_Sheet.pdf,,,,,,,,,,,,,,,,,,
,,,,,,,Power Tools,Cutting & Abrasive Accessories,Cut-Off Discs,,49-94-0068,"49-94-0068 Milw 14""x1/8""x20mm Metal Cut Off Disc",-- Unbranded --,-- No Unilog Brand --,-- No DIB Brand --,Milwaukee Accessory (4031),Milwaukee Electric Tool Corporation,MILWAUKEE®,,49-94-0068,,Building & Hardware>Power Tools>Accessories>Cut-Off Discs,"Milwaukee Electric Tool Corporation, MILWAUKEE®, Cut-Off Disc, 49-94-0068",CUT OFF DISC,MILWAUKEE® 49-94-0068 Cut-Off Disc With 14 in,"MILWAUKEE® Cut-Off Disc, 14 in","Cut-Off Disc, 14 in",,Size: 14 in,,,,,,,,,,,,,,,,,,,,,,,,,Cut-Off Disc,Size,14 in,,,,,,,,,,,,,,,,,,,,,,,,,,,,,,,,,,,,,,,,,,,,,,,,,,,,,,,,,,,,,,,,,,,,,,,,,,,,,,,,,,,,,,,,,,,,,,,,,,,,,,,,,,,,,,,,,,,,,,,,,,,,,,,,,,,,,,,,,,,,,,,,,,,,,,,,,,,,,,,,,,,,,,,,MILWAUKEE_49-94-0068.jpg,MILWAUKEE_49-94-0068_1.jpg,MILWAUKEE_49-94-0068_2.jpg,MILWAUKEE_49-94-0068_3.jpg,MILWAUKEE_49-94-0068_4.jpg,,,,,MILWAUKEE_49-94-0068_Specification_Sheet.pdf,,,,,,,,,,,,,,,,,,
,,,,,,,Power Tools,Cutting & Abrasive Accessories,Cut-Off Discs,,49-94-0073,"49-94-0073 Milw 14""x1/8""x1"" Metal Cut Off Disc",-- Unbranded --,-- No Unilog Brand --,-- No DIB Brand --,Milwaukee Accessory (4031),Milwaukee Electric Tool Corporation,MILWAUKEE®,,49-94-0073,,Building & Hardware>Power Tools>Accessories>Cut-Off Discs,"Milwaukee Electric Tool Corporation, MILWAUKEE®, Cut-Off Disc, 49-94-0073",CUT OFF DISC,MILWAUKEE® 49-94-0073 Cut-Off Disc With 14 in,"MILWAUKEE® Cut-Off Disc, 14 in","Cut-Off Disc, 14 in",,Size: 14 in,,,,,,,,,,,,,,,,,,,,,,,,,Cut-Off Disc,Size,14 in,,,,,,,,,,,,,,,,,,,,,,,,,,,,,,,,,,,,,,,,,,,,,,,,,,,,,,,,,,,,,,,,,,,,,,,,,,,,,,,,,,,,,,,,,,,,,,,,,,,,,,,,,,,,,,,,,,,,,,,,,,,,,,,,,,,,,,,,,,,,,,,,,,,,,,,,,,,,,,,,,,,,,,,,MILWAUKEE_49-94-0073.jpg,MILWAUKEE_49-94-0073_1.jpg,MILWAUKEE_49-94-0073_2.jpg,MILWAUKEE_49-94-0073_3.jpg,MILWAUKEE_49-94-0073_4.jpg,,,,,MILWAUKEE_49-94-0073_Specification_Sheet.pdf,,,,,,,,,,,,,,,,,,
,,,,,,,Power Tools,Cutting & Abrasive Accessories,Cut-Off Discs,,49-94-0101,"49-94-0101 Milw 4-1/2""x.045""x7/8"" Perform+ Metal Cut Off Disc 10pc",-- Unbranded --,-- No Unilog Brand --,-- No DIB Brand --,Milwaukee Accessory (4031),Milwaukee Electric Tool Corporation,MILWAUKEE®,,49-94-0101,,Building & Hardware>Power Tools>Accessories>Cut-Off Discs,"Milwaukee Electric Tool Corporation, MILWAUKEE®, Cut-Off Disc, 49-94-0101",CUT OFF DISC,"MILWAUKEE® 49-94-0101 Cut-Off Disc With 4-1/2 in, 10 pc","MILWAUKEE® Cut-Off Disc, 4-1/2 in, 10 pc","Cut-Off Disc, 4-1/2 in, 10 pc",,Size: 4-1/2 in,Package Quantity: 10 pc,,,,,,,,,,,,,,,,,,,,,,,,Cut-Off Disc,Size,4-1/2 in,,Package Quantity,10,pc,,,,,,,,,,,,,,,,,,,,,,,,,,,,,,,,,,,,,,,,,,,,,,,,,,,,,,,,,,,,,,,,,,,,,,,,,,,,,,,,,,,,,,,,,,,,,,,,,,,,,,,,,,,,,,,,,,,,,,,,,,,,,,,,,,,,,,,,,,,,,,,,,,,,,,,,,,,,,,,,,,,,MILWAUKEE_49-94-0101.jpg,MILWAUKEE_49-94-0101_1.jpg,MILWAUKEE_49-94-0101_2.jpg,MILWAUKEE_49-94-0101_3.jpg,MILWAUKEE_49-94-0101_4.jpg,,,,,MILWAUKEE_49-94-0101_Specification_Sheet.pdf,,,,,,,,,,,,,,,,,,
,,,,,,,Power Tools,Cutting & Abrasive Accessories,Cut-Off Discs,,49-94-0107,"49-94-0107 Milw 4-1/2""x.045""x7/8"" Performance+ Metal Cut Off Disc",-- Unbranded --,-- No Unilog Brand --,-- No DIB Brand --,Milwaukee Accessory (4031),Milwaukee Electric Tool Corporation,MILWAUKEE®,,49-94-0107,,Building & Hardware>Power Tools>Accessories>Cut-Off Discs,"Milwaukee Electric Tool Corporation, MILWAUKEE®, Cut-Off Disc, 49-94-0107",CUT OFF DISC,MILWAUKEE® Performance 49-94-0107 Cut-Off Disc With 4-1/2 in,"MILWAUKEE® Cut-Off Disc, Performance, 4-1/2 in","Performance Cut-Off Disc, 4-1/2 in",,Series: Performance,Size: 4-1/2 in,,,,,,,,,,,,,,,,,,,,,,,,Cut-Off Disc,Series,Performance,,Size,4-1/2 in,,,,,,,,,,,,,,,,,,,,,,,,,,,,,,,,,,,,,,,,,,,,,,,,,,,,,,,,,,,,,,,,,,,,,,,,,,,,,,,,,,,,,,,,,,,,,,,,,,,,,,,,,,,,,,,,,,,,,,,,,,,,,,,,,,,,,,,,,,,,,,,,,,,,,,,,,,,,,,,,,,,,,MILWAUKEE_49-94-0107.jpg,MILWAUKEE_49-94-0107_1.jpg,MILWAUKEE_49-94-0107_2.jpg,MILWAUKEE_49-94-0107_3.jpg,MILWAUKEE_49-94-0107_4.jpg,,,,,MILWAUKEE_49-94-0107_Specification_Sheet.pdf,,,,,,,,,,,,,,,,,,
,,,,,,,Power Tools,Cutting & Abrasive Accessories,Cut-Off Discs,,49-94-0117,"49-94-0117 Milw 5""x.045""x7/8"" Performance+ Metal Cut Off Disc",-- Unbranded --,-- No Unilog Brand --,-- No DIB Brand --,Milwaukee Accessory (4031),Milwaukee Electric Tool Corporation,MILWAUKEE®,,49-94-0117,,Building & Hardware>Power Tools>Accessories>Cut-Off Discs,"Milwaukee Electric Tool Corporation, MILWAUKEE®, Cut-Off Disc, 49-94-0117",CUT OFF DISC,MILWAUKEE® Performance 49-94-0117 Cut-Off Disc With 5 in,"MILWAUKEE® Cut-Off Disc, Performance, 5 in","Performance Cut-Off Disc, 5 in",,Series: Performance,Size: 5 in,,,,,,,,,,,,,,,,,,,,,,,,Cut-Off Disc,Series,Performance,,Size,5 in,,,,,,,,,,,,,,,,,,,,,,,,,,,,,,,,,,,,,,,,,,,,,,,,,,,,,,,,,,,,,,,,,,,,,,,,,,,,,,,,,,,,,,,,,,,,,,,,,,,,,,,,,,,,,,,,,,,,,,,,,,,,,,,,,,,,,,,,,,,,,,,,,,,,,,,,,,,,,,,,,,,,,MILWAUKEE_49-94-0117.jpg,MILWAUKEE_49-94-0117_1.jpg,MILWAUKEE_49-94-0117_2.jpg,MILWAUKEE_49-94-0117_3.jpg,MILWAUKEE_49-94-0117_4.jpg,,,,,MILWAUKEE_49-94-0117_Specification_Sheet.pdf,,,,,,,,,,,,,,,,,,
,,,,,,,Power Tools,Cutting & Abrasive Accessories,Cut-Off Discs,,49-94-0123,"49-94-0123 Milw 6""x.045""x7/8"" Performance+ Metal Cut Off Disc",-- Unbranded --,-- No Unilog Brand --,-- No DIB Brand --,Milwaukee Accessory (4031),Milwaukee Electric Tool Corporation,MILWAUKEE®,,49-94-0123,,Building & Hardware>Power Tools>Accessories>Cut-Off Discs,"Milwaukee Electric Tool Corporation, MILWAUKEE®, Cut-Off Disc, 49-94-0123",CUT OFF DISC,MILWAUKEE® Performance 49-94-0123 Cut-Off Disc With 6 in,"MILWAUKEE® Cut-Off Disc, Performance, 6 in","Performance Cut-Off Disc, 6 in",,Series: Performance,Size: 6 in,,,,,,,,,,,,,,,,,,,,,,,,Cut-Off Disc,Series,Performance,,Size,6 in,,,,,,,,,,,,,,,,,,,,,,,,,,,,,,,,,,,,,,,,,,,,,,,,,,,,,,,,,,,,,,,,,,,,,,,,,,,,,,,,,,,,,,,,,,,,,,,,,,,,,,,,,,,,,,,,,,,,,,,,,,,,,,,,,,,,,,,,,,,,,,,,,,,,,,,,,,,,,,,,,,,,,MILWAUKEE_49-94-0123.jpg,MILWAUKEE_49-94-0123_1.jpg,MILWAUKEE_49-94-0123_2.jpg,MILWAUKEE_49-94-0123_3.jpg,MILWAUKEE_49-94-0123_4.jpg,,,,,MILWAUKEE_49-94-0123_Specification_Sheet.pdf,,,,,,,,,,,,,,,,,,
,,,,,,,Power Tools,Cutting & Abrasive Accessories,Cut-Off Discs,,49-94-0023,"49-94-0023 Milw 6""x.045""x7/8"" Metal Cut Off Disc",-- Unbranded --,-- No Unilog Brand --,-- No DIB Brand --,Milwaukee Accessory (4031),Milwaukee Electric Tool Corporation,MILWAUKEE®,,49-94-0023,,Building & Hardware>Power Tools>Accessories>Cut-Off Discs,"Milwaukee Electric Tool Corporation, MILWAUKEE®, Cut-Off Disc, 49-94-0023",CUT OFF DISC,MILWAUKEE® 49-94-0023 Cut-Off Disc With 6 in,"MILWAUKEE® Cut-Off Disc, 6 in","Cut-Off Disc, 6 in",,Size: 6 in,,,,,,,,,,,,,,,,,,,,,,,,,Cut-Off Disc,Size,6 in,,,,,,,,,,,,,,,,,,,,,,,,,,,,,,,,,,,,,,,,,,,,,,,,,,,,,,,,,,,,,,,,,,,,,,,,,,,,,,,,,,,,,,,,,,,,,,,,,,,,,,,,,,,,,,,,,,,,,,,,,,,,,,,,,,,,,,,,,,,,,,,,,,,,,,,,,,,,,,,,,,,,,,,,MILWAUKEE_49-94-0023.jpg,MILWAUKEE_49-94-0023_1.jpg,MILWAUKEE_49-94-0023_2.jpg,MILWAUKEE_49-94-0023_3.jpg,MILWAUKEE_49-94-0023_4.jpg,,,,,MILWAUKEE_49-94-0023_Specification_Sheet.pdf,,,,,,,,,,,,,,,,,,
,,,,,,,Power Tools,Cutting & Abrasive Accessories,Cut-Off Discs,,49-94-0121,"49-94-0121 Milw 6""x.045""x7/8"" Performance+ Metal Cut Off Disc 10pc",-- Unbranded --,-- No Unilog Brand --,-- No DIB Brand --,Milwaukee Accessory (4031),Milwaukee Electric Tool Corporation,MILWAUKEE®,,49-94-0121,,Building & Hardware>Power Tools>Accessories>Cut-Off Discs,"Milwaukee Electric Tool Corporation, MILWAUKEE®, Cut-Off Disc, 49-94-0121",CUT OFF DISC,"MILWAUKEE® Performance 49-94-0121 Cut-Off Disc With 6 in, 10 pc","MILWAUKEE® Cut-Off Disc, Performance, 6 in, 10 pc","Performance Cut-Off Disc, 6 in, 10 pc",,Series: Performance,Size: 6 in,Package Quantity: 10 pc,,,,,,,,,,,,,,,,,,,,,,,Cut-Off Disc,Series,Performance,,Size,6 in,,Package Quantity,10,pc,,,,,,,,,,,,,,,,,,,,,,,,,,,,,,,,,,,,,,,,,,,,,,,,,,,,,,,,,,,,,,,,,,,,,,,,,,,,,,,,,,,,,,,,,,,,,,,,,,,,,,,,,,,,,,,,,,,,,,,,,,,,,,,,,,,,,,,,,,,,,,,,,,,,,,,,,,,,,,,,,MILWAUKEE_49-94-0121.jpg,MILWAUKEE_49-94-0121_1.jpg,MILWAUKEE_49-94-0121_2.jpg,MILWAUKEE_49-94-0121_3.jpg,MILWAUKEE_49-94-0121_4.jpg,,,,,MILWAUKEE_49-94-0121_Specification_Sheet.pdf,,,,,,,,,,,,,,,,,,
,,,,,,,Power Tools,Cutting & Abrasive Accessories,Cut-Off Discs,,49-94-0127,"49-94-0127 Milw 6""x.045""x7/8"" Performance+Metal Cut Off Disc",-- Unbranded --,-- No Unilog Brand --,-- No DIB Brand --,Milwaukee Accessory (4031),Milwaukee Electric Tool Corporation,MILWAUKEE®,,49-94-0127,,Building & Hardware>Power Tools>Accessories>Cut-Off Discs,"Milwaukee Electric Tool Corporation, MILWAUKEE®, Cut-Off Disc, 49-94-0127",CUT OFF DISC,MILWAUKEE® Performance+ 49-94-0127 Cut-Off Disc With 6 in,"MILWAUKEE® Cut-Off Disc, Performance+, 6 in","Performance+ Cut-Off Disc, 6 in",,Series: Performance+,Size: 6 in,,,,,,,,,,,,,,,,,,,,,,,,Cut-Off Disc,Series,Performance+,,Size,6 in,,,,,,,,,,,,,,,,,,,,,,,,,,,,,,,,,,,,,,,,,,,,,,,,,,,,,,,,,,,,,,,,,,,,,,,,,,,,,,,,,,,,,,,,,,,,,,,,,,,,,,,,,,,,,,,,,,,,,,,,,,,,,,,,,,,,,,,,,,,,,,,,,,,,,,,,,,,,,,,,,,,,,MILWAUKEE_49-94-0127.jpg,MILWAUKEE_49-94-0127_1.jpg,MILWAUKEE_49-94-0127_2.jpg,MILWAUKEE_49-94-0127_3.jpg,MILWAUKEE_49-94-0127_4.jpg,,,,,MILWAUKEE_49-94-0127_Specification_Sheet.pdf,,,,,,,,,,,,,,,,,,
,,,,,,,Power Tools,Cutting & Abrasive Accessories,Cut-Off Discs,,49-94-0137,"49-94-0137 Milw 7""x3/32""x7/8"" Performance+ Metal Cut Off Disc",-- Unbranded --,-- No Unilog Brand --,-- No DIB Brand --,Milwaukee Accessory (4031),Milwaukee Electric Tool Corporation,MILWAUKEE®,,49-94-0137,,Building & Hardware>Power Tools>Accessories>Cut-Off Discs,"Milwaukee Electric Tool Corporation, MILWAUKEE®, Cut-Off Disc, 49-94-0137",CUT OFF DISC,MILWAUKEE® Performance 49-94-0137 Cut-Off Disc With 7 in,"MILWAUKEE® Cut-Off Disc, Performance, 7 in","Performance Cut-Off Disc, 7 in",,Series: Performance,Size: 7 in,,,,,,,,,,,,,,,,,,,,,,,,Cut-Off Disc,Series,Performance,,Size,7 in,,,,,,,,,,,,,,,,,,,,,,,,,,,,,,,,,,,,,,,,,,,,,,,,,,,,,,,,,,,,,,,,,,,,,,,,,,,,,,,,,,,,,,,,,,,,,,,,,,,,,,,,,,,,,,,,,,,,,,,,,,,,,,,,,,,,,,,,,,,,,,,,,,,,,,,,,,,,,,,,,,,,,MILWAUKEE_49-94-0137.jpg,MILWAUKEE_49-94-0137_1.jpg,MILWAUKEE_49-94-0137_2.jpg,MILWAUKEE_49-94-0137_3.jpg,MILWAUKEE_49-94-0137_4.jpg,,,,,MILWAUKEE_49-94-0137_Specification_Sheet.pdf,,,,,,,,,,,,,,,,,,
,,,,,,,Power Tools,Cutting & Abrasive Accessories,Cut-Off Discs,,49-94-0160,"49-94-0160 Milw 14""x7/64""x1"" Performance+ Metal Cut Off Disc",-- Unbranded --,-- No Unilog Brand --,-- No DIB Brand --,Milwaukee Accessory (4031),Milwaukee Electric Tool Corporation,MILWAUKEE®,,49-94-0160,,Building & Hardware>Power Tools>Accessories>Cut-Off Discs,"Milwaukee Electric Tool Corporation, MILWAUKEE®, Cut-Off Disc, 49-94-0160",CUT OFF DISC,MILWAUKEE® Performance 49-94-0160 Cut-Off Disc With 14 in,"MILWAUKEE® Cut-Off Disc, Performance, 14 in","Performance Cut-Off Disc, 14 in",,Series: Performance,Size: 14 in,,,,,,,,,,,,,,,,,,,,,,,,Cut-Off Disc,Series,Performance,,Size,14 in,,,,,,,,,,,,,,,,,,,,,,,,,,,,,,,,,,,,,,,,,,,,,,,,,,,,,,,,,,,,,,,,,,,,,,,,,,,,,,,,,,,,,,,,,,,,,,,,,,,,,,,,,,,,,,,,,,,,,,,,,,,,,,,,,,,,,,,,,,,,,,,,,,,,,,,,,,,,,,,,,,,,,MILWAUKEE_49-94-0160.jpg,MILWAUKEE_49-94-0160_1.jpg,MILWAUKEE_49-94-0160_2.jpg,MILWAUKEE_49-94-0160_3.jpg,MILWAUKEE_49-94-0160_4.jpg,,,,,MILWAUKEE_49-94-0160_Specification_Sheet.pdf,,,,,,,,,,,,,,,,,,
,,,,,,,Power Tools,Cutting & Abrasive Accessories,Cut-Off Discs,,49-94-0223,"49-94-0223 Milw 6""x.045""x7/8"" Ceramic+ Metal Cut Off Disc",-- Unbranded --,-- No Unilog Brand --,-- No DIB Brand --,Milwaukee Accessory (4031),Milwaukee Electric Tool Corporation,MILWAUKEE®,,49-94-0223,,Building & Hardware>Power Tools>Accessories>Cut-Off Discs,"Milwaukee Electric Tool Corporation, MILWAUKEE®, Cut-Off Disc, 49-94-0223",CUT OFF DISC,"MILWAUKEE® 49-94-0223 Cut-Off Disc With 6 in, Ceramic","MILWAUKEE® Cut-Off Disc, 6 in, Ceramic","Cut-Off Disc, 6 in, Ceramic",,Size: 6 in,Material: Ceramic,,,,,,,,,,,,,,,,,,,,,,,,Cut-Off Disc,Size,6 in,,Material,Ceramic,,,,,,,,,,,,,,,,,,,,,,,,,,,,,,,,,,,,,,,,,,,,,,,,,,,,,,,,,,,,,,,,,,,,,,,,,,,,,,,,,,,,,,,,,,,,,,,,,,,,,,,,,,,,,,,,,,,,,,,,,,,,,,,,,,,,,,,,,,,,,,,,,,,,,,,,,,,,,,,,,,,,,MILWAUKEE_49-94-0223.jpg,MILWAUKEE_49-94-0223_1.jpg,MILWAUKEE_49-94-0223_2.jpg,MILWAUKEE_49-94-0223_3.jpg,MILWAUKEE_49-94-0223_4.jpg,,,,,MILWAUKEE_49-94-0223_Specification_Sheet.pdf,,,,,,,,,,,,,,,,,,
,,,,,,,Power Tools,Cutting & Abrasive Accessories,Cut-Off Discs,,49-94-0445,"49-94-0445 Milw 10""x3/32""x5/8"" Performance+ Metal Cut Off Disc",-- Unbranded --,-- No Unilog Brand --,-- No DIB Brand --,Milwaukee Accessory (4031),Milwaukee Electric Tool Corporation,MILWAUKEE®,,49-94-0445,,Building & Hardware>Power Tools>Accessories>Cut-Off Discs,"Milwaukee Electric Tool Corporation, MILWAUKEE®, Cut-Off Disc, 49-94-0445",CUT OFF DISC,MILWAUKEE® Performance 49-94-0445 Cut-Off Disc With 10 in,"MILWAUKEE® Cut-Off Disc, Performance, 10 in","Performance Cut-Off Disc, 10 in",,Series: Performance,Size: 10 in,,,,,,,,,,,,,,,,,,,,,,,,Cut-Off Disc,Series,Performance,,Size,10 in,,,,,,,,,,,,,,,,,,,,,,,,,,,,,,,,,,,,,,,,,,,,,,,,,,,,,,,,,,,,,,,,,,,,,,,,,,,,,,,,,,,,,,,,,,,,,,,,,,,,,,,,,,,,,,,,,,,,,,,,,,,,,,,,,,,,,,,,,,,,,,,,,,,,,,,,,,,,,,,,,,,,,MILWAUKEE_49-94-0445.jpg,MILWAUKEE_49-94-0445_1.jpg,MILWAUKEE_49-94-0445_2.jpg,MILWAUKEE_49-94-0445_3.jpg,MILWAUKEE_49-94-0445_4.jpg,,,,,MILWAUKEE_49-94-0445_Specification_Sheet.pdf,,,,,,,,,,,,,,,,,,
,,,,,,,Power Tools,Power Tools,Angle Grinders,,49-94-0803,"49-94-0803 Milw 4-1/2""x1/8""x7/8"" Dual Metal Cut and Grind Disc",-- Unbranded --,-- No Unilog Brand --,-- No DIB Brand --,Milwaukee Accessory (4031),Milwaukee Electric Tool Corporation,MILWAUKEE®,,49-94-0803,,Building & Hardware>Power Tools>Grinders,"Milwaukee Electric Tool Corporation, MILWAUKEE®, Grinder, 49-94-0803",GRNDR,MILWAUKEE® 49-94-0803 Grinder With 4-1/2 in,"MILWAUKEE® Grinder, 4-1/2 in","Grinder, 4-1/2 in",,Size: 4-1/2 in,,,,,,,,,,,,,,,,,,,,,,,,,Grinder,Size,4-1/2 in,,,,,,,,,,,,,,,,,,,,,,,,,,,,,,,,,,,,,,,,,,,,,,,,,,,,,,,,,,,,,,,,,,,,,,,,,,,,,,,,,,,,,,,,,,,,,,,,,,,,,,,,,,,,,,,,,,,,,,,,,,,,,,,,,,,,,,,,,,,,,,,,,,,,,,,,,,,,,,,,,,,,,,,,MILWAUKEE_49-94-0803.jpg,MILWAUKEE_49-94-0803_1.jpg,MILWAUKEE_49-94-0803_2.jpg,MILWAUKEE_49-94-0803_3.jpg,MILWAUKEE_49-94-0803_4.jpg,,,,,MILWAUKEE_49-94-0803_Specification_Sheet.pdf,,,,,,,,,,,,,,,,,,
,,,,,,,Power Tools,Power Tools,Angle Grinders,,49-94-0903,"49-94-0903 Milw 4-1/2""x1/8""x7/8""Perform+Dual Metal Cut and Grind Disc",-- Unbranded --,-- No Unilog Brand --,-- No DIB Brand --,Milwaukee Accessory (4031),Milwaukee Electric Tool Corporation,MILWAUKEE®,,49-94-0903,,Building & Hardware>Power Tools>Grinders,"Milwaukee Electric Tool Corporation, MILWAUKEE®, Grinder, 49-94-0903",GRNDR,MILWAUKEE® 49-94-0903 Grinder With 4-1/2 in,"MILWAUKEE® Grinder, 4-1/2 in","Grinder, 4-1/2 in",,Size: 4-1/2 in,,,,,,,,,,,,,,,,,,,,,,,,,Grinder,Size,4-1/2 in,,,,,,,,,,,,,,,,,,,,,,,,,,,,,,,,,,,,,,,,,,,,,,,,,,,,,,,,,,,,,,,,,,,,,,,,,,,,,,,,,,,,,,,,,,,,,,,,,,,,,,,,,,,,,,,,,,,,,,,,,,,,,,,,,,,,,,,,,,,,,,,,,,,,,,,,,,,,,,,,,,,,,,,,MILWAUKEE_49-94-0903.jpg,MILWAUKEE_49-94-0903_1.jpg,MILWAUKEE_49-94-0903_2.jpg,MILWAUKEE_49-94-0903_3.jpg,MILWAUKEE_49-94-0903_4.jpg,,,,,MILWAUKEE_49-94-0903_Specification_Sheet.pdf,,,,,,,,,,,,,,,,,,
,,,,,,,Power Tools,Power Tools,Angle Grinders,,49-94-0907,"49-94-0907 Milw 4-1/2""x1/8""x5/8-11""Perform+Dual Metal Cut n Grind Disc",-- Unbranded --,-- No Unilog Brand --,-- No DIB Brand --,Milwaukee Accessory (4031),Milwaukee Electric Tool Corporation,MILWAUKEE®,,49-94-0907,,Building & Hardware>Power Tools>Grinders,"Milwaukee Electric Tool Corporation, MILWAUKEE®, Grinder, 49-94-0907",GRNDR,MILWAUKEE® 49-94-0907 Grinder With 4-1/2 in,"MILWAUKEE® Grinder, 4-1/2 in","Grinder, 4-1/2 in",,Size: 4-1/2 in,,,,,,,,,,,,,,,,,,,,,,,,,Grinder,Size,4-1/2 in,,,,,,,,,,,,,,,,,,,,,,,,,,,,,,,,,,,,,,,,,,,,,,,,,,,,,,,,,,,,,,,,,,,,,,,,,,,,,,,,,,,,,,,,,,,,,,,,,,,,,,,,,,,,,,,,,,,,,,,,,,,,,,,,,,,,,,,,,,,,,,,,,,,,,,,,,,,,,,,,,,,,,,,,MILWAUKEE_49-94-0907.jpg,MILWAUKEE_49-94-0907_1.jpg,MILWAUKEE_49-94-0907_2.jpg,MILWAUKEE_49-94-0907_3.jpg,MILWAUKEE_49-94-0907_4.jpg,,,,,MILWAUKEE_49-94-0907_Specification_Sheet.pdf,,,,,,,,,,,,,,,,,,
,,,,,,,Power Tools,Power Tools,Angle Grinders,,49-94-0923,"49-94-0923 Milw 6""x1/8""x7/8"" Perform+Dual Metal Cut and Grind Disc",-- Unbranded --,-- No Unilog Brand --,-- No DIB Brand --,Milwaukee Accessory (4031),Milwaukee Electric Tool Corporation,MILWAUKEE®,,49-94-0923,,Building & Hardware>Power Tools>Grinders,"Milwaukee Electric Tool Corporation, MILWAUKEE®, Grinder, 49-94-0923",GRNDR,MILWAUKEE® 49-94-0923 Grinder With 6 in,"MILWAUKEE® Grinder, 6 in","Grinder, 6 in",,Size: 6 in,,,,,,,,,,,,,,,,,,,,,,,,,Grinder,Size,6 in,,,,,,,,,,,,,,,,,,,,,,,,,,,,,,,,,,,,,,,,,,,,,,,,,,,,,,,,,,,,,,,,,,,,,,,,,,,,,,,,,,,,,,,,,,,,,,,,,,,,,,,,,,,,,,,,,,,,,,,,,,,,,,,,,,,,,,,,,,,,,,,,,,,,,,,,,,,,,,,,,,,,,,,,MILWAUKEE_49-94-0923.jpg,MILWAUKEE_49-94-0923_1.jpg,MILWAUKEE_49-94-0923_2.jpg,MILWAUKEE_49-94-0923_3.jpg,MILWAUKEE_49-94-0923_4.jpg,,,,,MILWAUKEE_49-94-0923_Specification_Sheet.pdf,,,,,,,,,,,,,,,,,,
,,,,,,,Power Tools,Cutting & Abrasive Accessories,Cut-Off Discs,,49-94-1900,"49-94-1900 Milw 4""x1/8""x5/8"" Masonry Cut Off Disc",-- Unbranded --,-- No Unilog Brand --,-- No DIB Brand --,Milwaukee Accessory (4031),Milwaukee Electric Tool Corporation,MILWAUKEE®,,49-94-1900,,Building & Hardware>Power Tools>Accessories>Cut-Off Discs,"Milwaukee Electric Tool Corporation, MILWAUKEE®, Cut-Off Disc, 49-94-1900",CUT OFF DISC,MILWAUKEE® 49-94-1900 Cut-Off Disc With 4 in,"MILWAUKEE® Cut-Off Disc, 4 in","Cut-Off Disc, 4 in",,Size: 4 in,,,,,,,,,,,,,,,,,,,,,,,,,Cut-Off Disc,Size,4 in,,,,,,,,,,,,,,,,,,,,,,,,,,,,,,,,,,,,,,,,,,,,,,,,,,,,,,,,,,,,,,,,,,,,,,,,,,,,,,,,,,,,,,,,,,,,,,,,,,,,,,,,,,,,,,,,,,,,,,,,,,,,,,,,,,,,,,,,,,,,,,,,,,,,,,,,,,,,,,,,,,,,,,,,MILWAUKEE_49-94-1900.jpg,MILWAUKEE_49-94-1900_1.jpg,MILWAUKEE_49-94-1900_2.jpg,MILWAUKEE_49-94-1900_3.jpg,MILWAUKEE_49-94-1900_4.jpg,,,,,MILWAUKEE_49-94-1900_Specification_Sheet.pdf,,,,,,,,,,,,,,,,,,
,,,,,,,Power Tools,Cutting & Abrasive Accessories,Cut-Off Discs,,49-94-1905,"49-94-1905 Milw 4-1/2""x1/8""x7/8"" Masonry Cut Off Disc",-- Unbranded --,-- No Unilog Brand --,-- No DIB Brand --,Milwaukee Accessory (4031),Milwaukee Electric Tool Corporation,MILWAUKEE®,,49-94-1905,,Building & Hardware>Power Tools>Accessories>Cut-Off Discs,"Milwaukee Electric Tool Corporation, MILWAUKEE®, Cut-Off Disc, 49-94-1905",CUT OFF DISC,MILWAUKEE® 49-94-1905 Cut-Off Disc With 4-1/2 in,"MILWAUKEE® Cut-Off Disc, 4-1/2 in","Cut-Off Disc, 4-1/2 in",,Size: 4-1/2 in,,,,,,,,,,,,,,,,,,,,,,,,,Cut-Off Disc,Size,4-1/2 in,,,,,,,,,,,,,,,,,,,,,,,,,,,,,,,,,,,,,,,,,,,,,,,,,,,,,,,,,,,,,,,,,,,,,,,,,,,,,,,,,,,,,,,,,,,,,,,,,,,,,,,,,,,,,,,,,,,,,,,,,,,,,,,,,,,,,,,,,,,,,,,,,,,,,,,,,,,,,,,,,,,,,,,,MILWAUKEE_49-94-1905.jpg,MILWAUKEE_49-94-1905_1.jpg,MILWAUKEE_49-94-1905_2.jpg,MILWAUKEE_49-94-1905_3.jpg,MILWAUKEE_49-94-1905_4.jpg,,,,,MILWAUKEE_49-94-1905_Specification_Sheet.pdf,,,,,,,,,,,,,,,,,,
,,,,,,,Power Tools,Cutting & Abrasive Accessories,Cut-Off Discs,,49-94-1915,"49-94-1915 Milw 6-1/2""x1/8""x5/8"" DKO Masonry Cut Off Disc",-- Unbranded --,-- No Unilog Brand --,-- No DIB Brand --,Milwaukee Accessory (4031),Milwaukee Electric Tool Corporation,MILWAUKEE®,,49-94-1915,,Building & Hardware>Power Tools>Accessories>Cut-Off Discs,"Milwaukee Electric Tool Corporation, MILWAUKEE®, Cut-Off Disc, 49-94-1915",CUT OFF DISC,MILWAUKEE® 49-94-1915 Cut-Off Disc With 6-1/2 in,"MILWAUKEE® Cut-Off Disc, 6-1/2 in","Cut-Off Disc, 6-1/2 in",,Size: 6-1/2 in,,,,,,,,,,,,,,,,,,,,,,,,,Cut-Off Disc,Size,6-1/2 in,,,,,,,,,,,,,,,,,,,,,,,,,,,,,,,,,,,,,,,,,,,,,,,,,,,,,,,,,,,,,,,,,,,,,,,,,,,,,,,,,,,,,,,,,,,,,,,,,,,,,,,,,,,,,,,,,,,,,,,,,,,,,,,,,,,,,,,,,,,,,,,,,,,,,,,,,,,,,,,,,,,,,,,,MILWAUKEE_49-94-1915.jpg,MILWAUKEE_49-94-1915_1.jpg,MILWAUKEE_49-94-1915_2.jpg,MILWAUKEE_49-94-1915_3.jpg,MILWAUKEE_49-94-1915_4.jpg,,,,,MILWAUKEE_49-94-1915_Specification_Sheet.pdf,,,,,,,,,,,,,,,,,,
,,,,,,,Power Tools,Cutting & Abrasive Accessories,Cut-Off Discs,,49-94-1920,"49-94-1920 Milw 7""x1/8""x5/8"" DKO Masonry Cut Off Disc",-- Unbranded --,-- No Unilog Brand --,-- No DIB Brand --,Milwaukee Accessory (4031),Milwaukee Electric Tool Corporation,MILWAUKEE®,,49-94-1920,,Building & Hardware>Power Tools>Accessories>Cut-Off Discs,"Milwaukee Electric Tool Corporation, MILWAUKEE®, Cut-Off Disc, 49-94-1920",CUT OFF DISC,MILWAUKEE® 49-94-1920 Cut-Off Disc With 7 in,"MILWAUKEE® Cut-Off Disc, 7 in","Cut-Off Disc, 7 in",,Size: 7 in,,,,,,,,,,,,,,,,,,,,,,,,,Cut-Off Disc,Size,7 in,,,,,,,,,,,,,,,,,,,,,,,,,,,,,,,,,,,,,,,,,,,,,,,,,,,,,,,,,,,,,,,,,,,,,,,,,,,,,,,,,,,,,,,,,,,,,,,,,,,,,,,,,,,,,,,,,,,,,,,,,,,,,,,,,,,,,,,,,,,,,,,,,,,,,,,,,,,,,,,,,,,,,,,,MILWAUKEE_49-94-1920.jpg,MILWAUKEE_49-94-1920_1.jpg,MILWAUKEE_49-94-1920_2.jpg,MILWAUKEE_49-94-1920_3.jpg,MILWAUKEE_49-94-1920_4.jpg,,,,,MILWAUKEE_49-94-1920_Specification_Sheet.pdf,,,,,,,,,,,,,,,,,,
,,,,,,,Power Tools,Cutting & Abrasive Accessories,Cut-Off Discs,,49-94-1925,"49-94-1925 Milw 10""x1/8""x5/8"" Masonry Cut Off Disc",-- Unbranded --,-- No Unilog Brand --,-- No DIB Brand --,Milwaukee Accessory (4031),Milwaukee Electric Tool Corporation,MILWAUKEE®,,49-94-1925,,Building & Hardware>Power Tools>Accessories>Cut-Off Discs,"Milwaukee Electric Tool Corporation, MILWAUKEE®, Cut-Off Disc, 49-94-1925",CUT OFF DISC,MILWAUKEE® 49-94-1925 Cut-Off Disc With 10 in,"MILWAUKEE® Cut-Off Disc, 10 in","Cut-Off Disc, 10 in",,Size: 10 in,,,,,,,,,,,,,,,,,,,,,,,,,Cut-Off Disc,Size,10 in,,,,,,,,,,,,,,,,,,,,,,,,,,,,,,,,,,,,,,,,,,,,,,,,,,,,,,,,,,,,,,,,,,,,,,,,,,,,,,,,,,,,,,,,,,,,,,,,,,,,,,,,,,,,,,,,,,,,,,,,,,,,,,,,,,,,,,,,,,,,,,,,,,,,,,,,,,,,,,,,,,,,,,,,MILWAUKEE_49-94-1925.jpg,MILWAUKEE_49-94-1925_1.jpg,MILWAUKEE_49-94-1925_2.jpg,MILWAUKEE_49-94-1925_3.jpg,MILWAUKEE_49-94-1925_4.jpg,,,,,MILWAUKEE_49-94-1925_Specification_Sheet.pdf,,,,,,,,,,,,,,,,,,
,,,,,,,Power Tools,Cutting & Abrasive Accessories,Cut-Off Discs,,49-94-1935,"49-94-1935 Milw 12""x1/8""x1"" Masonry Cut Off Disc",-- Unbranded --,-- No Unilog Brand --,-- No DIB Brand --,Milwaukee Accessory (4031),Milwaukee Electric Tool Corporation,MILWAUKEE®,,49-94-1935,,Building & Hardware>Power Tools>Accessories>Cut-Off Discs,"Milwaukee Electric Tool Corporation, MILWAUKEE®, Cut-Off Disc, 49-94-1935",CUT OFF DISC,MILWAUKEE® 49-94-1935 Cut-Off Disc With 12 in,"MILWAUKEE® Cut-Off Disc, 12 in","Cut-Off Disc, 12 in",,Size: 12 in,,,,,,,,,,,,,,,,,,,,,,,,,Cut-Off Disc,Size,12 in,,,,,,,,,,,,,,,,,,,,,,,,,,,,,,,,,,,,,,,,,,,,,,,,,,,,,,,,,,,,,,,,,,,,,,,,,,,,,,,,,,,,,,,,,,,,,,,,,,,,,,,,,,,,,,,,,,,,,,,,,,,,,,,,,,,,,,,,,,,,,,,,,,,,,,,,,,,,,,,,,,,,,,,,MILWAUKEE_49-94-1935.jpg,MILWAUKEE_49-94-1935_1.jpg,MILWAUKEE_49-94-1935_2.jpg,MILWAUKEE_49-94-1935_3.jpg,MILWAUKEE_49-94-1935_4.jpg,,,,,MILWAUKEE_49-94-1935_Specification_Sheet.pdf,,,,,,,,,,,,,,,,,,
,,,,,,,Power Tools,Cutting & Abrasive Accessories,Cut-Off Discs,,49-94-1940,"49-94-1940 Milw 14""x1/8""x1"" Masonry Cut Off Disc",-- Unbranded --,-- No Unilog Brand --,-- No DIB Brand --,Milwaukee Accessory (4031),Milwaukee Electric Tool Corporation,MILWAUKEE®,,49-94-1940,,Building & Hardware>Power Tools>Accessories>Cut-Off Discs,"Milwaukee Electric Tool Corporation, MILWAUKEE®, Cut-Off Disc, 49-94-1940",CUT OFF DISC,MILWAUKEE® 49-94-1940 Cut-Off Disc With 14 in,"MILWAUKEE® Cut-Off Disc, 14 in","Cut-Off Disc, 14 in",,Size: 14 in,,,,,,,,,,,,,,,,,,,,,,,,,Cut-Off Disc,Size,14 in,,,,,,,,,,,,,,,,,,,,,,,,,,,,,,,,,,,,,,,,,,,,,,,,,,,,,,,,,,,,,,,,,,,,,,,,,,,,,,,,,,,,,,,,,,,,,,,,,,,,,,,,,,,,,,,,,,,,,,,,,,,,,,,,,,,,,,,,,,,,,,,,,,,,,,,,,,,,,,,,,,,,,,,,MILWAUKEE_49-94-1940.jpg,MILWAUKEE_49-94-1940_1.jpg,MILWAUKEE_49-94-1940_2.jpg,MILWAUKEE_49-94-1940_3.jpg,MILWAUKEE_49-94-1940_4.jpg,,,,,MILWAUKEE_49-94-1940_Specification_Sheet.pdf,,,,,,,,,,,,,,,,,,
,,,,,,,Power Tools,Cutting & Abrasive Accessories,Grinding Wheels,,49-94-0501,"49-94-0501 Milw 4""x1/4""x5/8"" Metal Grinding Wheel",-- Unbranded --,-- No Unilog Brand --,-- No DIB Brand --,Milwaukee Accessory (4031),Milwaukee Electric Tool Corporation,MILWAUKEE®,,49-94-0501,,Building & Hardware>Power Tools>Accessories>Grinding Wheels,"Milwaukee Electric Tool Corporation, MILWAUKEE®, Grinding Wheel, 49-94-0501",GRIND WHL,MILWAUKEE® 49-94-0501 Grinding Wheel With 4 in,"MILWAUKEE® Grinding Wheel, 4 in","Grinding Wheel, 4 in",,Size: 4 in,,,,,,,,,,,,,,,,,,,,,,,,,Grinding Wheel,Size,4 in,,,,,,,,,,,,,,,,,,,,,,,,,,,,,,,,,,,,,,,,,,,,,,,,,,,,,,,,,,,,,,,,,,,,,,,,,,,,,,,,,,,,,,,,,,,,,,,,,,,,,,,,,,,,,,,,,,,,,,,,,,,,,,,,,,,,,,,,,,,,,,,,,,,,,,,,,,,,,,,,,,,,,,,,MILWAUKEE_49-94-0501.jpg,MILWAUKEE_49-94-0501_1.jpg,MILWAUKEE_49-94-0501_2.jpg,MILWAUKEE_49-94-0501_3.jpg,MILWAUKEE_49-94-0501_4.jpg,,,,,MILWAUKEE_49-94-0501_Specification_Sheet.pdf,,,,,,,,,,,,,,,,,,
,,,,,,,Power Tools,Cutting & Abrasive Accessories,Grinding Wheels,,49-94-0503,"49-94-0503 Milw 4-1/2""x1/4""x7/8"" Metal Grinding Wheel",-- Unbranded --,-- No Unilog Brand --,-- No DIB Brand --,Milwaukee Accessory (4031),Milwaukee Electric Tool Corporation,MILWAUKEE®,,49-94-0503,,Building & Hardware>Power Tools>Accessories>Grinding Wheels,"Milwaukee Electric Tool Corporation, MILWAUKEE®, Grinding Wheel, 49-94-0503",GRIND WHL,MILWAUKEE® 49-94-0503 Grinding Wheel With 4-1/2 in,"MILWAUKEE® Grinding Wheel, 4-1/2 in","Grinding Wheel, 4-1/2 in",,Size: 4-1/2 in,,,,,,,,,,,,,,,,,,,,,,,,,Grinding Wheel,Size,4-1/2 in,,,,,,,,,,,,,,,,,,,,,,,,,,,,,,,,,,,,,,,,,,,,,,,,,,,,,,,,,,,,,,,,,,,,,,,,,,,,,,,,,,,,,,,,,,,,,,,,,,,,,,,,,,,,,,,,,,,,,,,,,,,,,,,,,,,,,,,,,,,,,,,,,,,,,,,,,,,,,,,,,,,,,,,,MILWAUKEE_49-94-0503.jpg,MILWAUKEE_49-94-0503_1.jpg,MILWAUKEE_49-94-0503_2.jpg,MILWAUKEE_49-94-0503_3.jpg,MILWAUKEE_49-94-0503_4.jpg,,,,,MILWAUKEE_49-94-0503_Specification_Sheet.pdf,,,,,,,,,,,,,,,,,,
,,,,,,,Power Tools,Cutting & Abrasive Accessories,Grinding Wheels,,49-94-0523,"49-94-0523 Milw 6""x1/4""x7/8"" Metal Grinding Wheel",-- Unbranded --,-- No Unilog Brand --,-- No DIB Brand --,Milwaukee Accessory (4031),Milwaukee Electric Tool Corporation,MILWAUKEE®,,49-94-0523,,Building & Hardware>Power Tools>Accessories>Grinding Wheels,"Milwaukee Electric Tool Corporation, MILWAUKEE®, Grinding Wheel, 49-94-0523",GRIND WHL,MILWAUKEE® 49-94-0523 Grinding Wheel With 6 in,"MILWAUKEE® Grinding Wheel, 6 in","Grinding Wheel, 6 in",,Size: 6 in,,,,,,,,,,,,,,,,,,,,,,,,,Grinding Wheel,Size,6 in,,,,,,,,,,,,,,,,,,,,,,,,,,,,,,,,,,,,,,,,,,,,,,,,,,,,,,,,,,,,,,,,,,,,,,,,,,,,,,,,,,,,,,,,,,,,,,,,,,,,,,,,,,,,,,,,,,,,,,,,,,,,,,,,,,,,,,,,,,,,,,,,,,,,,,,,,,,,,,,,,,,,,,,,MILWAUKEE_49-94-0523.jpg,MILWAUKEE_49-94-0523_1.jpg,MILWAUKEE_49-94-0523_2.jpg,MILWAUKEE_49-94-0523_3.jpg,MILWAUKEE_49-94-0523_4.jpg,,,,,MILWAUKEE_49-94-0523_Specification_Sheet.pdf,,,,,,,,,,,,,,,,,,
,,,,,,,Power Tools,Cutting & Abrasive Accessories,Grinding Wheels,,49-94-1955,"49-94-1955 Milw 4-1/2""x1/4""x7/8"" Masonry Grinding Wheel",-- Unbranded --,-- No Unilog Brand --,-- No DIB Brand --,Milwaukee Accessory (4031),Milwaukee Electric Tool Corporation,MILWAUKEE®,,49-94-1955,,Building & Hardware>Power Tools>Accessories>Grinding Wheels,"Milwaukee Electric Tool Corporation, MILWAUKEE®, Grinding Wheel, 49-94-1955",GRIND WHL,MILWAUKEE® 49-94-1955 Grinding Wheel With 4-1/2 in,"MILWAUKEE® Grinding Wheel, 4-1/2 in","Grinding Wheel, 4-1/2 in",,Size: 4-1/2 in,,,,,,,,,,,,,,,,,,,,,,,,,Grinding Wheel,Size,4-1/2 in,,,,,,,,,,,,,,,,,,,,,,,,,,,,,,,,,,,,,,,,,,,,,,,,,,,,,,,,,,,,,,,,,,,,,,,,,,,,,,,,,,,,,,,,,,,,,,,,,,,,,,,,,,,,,,,,,,,,,,,,,,,,,,,,,,,,,,,,,,,,,,,,,,,,,,,,,,,,,,,,,,,,,,,,MILWAUKEE_49-94-1955.jpg,MILWAUKEE_49-94-1955_1.jpg,MILWAUKEE_49-94-1955_2.jpg,MILWAUKEE_49-94-1955_3.jpg,MILWAUKEE_49-94-1955_4.jpg,,,,,MILWAUKEE_49-94-1955_Specification_Sheet.pdf,,,,,,,,,,,,,,,,,,
,,,,,,,Power Tools,Cutting & Abrasive Accessories,Grinding Wheels,,49-94-1965,"49-94-1965 Milw 7""x1/4""x7/8"" Masonry Grinding Wheel",-- Unbranded --,-- No Unilog Brand --,-- No DIB Brand --,Milwaukee Accessory (4031),Milwaukee Electric Tool Corporation,MILWAUKEE®,,49-94-1965,,Building & Hardware>Power Tools>Accessories>Grinding Wheels,"Milwaukee Electric Tool Corporation, MILWAUKEE®, Grinding Wheel, 49-94-1965",GRIND WHL,MILWAUKEE® 49-94-1965 Grinding Wheel With 7 in,"MILWAUKEE® Grinding Wheel, 7 in","Grinding Wheel, 7 in",,Size: 7 in,,,,,,,,,,,,,,,,,,,,,,,,,Grinding Wheel,Size,7 in,,,,,,,,,,,,,,,,,,,,,,,,,,,,,,,,,,,,,,,,,,,,,,,,,,,,,,,,,,,,,,,,,,,,,,,,,,,,,,,,,,,,,,,,,,,,,,,,,,,,,,,,,,,,,,,,,,,,,,,,,,,,,,,,,,,,,,,,,,,,,,,,,,,,,,,,,,,,,,,,,,,,,,,,MILWAUKEE_49-94-1965.jpg,MILWAUKEE_49-94-1965_1.jpg,MILWAUKEE_49-94-1965_2.jpg,MILWAUKEE_49-94-1965_3.jpg,MILWAUKEE_49-94-1965_4.jpg,,,,,MILWAUKEE_49-94-1965_Specification_Sheet.pdf,,,,,,,,,,,,,,,,,,
,,,,,,,Power Tools,Cutting & Abrasive Accessories,Grinding Wheels,,49-94-0513,"49-94-0513 Milw 5""x1/4""x7/8"" Metal Grinding Wheel",-- Unbranded --,-- No Unilog Brand --,-- No DIB Brand --,Milwaukee Accessory (4031),Milwaukee Electric Tool Corporation,MILWAUKEE®,,49-94-0513,,Building & Hardware>Power Tools>Accessories>Grinding Wheels,"Milwaukee Electric Tool Corporation, MILWAUKEE®, Grinding Wheel, 49-94-0513",GRIND WHL,MILWAUKEE® 49-94-0513 Grinding Wheel With 5 in,"MILWAUKEE® Grinding Wheel, 5 in","Grinding Wheel, 5 in",,Size: 5 in,,,,,,,,,,,,,,,,,,,,,,,,,Grinding Wheel,Size,5 in,,,,,,,,,,,,,,,,,,,,,,,,,,,,,,,,,,,,,,,,,,,,,,,,,,,,,,,,,,,,,,,,,,,,,,,,,,,,,,,,,,,,,,,,,,,,,,,,,,,,,,,,,,,,,,,,,,,,,,,,,,,,,,,,,,,,,,,,,,,,,,,,,,,,,,,,,,,,,,,,,,,,,,,,MILWAUKEE_49-94-0513.jpg,MILWAUKEE_49-94-0513_1.jpg,MILWAUKEE_49-94-0513_2.jpg,MILWAUKEE_49-94-0513_3.jpg,MILWAUKEE_49-94-0513_4.jpg,,,,,MILWAUKEE_49-94-0513_Specification_Sheet.pdf,,,,,,,,,,,,,,,,,,
,,,,,,,Power Tools,Cutting & Abrasive Accessories,Grinding Wheels,,49-94-0533,"49-94-0533 Milw 7""x1/4""x7/8"" Metal Grinding Wheel",-- Unbranded --,-- No Unilog Brand --,-- No DIB Brand --,Milwaukee Accessory (4031),Milwaukee Electric Tool Corporation,MILWAUKEE®,,49-94-0533,,Building & Hardware>Power Tools>Accessories>Grinding Wheels,"Milwaukee Electric Tool Corporation, MILWAUKEE®, Grinding Wheel, 49-94-0533",GRIND WHL,MILWAUKEE® 49-94-0533 Grinding Wheel With 7 in,"MILWAUKEE® Grinding Wheel, 7 in","Grinding Wheel, 7 in",,Size: 7 in,,,,,,,,,,,,,,,,,,,,,,,,,Grinding Wheel,Size,7 in,,,,,,,,,,,,,,,,,,,,,,,,,,,,,,,,,,,,,,,,,,,,,,,,,,,,,,,,,,,,,,,,,,,,,,,,,,,,,,,,,,,,,,,,,,,,,,,,,,,,,,,,,,,,,,,,,,,,,,,,,,,,,,,,,,,,,,,,,,,,,,,,,,,,,,,,,,,,,,,,,,,,,,,,MILWAUKEE_49-94-0533.jpg,MILWAUKEE_49-94-0533_1.jpg,MILWAUKEE_49-94-0533_2.jpg,MILWAUKEE_49-94-0533_3.jpg,MILWAUKEE_49-94-0533_4.jpg,,,,,MILWAUKEE_49-94-0533_Specification_Sheet.pdf,,,,,,,,,,,,,,,,,,
,,,,,,,Power Tools,Cutting & Abrasive Accessories,Abrasive Sponges,,DFBLBLOMFN01G,DFBLBLOMFN01G Diablo 220 Grit - Flat Edge Sanding Sponge,-- Unbranded --,-- No Unilog Brand --,-- No DIB Brand --,Freud Inc (2435),Freud America Inc,Diablo,,DFBLBLOMFN01G,,Building & Hardware>Power Tools>Accessories>Abrasive Sponges,"Freud America Inc, Diablo, Abrasive Sponge, DFBLBLOMFN01G",ABRASIVE SPNG 220,Diablo DFBLBLOMFN01G Abrasive Sponge With 220,"Diablo Abrasive Sponge, 220","Abrasive Sponge, 220",,Abrasive Grit: 220,,,,,,,,,,,,,,,,,,,,,,,,,Abrasive Sponge,Abrasive Grit,220,,,,,,,,,,,,,,,,,,,,,,,,,,,,,,,,,,,,,,,,,,,,,,,,,,,,,,,,,,,,,,,,,,,,,,,,,,,,,,,,,,,,,,,,,,,,,,,,,,,,,,,,,,,,,,,,,,,,,,,,,,,,,,,,,,,,,,,,,,,,,,,,,,,,,,,,,,,,,,,,,,,,,,,,Diablo_DFBLBLOMFN01G.jpg,Diablo_DFBLBLOMFN01G_1.jpg,Diablo_DFBLBLOMFN01G_2.jpg,Diablo_DFBLBLOMFN01G_3.jpg,Diablo_DFBLBLOMFN01G_4.jpg,,,,,Diablo_DFBLBLOMFN01G_Specification_Sheet.pdf,,,,,,,,,,,,,,,,,,
,,,,,,,Electrical,Wiring,Electrical Tape,,1700-1PK-BB40,3/4x60' Vinyl Elect Tape,-- Unbranded --,-- No Unilog Brand --,3M,3 M Co (5293),3M Company,3M,,1700-1PK-BB40,,Electrical>Wiring & Cable>Tape & Marking,"3M Company, 3M, Electrical Tape, 1700-1PK-BB40",ELECTRICAL TPE VNL,"3M 1700-1PK-BB40 Electrical Tape With 3/4 in x 60 in, Vinyl","3M Electrical Tape, 3/4 in x 60 in, Vinyl","Electrical Tape, 3/4 in x 60 in, Vinyl",,Size: 3/4 in x 60 in,Material: Vinyl,,,,,,,,,,,,,,,,,,,,,,,,Electrical Tape,Size,3/4 in x 60 in,,Material,Vinyl,,,,,,,,,,,,,,,,,,,,,,,,,,,,,,,,,,,,,,,,,,,,,,,,,,,,,,,,,,,,,,,,,,,,,,,,,,,,,,,,,,,,,,,,,,,,,,,,,,,,,,,,,,,,,,,,,,,,,,,,,,,,,,,,,,,,,,,,,,,,,,,,,,,,,,,,,,,,,,,,,,,,,3M_1700-1PK-BB40.jpg,3M_1700-1PK-BB40_1.jpg,3M_1700-1PK-BB40_2.jpg,3M_1700-1PK-BB40_3.jpg,3M_1700-1PK-BB40_4.jpg,,,,,3M_1700-1PK-BB40_Specification_Sheet.pdf,,,,,,,,,,,,,,,,,,
,,,,,,,Building Materials,Roofing & Waterproofing,Tapes & Seals,,ASH-40-40-04,1.5x1.5x13' Legacy Emseal Tape,-- Unbranded --,-- No Unilog Brand --,-- No DIB Brand --,Emseal Joint Systems Ltd (EMSJO),EMS-CHEMIE (North America) Inc,Legacy,,ASH-40-40-04,,Building Materials>Roofing>Sealants & Tapes,"EMS-CHEMIE (North America) Inc, Legacy, Construction Tape, Legacy, ASH-40-40-04",CONST TPE,Legacy Legacy ASH-40-40-04 Construction Tape With .5 in x 1 in,"Legacy Construction Tape, Legacy, .5 in x 1 in","Legacy Construction Tape, .5 in x 1 in",,Series: Legacy,Size: .5 in x 1 in,,,,,,,,,,,,,,,,,,,,,,,,Construction Tape,Series,Legacy,,Size,.5 in x 1 in,,,,,,,,,,,,,,,,,,,,,,,,,,,,,,,,,,,,,,,,,,,,,,,,,,,,,,,,,,,,,,,,,,,,,,,,,,,,,,,,,,,,,,,,,,,,,,,,,,,,,,,,,,,,,,,,,,,,,,,,,,,,,,,,,,,,,,,,,,,,,,,,,,,,,,,,,,,,,,,,,,,,,Legacy_ASH-40-40-04.jpg,Legacy_ASH-40-40-04_1.jpg,Legacy_ASH-40-40-04_2.jpg,Legacy_ASH-40-40-04_3.jpg,Legacy_ASH-40-40-04_4.jpg,,,,,Legacy_ASH-40-40-04_Specification_Sheet.pdf,,,,,,,,,,,,,,,,,,
,,,,,,,Appliances,Large Appliances,Dishwashers,,KDFM404KPS,KDFM404KPS Dishwasher SS,-- Unbranded --,-- No Unilog Brand --,-- No DIB Brand --,Appliance Dealers Cooperative (APPDE),Whirlpool Corporation,KitchenAid,,KDFM404KPS,,Appliances & Consumer Electronics>Kitchen Appliances>Built-In Dishwashers,"Whirlpool Corporation, KitchenAid, Dishwasher, KDFM404KPS",DISHWASHER SST,KitchenAid KDFM404KPS Dishwasher With Stainless Steel,"KitchenAid Dishwasher, Stainless Steel","Dishwasher, Stainless Steel",,Material: Stainless Steel,Color: Stainless Steel,Finish: Stainless Steel,,,,,,,,,,,,,,,,,,,,,,,Dishwasher,Series,,,Model,,,Number of Wash Cycles,,,Voltage Rating,,,Amperage Rating,,,Mounting Type,,,Plug Type,,,Size,,,Depth With Door Open,,,Minimum Height,,,Maximum Height,,,Sound Level,,,Material,Stainless Steel,,Color,Stainless Steel,,Additional Information,,,,,,,,,,,,,,,,,,,,,,,,,,,,,,,,,,,,,,,,,,,,,,,,,,,,,,,,,,,,,,,,,,,,,,,,,,,,,,,,,,,,,,,,,,,,,,,,,,,,,,,,,,,,,,,,,,,,,,,,,,,,,,,KitchenAid_KDFM404KPS.jpg,KitchenAid_KDFM404KPS_1.jpg,KitchenAid_KDFM404KPS_2.jpg,KitchenAid_KDFM404KPS_3.jpg,KitchenAid_KDFM404KPS_4.jpg,,,,,KitchenAid_KDFM404KPS_Specification_Sheet.pdf,,,,,,,,,,,,,,,,,,
,,,,,,,Appliances,Large Appliances,Dishwashers,,PDSH4816AF,PDSH4816AF Dishwasher SS - Display Only,-- Unbranded --,-- No Unilog Brand --,-- No DIB Brand --,Appliance Dealers Cooperative (APPDE),Electrolux Home Products Inc,FRIGIDAIRE®,,PDSH4816AF,,Appliances & Consumer Electronics>Kitchen Appliances>Built-In Dishwashers,"Electrolux Home Products Inc, FRIGIDAIRE®, Dishwasher, PDSH4816AF",DISHWASHER SST,FRIGIDAIRE® PDSH4816AF Dishwasher With Stainless Steel,"FRIGIDAIRE® Dishwasher, Stainless Steel","Dishwasher, Stainless Steel",,Material: Stainless Steel,Finish: Stainless Steel,,,,,,,,,,,,,,,,,,,,,,,,Dishwasher,Series,,,Model,,,Number of Wash Cycles,,,Voltage Rating,,,Amperage Rating,,,Mounting Type,,,Plug Type,,,Size,,,Depth With Door Open,,,Minimum Height,,,Maximum Height,,,Sound Level,,,Material,Stainless Steel,,Color,,,Additional Information,,,,,,,,,,,,,,,,,,,,,,,,,,,,,,,,,,,,,,,,,,,,,,,,,,,,,,,,,,,,,,,,,,,,,,,,,,,,,,,,,,,,,,,,,,,,,,,,,,,,,,,,,,,,,,,,,,,,,,,,,,,,,,,FRIGIDAIRE_PDSH4816AF.jpg,FRIGIDAIRE_PDSH4816AF_1.jpg,FRIGIDAIRE_PDSH4816AF_2.jpg,FRIGIDAIRE_PDSH4816AF_3.jpg,FRIGIDAIRE_PDSH4816AF_4.jpg,,,,,FRIGIDAIRE_PDSH4816AF_Specification_Sheet.pdf,,,,,,,,,,,,,,,,,,
,,,,,,,Appliances,Large Appliances,Dishwashers,,PDT715SYVFS,PDT715SYVFS Ge Dishwasher SS,-- Unbranded --,-- No Unilog Brand --,-- No DIB Brand --,Appliance Dealers Cooperative (APPDE),GE Appliances (Haier),GE,,PDT715SYVFS,,Appliances & Consumer Electronics>Kitchen Appliances>Built-In Dishwashers,"GE Appliances (Haier), GE, Dishwasher, PDT715SYVFS",DISHWASHER SST,GE PDT715SYVFS Dishwasher With Stainless Steel,"GE Dishwasher, Stainless Steel","Dishwasher, Stainless Steel",,Material: Stainless Steel,Color: Stainless Steel,Finish: Stainless Steel,,,,,,,,,,,,,,,,,,,,,,,Dishwasher,Series,,,Model,,,Number of Wash Cycles,,,Voltage Rating,,,Amperage Rating,,,Mounting Type,,,Plug Type,,,Size,,,Depth With Door Open,,,Minimum Height,,,Maximum Height,,,Sound Level,,,Material,Stainless Steel,,Color,Stainless Steel,,Additional Information,,,,,,,,,,,,,,,,,,,,,,,,,,,,,,,,,,,,,,,,,,,,,,,,,,,,,,,,,,,,,,,,,,,,,,,,,,,,,,,,,,,,,,,,,,,,,,,,,,,,,,,,,,,,,,,,,,,,,,,,,,,,,,,GE_PDT715SYVFS.jpg,GE_PDT715SYVFS_1.jpg,GE_PDT715SYVFS_2.jpg,GE_PDT715SYVFS_3.jpg,GE_PDT715SYVFS_4.jpg,,,,,GE_PDT715SYVFS_Specification_Sheet.pdf,,,,,,,,,,,,,,,,,,
,,,,,,,Appliances,Large Appliances,Dishwashers,,LDPH5554D,LDPH5554D LG Dishwasher BSS,-- Unbranded --,-- No Unilog Brand --,-- No DIB Brand --,Appliance Dealers Cooperative (APPDE),LG Electronics USA Inc,LG,,LDPH5554D,,Appliances & Consumer Electronics>Kitchen Appliances>Built-In Dishwashers,"LG Electronics USA Inc, LG, Dishwasher, LDPH5554D",DISHWASHER,LG LDPH5554D Dishwasher With Black Stainless Steel,"LG Dishwasher, Black Stainless Steel","Dishwasher, Black Stainless Steel",,Color: Black Stainless Steel,Finish: Black Stainless Steel,,,,,,,,,,,,,,,,,,,,,,,,Dishwasher,Series,,,Model,,,Number of Wash Cycles,,,Voltage Rating,,,Amperage Rating,,,Mounting Type,,,Plug Type,,,Size,,,Depth With Door Open,,,Minimum Height,,,Maximum Height,,,Sound Level,,,Material,,,Color,Black Stainless Steel,,Additional Information,,,,,,,,,,,,,,,,,,,,,,,,,,,,,,,,,,,,,,,,,,,,,,,,,,,,,,,,,,,,,,,,,,,,,,,,,,,,,,,,,,,,,,,,,,,,,,,,,,,,,,,,,,,,,,,,,,,,,,,,,,,,,,,LG_LDPH5554D.jpg,LG_LDPH5554D_1.jpg,LG_LDPH5554D_2.jpg,LG_LDPH5554D_3.jpg,LG_LDPH5554D_4.jpg,,,,,LG_LDPH5554D_Specification_Sheet.pdf,,,,,,,,,,,,,,,,,,
,,,,,,,Appliances,Large Appliances,Dishwashers,,WDTS7024RZ,WDTS7024RZ Dishwasher SS - Display Only,-- Unbranded --,-- No Unilog Brand --,-- No DIB Brand --,Appliance Dealers Cooperative (APPDE),Whirlpool Corporation,Whirlpool®,,WDTS7024RZ,,Appliances & Consumer Electronics>Kitchen Appliances>Built-In Dishwashers,"Whirlpool Corporation, Whirlpool®, Dishwasher, WDTS7024RZ",DISHWASHER SST,Whirlpool® WDTS7024RZ Dishwasher With Stainless Steel,"Whirlpool® Dishwasher, Stainless Steel","Dishwasher, Stainless Steel",,Material: Stainless Steel,Finish: Stainless Steel,,,,,,,,,,,,,,,,,,,,,,,,Dishwasher,Series,,,Model,,,Number of Wash Cycles,,,Voltage Rating,,,Amperage Rating,,,Mounting Type,,,Plug Type,,,Size,,,Depth With Door Open,,,Minimum Height,,,Maximum Height,,,Sound Level,,,Material,Stainless Steel,,Color,,,Additional Information,,,,,,,,,,,,,,,,,,,,,,,,,,,,,,,,,,,,,,,,,,,,,,,,,,,,,,,,,,,,,,,,,,,,,,,,,,,,,,,,,,,,,,,,,,,,,,,,,,,,,,,,,,,,,,,,,,,,,,,,,,,,,,,Whirlpool_WDTS7024RZ.jpg,Whirlpool_WDTS7024RZ_1.jpg,Whirlpool_WDTS7024RZ_2.jpg,Whirlpool_WDTS7024RZ_3.jpg,Whirlpool_WDTS7024RZ_4.jpg,,,,,Whirlpool_WDTS7024RZ_Specification_Sheet.pdf,,,,,,,,,,,,,,,,,,
,,,,,,,Appliances,Large Appliances,Dishwashers,,PDD415PYYFS,PDD415PYYFS GE Dishwasher SS,-- Unbranded --,-- No Unilog Brand --,-- No DIB Brand --,Appliance Dealers Cooperative (APPDE),GE Appliances (Haier),GE,,PDD415PYYFS,,Appliances & Consumer Electronics>Kitchen Appliances>Built-In Dishwashers,"GE Appliances (Haier), GE, Dishwasher, PDD415PYYFS",DISHWASHER SST,GE PDD415PYYFS Dishwasher With Stainless Steel,"GE Dishwasher, Stainless Steel","Dishwasher, Stainless Steel",,Material: Stainless Steel,Color: Stainless Steel,Finish: Stainless Steel,,,,,,,,,,,,,,,,,,,,,,,Dishwasher,Series,,,Model,,,Number of Wash Cycles,,,Voltage Rating,,,Amperage Rating,,,Mounting Type,,,Plug Type,,,Size,,,Depth With Door Open,,,Minimum Height,,,Maximum Height,,,Sound Level,,,Material,Stainless Steel,,Color,Stainless Steel,,Additional Information,,,,,,,,,,,,,,,,,,,,,,,,,,,,,,,,,,,,,,,,,,,,,,,,,,,,,,,,,,,,,,,,,,,,,,,,,,,,,,,,,,,,,,,,,,,,,,,,,,,,,,,,,,,,,,,,,,,,,,,,,,,,,,,GE_PDD415PYYFS.jpg,GE_PDD415PYYFS_1.jpg,GE_PDD415PYYFS_2.jpg,GE_PDD415PYYFS_3.jpg,GE_PDD415PYYFS_4.jpg,,,,,GE_PDD415PYYFS_Specification_Sheet.pdf,,,,,,,,,,,,,,,,,,
,,,,,,,Appliances,Large Appliances,Dishwashers,,KDTS424SBE,KDTS424SBE Kitchen Aid Dishwasher Bk,-- Unbranded --,-- No Unilog Brand --,-- No DIB Brand --,Appliance Dealers Cooperative (APPDE),Whirlpool Corporation,KitchenAid,,KDTS424SBE,,Appliances & Consumer Electronics>Kitchen Appliances>Built-In Dishwashers,"Whirlpool Corporation, KitchenAid, Dishwasher, KDTS424SBE",DISHWASHER,KitchenAid KDTS424SBE Dishwasher With Black,"KitchenAid Dishwasher, Black","Dishwasher, Black",,Color: Black,Finish: Black,,,,,,,,,,,,,,,,,,,,,,,,Dishwasher,Series,,,Model,,,Number of Wash Cycles,,,Voltage Rating,,,Amperage Rating,,,Mounting Type,,,Plug Type,,,Size,,,Depth With Door Open,,,Minimum Height,,,Maximum Height,,,Sound Level,,,Material,,,Color,Black,,Additional Information,,,,,,,,,,,,,,,,,,,,,,,,,,,,,,,,,,,,,,,,,,,,,,,,,,,,,,,,,,,,,,,,,,,,,,,,,,,,,,,,,,,,,,,,,,,,,,,,,,,,,,,,,,,,,,,,,,,,,,,,,,,,,,,KitchenAid_KDTS424SBE.jpg,KitchenAid_KDTS424SBE_1.jpg,KitchenAid_KDTS424SBE_2.jpg,KitchenAid_KDTS424SBE_3.jpg,KitchenAid_KDTS424SBE_4.jpg,,,,,KitchenAid_KDTS424SBE_Specification_Sheet.pdf,,,,,,,,,,,,,,,,,,
,,,,,,,Appliances,Large Appliances,Dishwashers,,KDTS324SPS,KDTS324SPS Kitchen Aid Dishwasher SS,-- Unbranded --,-- No Unilog Brand --,-- No DIB Brand --,Appliance Dealers Cooperative (APPDE),Whirlpool Corporation,KitchenAid,,KDTS324SPS,,Appliances & Consumer Electronics>Kitchen Appliances>Built-In Dishwashers,"Whirlpool Corporation, KitchenAid, Dishwasher, KDTS324SPS",DISHWASHER SST,KitchenAid KDTS324SPS Dishwasher With Stainless Steel,"KitchenAid Dishwasher, Stainless Steel","Dishwasher, Stainless Steel",,Material: Stainless Steel,Color: Stainless Steel,Finish: Stainless Steel,,,,,,,,,,,,,,,,,,,,,,,Dishwasher,Series,,,Model,,,Number of Wash Cycles,,,Voltage Rating,,,Amperage Rating,,,Mounting Type,,,Plug Type,,,Size,,,Depth With Door Open,,,Minimum Height,,,Maximum Height,,,Sound Level,,,Material,Stainless Steel,,Color,Stainless Steel,,Additional Information,,,,,,,,,,,,,,,,,,,,,,,,,,,,,,,,,,,,,,,,,,,,,,,,,,,,,,,,,,,,,,,,,,,,,,,,,,,,,,,,,,,,,,,,,,,,,,,,,,,,,,,,,,,,,,,,,,,,,,,,,,,,,,,KitchenAid_KDTS324SPS.jpg,KitchenAid_KDTS324SPS_1.jpg,KitchenAid_KDTS324SPS_2.jpg,KitchenAid_KDTS324SPS_3.jpg,KitchenAid_KDTS324SPS_4.jpg,,,,,KitchenAid_KDTS324SPS_Specification_Sheet.pdf,,,,,,,,,,,,,,,,,,
,,,,,,,Appliances,Large Appliances,Dishwashers,,KDPS624SJP,KDPS624SJP Dishwasher Juniper - Display Only,-- Unbranded --,-- No Unilog Brand --,-- No DIB Brand --,Appliance Dealers Cooperative (APPDE),Whirlpool Corporation,KitchenAid,,KDPS624SJP,,Appliances & Consumer Electronics>Kitchen Appliances>Built-In Dishwashers,"Whirlpool Corporation, KitchenAid, Dishwasher, KDPS624SJP",DISHWASHER,KitchenAid KDPS624SJP Dishwasher With Juniper,"KitchenAid Dishwasher, Juniper","Dishwasher, Juniper",,Color: Juniper,,,,,,,,,,,,,,,,,,,,,,,,,Dishwasher,Series,,,Model,,,Number of Wash Cycles,,,Voltage Rating,,,Amperage Rating,,,Mounting Type,,,Plug Type,,,Size,,,Depth With Door Open,,,Minimum Height,,,Maximum Height,,,Sound Level,,,Material,,,Color,Juniper,,Additional Information,,,,,,,,,,,,,,,,,,,,,,,,,,,,,,,,,,,,,,,,,,,,,,,,,,,,,,,,,,,,,,,,,,,,,,,,,,,,,,,,,,,,,,,,,,,,,,,,,,,,,,,,,,,,,,,,,,,,,,,,,,,,,,,KitchenAid_KDPS624SJP.jpg,KitchenAid_KDPS624SJP_1.jpg,KitchenAid_KDPS624SJP_2.jpg,KitchenAid_KDPS624SJP_3.jpg,KitchenAid_KDPS624SJP_4.jpg,,,,,KitchenAid_KDPS624SJP_Specification_Sheet.pdf,,,,,,,,,,,,,,,,,,
,,,,,,,Appliances,Large Appliances,Dishwashers,,KDTS624SBE,KDTS624SBE Dishwasher BO Display Only,-- Unbranded --,-- No Unilog Brand --,-- No DIB Brand --,Appliance Dealers Cooperative (APPDE),Whirlpool Corporation,KitchenAid,,KDTS624SBE,,Appliances & Consumer Electronics>Kitchen Appliances>Built-In Dishwashers,"Whirlpool Corporation, KitchenAid, Dishwasher, KDTS624SBE",DISHWASHER,KitchenAid KDTS624SBE Dishwasher With Black,"KitchenAid Dishwasher, Black","Dishwasher, Black",,Finish: Black,,,,,,,,,,,,,,,,,,,,,,,,,Dishwasher,Series,,,Model,,,Number of Wash Cycles,,,Voltage Rating,,,Amperage Rating,,,Mounting Type,,,Plug Type,,,Size,,,Depth With Door Open,,,Minimum Height,,,Maximum Height,,,Sound Level,,,Material,,,Color,,,Additional Information,,,,,,,,,,,,,,,,,,,,,,,,,,,,,,,,,,,,,,,,,,,,,,,,,,,,,,,,,,,,,,,,,,,,,,,,,,,,,,,,,,,,,,,,,,,,,,,,,,,,,,,,,,,,,,,,,,,,,,,,,,,,,,,KitchenAid_KDTS624SBE.jpg,KitchenAid_KDTS624SBE_1.jpg,KitchenAid_KDTS624SBE_2.jpg,KitchenAid_KDTS624SBE_3.jpg,KitchenAid_KDTS624SBE_4.jpg,,,,,KitchenAid_KDTS624SBE_Specification_Sheet.pdf,,,,,,,,,,,,,,,,,,
,,,,,,,Appliances,Parts & Accessories,Appliance Parts,,D519127,D519127 Heater Kit,-- Unbranded --,-- No Unilog Brand --,-- No DIB Brand --,V & V Appliance Parts Inc (VVAPP),V & V Appliance Parts Inc,,,D519127,,Appliances & Consumer Electronics>Parts & Accessories>Heating Elements,"V & V Appliance Parts Inc, Appliance Part, D519127",APPLIANCE PART,D519127 Appliance Part,Appliance Part,Appliance Part,,,,,,,,,,,,,,,,,,,,,,,,,,,Appliance Part,,,,,,,,,,,,,,,,,,,,,,,,,,,,,,,,,,,,,,,,,,,,,,,,,,,,,,,,,,,,,,,,,,,,,,,,,,,,,,,,,,,,,,,,,,,,,,,,,,,,,,,,,,,,,,,,,,,,,,,,,,,,,,,,,,,,,,,,,,,,,,,,,,,,,,,,,,,,,,,,,,,,,,,,,,,,,,,,,,,,,,,,,,,,,,,,,,,,,
,,,,,,,Appliances,Large Appliances,Dryers,,DF7004WE,DF7004WE Speed Queen Elect Dryer Wh,-- Unbranded --,-- No Unilog Brand --,-- No DIB Brand --,Appliance Dealers Cooperative (APPDE),Alliance Laundry Systems LLC,Speed Queen,,DF7004WE,,Appliances & Consumer Electronics>Laundry Appliances>Dryers,"Alliance Laundry Systems LLC, Speed Queen, Dryer, DF7004WE",DRYER,Speed Queen DF7004WE Dryer With White,"Speed Queen Dryer, White","Dryer, White",,Color: White,Finish: White,,,,,,,,,,,,,,,,,,,,,,,,Dryer,Color,White,,Finish,White,,,,,,,,,,,,,,,,,,,,,,,,,,,,,,,,,,,,,,,,,,,,,,,,,,,,,,,,,,,,,,,,,,,,,,,,,,,,,,,,,,,,,,,,,,,,,,,,,,,,,,,,,,,,,,,,,,,,,,,,,,,,,,,,,,,,,,,,,,,,,,,,,,,,,,,,,,,,,,,,,,,,,SpeedQueen_DF7004WE.jpg,SpeedQueen_DF7004WE_1.jpg,SpeedQueen_DF7004WE_2.jpg,SpeedQueen_DF7004WE_3.jpg,SpeedQueen_DF7004WE_4.jpg,,,,,SpeedQueen_DF7004WE_Specification_Sheet.pdf,,,,,,,,,,,,,,,,,,
,,,,,,,Appliances,Large Appliances,Dryers,,DR7004BE,DR7004BE SQ Elect Dryer Bk,-- Unbranded --,-- No Unilog Brand --,-- No DIB Brand --,Appliance Dealers Cooperative (APPDE),Alliance Laundry Systems LLC,Speed Queen,,DR7004BE,,Appliances & Consumer Electronics>Laundry Appliances>Dryers,"Alliance Laundry Systems LLC, Speed Queen, Dryer, DR7004BE",DRYER,Speed Queen DR7004BE Dryer With Black,"Speed Queen Dryer, Black","Dryer, Black",,Color: Black,Finish: Black,,,,,,,,,,,,,,,,,,,,,,,,Dryer,Color,Black,,Finish,Black,,,,,,,,,,,,,,,,,,,,,,,,,,,,,,,,,,,,,,,,,,,,,,,,,,,,,,,,,,,,,,,,,,,,,,,,,,,,,,,,,,,,,,,,,,,,,,,,,,,,,,,,,,,,,,,,,,,,,,,,,,,,,,,,,,,,,,,,,,,,,,,,,,,,,,,,,,,,,,,,,,,,,SpeedQueen_DR7004BE.jpg,SpeedQueen_DR7004BE_1.jpg,SpeedQueen_DR7004BE_2.jpg,SpeedQueen_DR7004BE_3.jpg,SpeedQueen_DR7004BE_4.jpg,,,,,SpeedQueen_DR7004BE_Specification_Sheet.pdf,,,,,,,,,,,,,,,,,,
,,,,,,,Appliances,Large Appliances,Dryers,,DV2000WE,DV2000WE SQ Elect Dryer Wh,-- Unbranded --,-- No Unilog Brand --,-- No DIB Brand --,Appliance Dealers Cooperative (APPDE),Alliance Laundry Systems LLC,Speed Queen,,DV2000WE,,Appliances & Consumer Electronics>Laundry Appliances>Dryers,"Alliance Laundry Systems LLC, Speed Queen, Dryer, DV2000WE",DRYER,Speed Queen DV2000WE Dryer With White,"Speed Queen Dryer, White","Dryer, White",,Color: White,Finish: White,,,,,,,,,,,,,,,,,,,,,,,,Dryer,Color,White,,Finish,White,,,,,,,,,,,,,,,,,,,,,,,,,,,,,,,,,,,,,,,,,,,,,,,,,,,,,,,,,,,,,,,,,,,,,,,,,,,,,,,,,,,,,,,,,,,,,,,,,,,,,,,,,,,,,,,,,,,,,,,,,,,,,,,,,,,,,,,,,,,,,,,,,,,,,,,,,,,,,,,,,,,,,SpeedQueen_DV2000WE.jpg,SpeedQueen_DV2000WE_1.jpg,SpeedQueen_DV2000WE_2.jpg,SpeedQueen_DV2000WE_3.jpg,SpeedQueen_DV2000WE_4.jpg,,,,,SpeedQueen_DV2000WE_Specification_Sheet.pdf,,,,,,,,,,,,,,,,,,
,,,,,,,Appliances,Large Appliances,Dryers,,DC5004WE,DC5004WE SQ Elect Dryer Wh,-- Unbranded --,-- No Unilog Brand --,-- No DIB Brand --,Appliance Dealers Cooperative (APPDE),Alliance Laundry Systems LLC,Speed Queen,,DC5004WE,,Appliances & Consumer Electronics>Laundry Appliances>Dryers,"Alliance Laundry Systems LLC, Speed Queen, Dryer, DC5004WE",DRYER,Speed Queen DC5004WE Dryer With White,"Speed Queen Dryer, White","Dryer, White",,Color: White,Finish: White,,,,,,,,,,,,,,,,,,,,,,,,Dryer,Color,White,,Finish,White,,,,,,,,,,,,,,,,,,,,,,,,,,,,,,,,,,,,,,,,,,,,,,,,,,,,,,,,,,,,,,,,,,,,,,,,,,,,,,,,,,,,,,,,,,,,,,,,,,,,,,,,,,,,,,,,,,,,,,,,,,,,,,,,,,,,,,,,,,,,,,,,,,,,,,,,,,,,,,,,,,,,,SpeedQueen_DC5004WE.jpg,SpeedQueen_DC5004WE_1.jpg,SpeedQueen_DC5004WE_2.jpg,SpeedQueen_DC5004WE_3.jpg,SpeedQueen_DC5004WE_4.jpg,,,,,SpeedQueen_DC5004WE_Specification_Sheet.pdf,,,,,,,,,,,,,,,,,,
,,,,,,,Appliances,Large Appliances,Dryers,,DC5004BE,DC5004BE SQ Elect Dryer Bk,-- Unbranded --,-- No Unilog Brand --,-- No DIB Brand --,Appliance Dealers Cooperative (APPDE),Alliance Laundry Systems LLC,Speed Queen,,DC5004BE,,Appliances & Consumer Electronics>Laundry Appliances>Dryers,"Alliance Laundry Systems LLC, Speed Queen, Dryer, DC5004BE",DRYER,Speed Queen DC5004BE Dryer With Black,"Speed Queen Dryer, Black","Dryer, Black",,Color: Black,Finish: Black,,,,,,,,,,,,,,,,,,,,,,,,Dryer,Color,Black,,Finish,Black,,,,,,,,,,,,,,,,,,,,,,,,,,,,,,,,,,,,,,,,,,,,,,,,,,,,,,,,,,,,,,,,,,,,,,,,,,,,,,,,,,,,,,,,,,,,,,,,,,,,,,,,,,,,,,,,,,,,,,,,,,,,,,,,,,,,,,,,,,,,,,,,,,,,,,,,,,,,,,,,,,,,,SpeedQueen_DC5004BE.jpg,SpeedQueen_DC5004BE_1.jpg,SpeedQueen_DC5004BE_2.jpg,SpeedQueen_DC5004BE_3.jpg,SpeedQueen_DC5004BE_4.jpg,,,,,SpeedQueen_DC5004BE_Specification_Sheet.pdf,,,,,,,,,,,,,,,,,,
,,,,,,,Appliances,Large Appliances,Laundry Centers,,WKE100HWA,WKE100HWA LG Laundry Center Wh - Display,-- Unbranded --,-- No Unilog Brand --,-- No DIB Brand --,Appliance Dealers Cooperative (APPDE),LG Electronics USA Inc,LG,,WKE100HWA,,Appliances & Consumer Electronics>Laundry Appliances>Laundry Centers,"LG Electronics USA Inc, LG, Laundry Center, WKE100HWA",LAUNDRY CTR,LG WKE100HWA Laundry Center With White,"LG Laundry Center, White","Laundry Center, White",,Finish: White,,,,,,,,,,,,,,,,,,,,,,,,,Laundry Center,Finish,White,,,,,,,,,,,,,,,,,,,,,,,,,,,,,,,,,,,,,,,,,,,,,,,,,,,,,,,,,,,,,,,,,,,,,,,,,,,,,,,,,,,,,,,,,,,,,,,,,,,,,,,,,,,,,,,,,,,,,,,,,,,,,,,,,,,,,,,,,,,,,,,,,,,,,,,,,,,,,,,,,,,,,,,,LG_WKE100HWA.jpg,LG_WKE100HWA_1.jpg,LG_WKE100HWA_2.jpg,LG_WKE100HWA_3.jpg,LG_WKE100HWA_4.jpg,,,,,LG_WKE100HWA_Specification_Sheet.pdf,,,,,,,,,,,,,,,,,,
,,,,,,,Appliances,Large Appliances,Washers,,FF7011WN,FF7011WN Speed Queen Washer Wh,-- Unbranded --,-- No Unilog Brand --,-- No DIB Brand --,Appliance Dealers Cooperative (APPDE),Alliance Laundry Systems LLC,Speed Queen,,FF7011WN,,Appliances & Consumer Electronics>Laundry Appliances>Washers,"Alliance Laundry Systems LLC, Speed Queen, Washer, FF7011WN",WSHR,Speed Queen FF7011WN Washer With White,"Speed Queen Washer, White","Washer, White",,Color: White,Finish: White,,,,,,,,,,,,,,,,,,,,,,,,Washer,Color,White,,Finish,White,,,,,,,,,,,,,,,,,,,,,,,,,,,,,,,,,,,,,,,,,,,,,,,,,,,,,,,,,,,,,,,,,,,,,,,,,,,,,,,,,,,,,,,,,,,,,,,,,,,,,,,,,,,,,,,,,,,,,,,,,,,,,,,,,,,,,,,,,,,,,,,,,,,,,,,,,,,,,,,,,,,,,SpeedQueen_FF7011WN.jpg,SpeedQueen_FF7011WN_1.jpg,SpeedQueen_FF7011WN_2.jpg,SpeedQueen_FF7011WN_3.jpg,SpeedQueen_FF7011WN_4.jpg,,,,,SpeedQueen_FF7011WN_Specification_Sheet.pdf,,,,,,,,,,,,,,,,,,
,,,,,,,Appliances,Large Appliances,Dryers,,PTD70GBPTDG,PTD70GBPTDG GE Gas Dryer DG,-- Unbranded --,-- No Unilog Brand --,-- No DIB Brand --,Appliance Dealers Cooperative (APPDE),GE Appliances (Haier),GE,,PTD70GBPTDG,,Appliances & Consumer Electronics>Laundry Appliances>Dryers,"GE Appliances (Haier), GE, Dryer, PTD70GBPTDG",DRYER,GE PTD70GBPTDG Dryer With Dark Gray,"GE Dryer, Dark Gray","Dryer, Dark Gray",,Color: Dark Gray,Finish: Dark Gray,,,,,,,,,,,,,,,,,,,,,,,,Dryer,Color,Dark Gray,,Finish,Dark Gray,,,,,,,,,,,,,,,,,,,,,,,,,,,,,,,,,,,,,,,,,,,,,,,,,,,,,,,,,,,,,,,,,,,,,,,,,,,,,,,,,,,,,,,,,,,,,,,,,,,,,,,,,,,,,,,,,,,,,,,,,,,,,,,,,,,,,,,,,,,,,,,,,,,,,,,,,,,,,,,,,,,,,GE_PTD70GBPTDG.jpg,GE_PTD70GBPTDG_1.jpg,GE_PTD70GBPTDG_2.jpg,GE_PTD70GBPTDG_3.jpg,GE_PTD70GBPTDG_4.jpg,,,,,GE_PTD70GBPTDG_Specification_Sheet.pdf,,,,,,,,,,,,,,,,,,
,,,,,,,Appliances,Large Appliances,Dryers,,PTD70GBSTWS,PTD70GBSTWS GE Gas Dryer Wh,-- Unbranded --,-- No Unilog Brand --,-- No DIB Brand --,Appliance Dealers Cooperative (APPDE),GE Appliances (Haier),GE,,PTD70GBSTWS,,Appliances & Consumer Electronics>Laundry Appliances>Dryers,"GE Appliances (Haier), GE, Dryer, PTD70GBSTWS",DRYER,GE PTD70GBSTWS Dryer With White,"GE Dryer, White","Dryer, White",,Color: White,Finish: White,,,,,,,,,,,,,,,,,,,,,,,,Dryer,Color,White,,Finish,White,,,,,,,,,,,,,,,,,,,,,,,,,,,,,,,,,,,,,,,,,,,,,,,,,,,,,,,,,,,,,,,,,,,,,,,,,,,,,,,,,,,,,,,,,,,,,,,,,,,,,,,,,,,,,,,,,,,,,,,,,,,,,,,,,,,,,,,,,,,,,,,,,,,,,,,,,,,,,,,,,,,,,GE_PTD70GBSTWS.jpg,GE_PTD70GBSTWS_1.jpg,GE_PTD70GBSTWS_2.jpg,GE_PTD70GBSTWS_3.jpg,GE_PTD70GBSTWS_4.jpg,,,,,GE_PTD70GBSTWS_Specification_Sheet.pdf,,,,,,,,,,,,,,,,,,
,,,,,,,Appliances,Large Appliances,Dryers,,DR5004WG,DR5004WG SQ Gas Dryer Wh,-- Unbranded --,-- No Unilog Brand --,-- No DIB Brand --,Appliance Dealers Cooperative (APPDE),Alliance Laundry Systems LLC,Speed Queen,,DR5004WG,,Appliances & Consumer Electronics>Laundry Appliances>Dryers,"Alliance Laundry Systems LLC, Speed Queen, Dryer, DR5004WG",DRYER,Speed Queen DR5004WG Dryer With White,"Speed Queen Dryer, White","Dryer, White",,Color: White,Finish: White,,,,,,,,,,,,,,,,,,,,,,,,Dryer,Color,White,,Finish,White,,,,,,,,,,,,,,,,,,,,,,,,,,,,,,,,,,,,,,,,,,,,,,,,,,,,,,,,,,,,,,,,,,,,,,,,,,,,,,,,,,,,,,,,,,,,,,,,,,,,,,,,,,,,,,,,,,,,,,,,,,,,,,,,,,,,,,,,,,,,,,,,,,,,,,,,,,,,,,,,,,,,,SpeedQueen_DR5004WG.jpg,SpeedQueen_DR5004WG_1.jpg,SpeedQueen_DR5004WG_2.jpg,SpeedQueen_DR5004WG_3.jpg,SpeedQueen_DR5004WG_4.jpg,,,,,SpeedQueen_DR5004WG_Specification_Sheet.pdf,,,,,,,,,,,,,,,,,,
,,,,,,,Appliances,Large Appliances,Dryers,,DR7004BG,DR7004BG SQ Gas Dryer Bk,-- Unbranded --,-- No Unilog Brand --,-- No DIB Brand --,Appliance Dealers Cooperative (APPDE),Alliance Laundry Systems LLC,Speed Queen,,DR7004BG,,Appliances & Consumer Electronics>Laundry Appliances>Dryers,"Alliance Laundry Systems LLC, Speed Queen, Dryer, DR7004BG",DRYER,Speed Queen DR7004BG Dryer With Black,"Speed Queen Dryer, Black","Dryer, Black",,Color: Black,Finish: Black,,,,,,,,,,,,,,,,,,,,,,,,Dryer,Color,Black,,Finish,Black,,,,,,,,,,,,,,,,,,,,,,,,,,,,,,,,,,,,,,,,,,,,,,,,,,,,,,,,,,,,,,,,,,,,,,,,,,,,,,,,,,,,,,,,,,,,,,,,,,,,,,,,,,,,,,,,,,,,,,,,,,,,,,,,,,,,,,,,,,,,,,,,,,,,,,,,,,,,,,,,,,,,,SpeedQueen_DR7004BG.jpg,SpeedQueen_DR7004BG_1.jpg,SpeedQueen_DR7004BG_2.jpg,SpeedQueen_DR7004BG_3.jpg,SpeedQueen_DR7004BG_4.jpg,,,,,SpeedQueen_DR7004BG_Specification_Sheet.pdf,,,,,,,,,,,,,,,,,,
,,,,,,,Appliances,Large Appliances,Dryers,,DR7004WG,DR7004WG SQ Gas Dryer Wh,-- Unbranded --,-- No Unilog Brand --,-- No DIB Brand --,Appliance Dealers Cooperative (APPDE),Alliance Laundry Systems LLC,Speed Queen,,DR7004WG,,Appliances & Consumer Electronics>Laundry Appliances>Dryers,"Alliance Laundry Systems LLC, Speed Queen, Dryer, DR7004WG",DRYER,Speed Queen DR7004WG Dryer With White,"Speed Queen Dryer, White","Dryer, White",,Color: White,Finish: White,,,,,,,,,,,,,,,,,,,,,,,,Dryer,Color,White,,Finish,White,,,,,,,,,,,,,,,,,,,,,,,,,,,,,,,,,,,,,,,,,,,,,,,,,,,,,,,,,,,,,,,,,,,,,,,,,,,,,,,,,,,,,,,,,,,,,,,,,,,,,,,,,,,,,,,,,,,,,,,,,,,,,,,,,,,,,,,,,,,,,,,,,,,,,,,,,,,,,,,,,,,,,SpeedQueen_DR7004WG.jpg,SpeedQueen_DR7004WG_1.jpg,SpeedQueen_DR7004WG_2.jpg,SpeedQueen_DR7004WG_3.jpg,SpeedQueen_DR7004WG_4.jpg,,,,,SpeedQueen_DR7004WG_Specification_Sheet.pdf,,,,,,,,,,,,,,,,,,
,,,,,,,Appliances,Large Appliances,Dryers,,DV2000WG,DV2000WG SQ Gas Dryer Wh,-- Unbranded --,-- No Unilog Brand --,-- No DIB Brand --,Appliance Dealers Cooperative (APPDE),Alliance Laundry Systems LLC,Speed Queen,,DV2000WG,,Appliances & Consumer Electronics>Laundry Appliances>Dryers,"Alliance Laundry Systems LLC, Speed Queen, Dryer, DV2000WG",DRYER,Speed Queen DV2000WG Dryer With White,"Speed Queen Dryer, White","Dryer, White",,Color: White,Finish: White,,,,,,,,,,,,,,,,,,,,,,,,Dryer,Color,White,,Finish,White,,,,,,,,,,,,,,,,,,,,,,,,,,,,,,,,,,,,,,,,,,,,,,,,,,,,,,,,,,,,,,,,,,,,,,,,,,,,,,,,,,,,,,,,,,,,,,,,,,,,,,,,,,,,,,,,,,,,,,,,,,,,,,,,,,,,,,,,,,,,,,,,,,,,,,,,,,,,,,,,,,,,,SpeedQueen_DV2000WG.jpg,SpeedQueen_DV2000WG_1.jpg,SpeedQueen_DV2000WG_2.jpg,SpeedQueen_DV2000WG_3.jpg,SpeedQueen_DV2000WG_4.jpg,,,,,SpeedQueen_DV2000WG_Specification_Sheet.pdf,,,,,,,,,,,,,,,,,,
,,,,,,,Appliances,Large Appliances,Dryers,,DC5004WG,DC5004WG SQ Gas Dryer Wh,-- Unbranded --,-- No Unilog Brand --,-- No DIB Brand --,Appliance Dealers Cooperative (APPDE),Alliance Laundry Systems LLC,Speed Queen,,DC5004WG,,Appliances & Consumer Electronics>Laundry Appliances>Dryers,"Alliance Laundry Systems LLC, Speed Queen, Dryer, DC5004WG",DRYER,Speed Queen DC5004WG Dryer With White,"Speed Queen Dryer, White","Dryer, White",,Color: White,Finish: White,,,,,,,,,,,,,,,,,,,,,,,,Dryer,Color,White,,Finish,White,,,,,,,,,,,,,,,,,,,,,,,,,,,,,,,,,,,,,,,,,,,,,,,,,,,,,,,,,,,,,,,,,,,,,,,,,,,,,,,,,,,,,,,,,,,,,,,,,,,,,,,,,,,,,,,,,,,,,,,,,,,,,,,,,,,,,,,,,,,,,,,,,,,,,,,,,,,,,,,,,,,,,SpeedQueen_DC5004WG.jpg,SpeedQueen_DC5004WG_1.jpg,SpeedQueen_DC5004WG_2.jpg,SpeedQueen_DC5004WG_3.jpg,SpeedQueen_DC5004WG_4.jpg,,,,,SpeedQueen_DC5004WG_Specification_Sheet.pdf,,,,,,,,,,,,,,,,,,
,,,,,,,Appliances,Large Appliances,Dryers,,DC5004BG,DC5004BG SQ Gas Dryer Bk,-- Unbranded --,-- No Unilog Brand --,-- No DIB Brand --,Appliance Dealers Cooperative (APPDE),Alliance Laundry Systems LLC,Speed Queen,,DC5004BG,,Appliances & Consumer Electronics>Laundry Appliances>Dryers,"Alliance Laundry Systems LLC, Speed Queen, Dryer, DC5004BG",DRYER,Speed Queen DC5004BG Dryer With Black,"Speed Queen Dryer, Black","Dryer, Black",,Color: Black,Finish: Black,,,,,,,,,,,,,,,,,,,,,,,,Dryer,Color,Black,,Finish,Black,,,,,,,,,,,,,,,,,,,,,,,,,,,,,,,,,,,,,,,,,,,,,,,,,,,,,,,,,,,,,,,,,,,,,,,,,,,,,,,,,,,,,,,,,,,,,,,,,,,,,,,,,,,,,,,,,,,,,,,,,,,,,,,,,,,,,,,,,,,,,,,,,,,,,,,,,,,,,,,,,,,,,SpeedQueen_DC5004BG.jpg,SpeedQueen_DC5004BG_1.jpg,SpeedQueen_DC5004BG_2.jpg,SpeedQueen_DC5004BG_3.jpg,SpeedQueen_DC5004BG_4.jpg,,,,,SpeedQueen_DC5004BG_Specification_Sheet.pdf,,,,,,,,,,,,,,,,,,
,,,,,,,Appliances,Large Appliances,Washers,,PTW705BSTWS,PTW705BSTWS GE Washer Wh,-- Unbranded --,-- No Unilog Brand --,-- No DIB Brand --,Appliance Dealers Cooperative (APPDE),GE Appliances (Haier),GE,,PTW705BSTWS,,Appliances & Consumer Electronics>Laundry Appliances>Washers,"GE Appliances (Haier), GE, Washer, PTW705BSTWS",WSHR,GE PTW705BSTWS Washer With White,"GE Washer, White","Washer, White",,Color: White,Finish: White,,,,,,,,,,,,,,,,,,,,,,,,Washer,Color,White,,Finish,White,,,,,,,,,,,,,,,,,,,,,,,,,,,,,,,,,,,,,,,,,,,,,,,,,,,,,,,,,,,,,,,,,,,,,,,,,,,,,,,,,,,,,,,,,,,,,,,,,,,,,,,,,,,,,,,,,,,,,,,,,,,,,,,,,,,,,,,,,,,,,,,,,,,,,,,,,,,,,,,,,,,,,GE_PTW705BSTWS.jpg,GE_PTW705BSTWS_1.jpg,GE_PTW705BSTWS_2.jpg,GE_PTW705BSTWS_3.jpg,GE_PTW705BSTWS_4.jpg,,,,,GE_PTW705BSTWS_Specification_Sheet.pdf,,,,,,,,,,,,,,,,,,
,,,,,,,Appliances,Large Appliances,Washers,,MVWP586GW,MVWP586GW Washer Wh - Display,-- Unbranded --,-- No Unilog Brand --,-- No DIB Brand --,Appliance Dealers Cooperative (APPDE),Whirlpool Corporation,Maytag,,MVWP586GW,,Appliances & Consumer Electronics>Laundry Appliances>Washers,"Whirlpool Corporation, Maytag, Washer, MVWP586GW",WSHR,Maytag MVWP586GW Washer With White,"Maytag Washer, White","Washer, White",,Finish: White,,,,,,,,,,,,,,,,,,,,,,,,,Washer,Finish,White,,,,,,,,,,,,,,,,,,,,,,,,,,,,,,,,,,,,,,,,,,,,,,,,,,,,,,,,,,,,,,,,,,,,,,,,,,,,,,,,,,,,,,,,,,,,,,,,,,,,,,,,,,,,,,,,,,,,,,,,,,,,,,,,,,,,,,,,,,,,,,,,,,,,,,,,,,,,,,,,,,,,,,,,Maytag_MVWP586GW.jpg,Maytag_MVWP586GW_1.jpg,Maytag_MVWP586GW_2.jpg,Maytag_MVWP586GW_3.jpg,Maytag_MVWP586GW_4.jpg,,,,,Maytag_MVWP586GW_Specification_Sheet.pdf,,,,,,,,,,,,,,,,,,
,,,,,,,Appliances,Large Appliances,Washers,,TV2000WN,TV2000WN SQ Elect Washer,-- Unbranded --,-- No Unilog Brand --,-- No DIB Brand --,Appliance Dealers Cooperative (APPDE),Alliance Laundry Systems LLC,Speed Queen,,TV2000WN,,Appliances & Consumer Electronics>Laundry Appliances>Washers,"Alliance Laundry Systems LLC, Speed Queen, Washer, TV2000WN",WSHR,Speed Queen TV2000WN Washer,Speed Queen Washer,Washer,,,,,,,,,,,,,,,,,,,,,,,,,,,Washer,,,,,,,,,,,,,,,,,,,,,,,,,,,,,,,,,,,,,,,,,,,,,,,,,,,,,,,,,,,,,,,,,,,,,,,,,,,,,,,,,,,,,,,,,,,,,,,,,,,,,,,,,,,,,,,,,,,,,,,,,,,,,,,,,,,,,,,,,,,,,,,,,,,,,,,,,,,,,,,,,,,,,,,,,,SpeedQueen_TV2000WN.jpg,SpeedQueen_TV2000WN_1.jpg,SpeedQueen_TV2000WN_2.jpg,SpeedQueen_TV2000WN_3.jpg,SpeedQueen_TV2000WN_4.jpg,,,,,SpeedQueen_TV2000WN_Specification_Sheet.pdf,,,,,,,,,,,,,,,,,,
,,,,,,,Appliances,Large Appliances,Washers,,TC5003BN,TC5003BN SQ Washer Bk,-- Unbranded --,-- No Unilog Brand --,-- No DIB Brand --,Appliance Dealers Cooperative (APPDE),Alliance Laundry Systems LLC,Speed Queen,,TC5003BN,,Appliances & Consumer Electronics>Laundry Appliances>Washers,"Alliance Laundry Systems LLC, Speed Queen, Washer, TC5003BN",WSHR,Speed Queen TC5003BN Washer With Black,"Speed Queen Washer, Black","Washer, Black",,Color: Black,Finish: Black,,,,,,,,,,,,,,,,,,,,,,,,Washer,Color,Black,,Finish,Black,,,,,,,,,,,,,,,,,,,,,,,,,,,,,,,,,,,,,,,,,,,,,,,,,,,,,,,,,,,,,,,,,,,,,,,,,,,,,,,,,,,,,,,,,,,,,,,,,,,,,,,,,,,,,,,,,,,,,,,,,,,,,,,,,,,,,,,,,,,,,,,,,,,,,,,,,,,,,,,,,,,,,SpeedQueen_TC5003BN.jpg,SpeedQueen_TC5003BN_1.jpg,SpeedQueen_TC5003BN_2.jpg,SpeedQueen_TC5003BN_3.jpg,SpeedQueen_TC5003BN_4.jpg,,,,,SpeedQueen_TC5003BN_Specification_Sheet.pdf,,,,,,,,,,,,,,,,,,
,,,,,,,Appliances,Large Appliances,Washers,,TR7006WN,TR7006WN Speed Queen Washer Wh,-- Unbranded --,-- No Unilog Brand --,-- No DIB Brand --,Appliance Dealers Cooperative (APPDE),Alliance Laundry Systems LLC,Speed Queen,,TR7006WN,,Appliances & Consumer Electronics>Laundry Appliances>Washers,"Alliance Laundry Systems LLC, Speed Queen, Washer, TR7006WN",WSHR,Speed Queen TR7006WN Washer With White,"Speed Queen Washer, White","Washer, White",,Color: White,Finish: White,,,,,,,,,,,,,,,,,,,,,,,,Washer,Color,White,,Finish,White,,,,,,,,,,,,,,,,,,,,,,,,,,,,,,,,,,,,,,,,,,,,,,,,,,,,,,,,,,,,,,,,,,,,,,,,,,,,,,,,,,,,,,,,,,,,,,,,,,,,,,,,,,,,,,,,,,,,,,,,,,,,,,,,,,,,,,,,,,,,,,,,,,,,,,,,,,,,,,,,,,,,,SpeedQueen_TR7006WN.jpg,SpeedQueen_TR7006WN_1.jpg,SpeedQueen_TR7006WN_2.jpg,SpeedQueen_TR7006WN_3.jpg,SpeedQueen_TR7006WN_4.jpg,,,,,SpeedQueen_TR7006WN_Specification_Sheet.pdf,,,,,,,,,,,,,,,,,,
,,,,,,,Appliances,Large Appliances,Washers,,TR7006BN,TR7006BN Speed Queen Washer Bk,-- Unbranded --,-- No Unilog Brand --,-- No DIB Brand --,Appliance Dealers Cooperative (APPDE),Alliance Laundry Systems LLC,Speed Queen,,TR7006BN,,Appliances & Consumer Electronics>Laundry Appliances>Washers,"Alliance Laundry Systems LLC, Speed Queen, Washer, TR7006BN",WSHR,Speed Queen TR7006BN Washer With Black,"Speed Queen Washer, Black","Washer, Black",,Color: Black,Finish: Black,,,,,,,,,,,,,,,,,,,,,,,,Washer,Color,Black,,Finish,Black,,,,,,,,,,,,,,,,,,,,,,,,,,,,,,,,,,,,,,,,,,,,,,,,,,,,,,,,,,,,,,,,,,,,,,,,,,,,,,,,,,,,,,,,,,,,,,,,,,,,,,,,,,,,,,,,,,,,,,,,,,,,,,,,,,,,,,,,,,,,,,,,,,,,,,,,,,,,,,,,,,,,,SpeedQueen_TR7006BN.jpg,SpeedQueen_TR7006BN_1.jpg,SpeedQueen_TR7006BN_2.jpg,SpeedQueen_TR7006BN_3.jpg,SpeedQueen_TR7006BN_4.jpg,,,,,SpeedQueen_TR7006BN_Specification_Sheet.pdf,,,,,,,,,,,,,,,,,,
,,,,,,,Appliances,Large Appliances,Washers,,TR5006WN,TR5006WN Speed Queen Washer Wh,-- Unbranded --,-- No Unilog Brand --,-- No DIB Brand --,Appliance Dealers Cooperative (APPDE),Alliance Laundry Systems LLC,Speed Queen,,TR5006WN,,Appliances & Consumer Electronics>Laundry Appliances>Washers,"Alliance Laundry Systems LLC, Speed Queen, Washer, TR5006WN",WSHR,Speed Queen TR5006WN Washer With White,"Speed Queen Washer, White","Washer, White",,Color: White,Finish: White,,,,,,,,,,,,,,,,,,,,,,,,Washer,Color,White,,Finish,White,,,,,,,,,,,,,,,,,,,,,,,,,,,,,,,,,,,,,,,,,,,,,,,,,,,,,,,,,,,,,,,,,,,,,,,,,,,,,,,,,,,,,,,,,,,,,,,,,,,,,,,,,,,,,,,,,,,,,,,,,,,,,,,,,,,,,,,,,,,,,,,,,,,,,,,,,,,,,,,,,,,,,SpeedQueen_TR5006WN.jpg,SpeedQueen_TR5006WN_1.jpg,SpeedQueen_TR5006WN_2.jpg,SpeedQueen_TR5006WN_3.jpg,SpeedQueen_TR5006WN_4.jpg,,,,,SpeedQueen_TR5006WN_Specification_Sheet.pdf,,,,,,,,,,,,,,,,,,
,,,,,,,Hardware,Worksite Supplies,Kneeling Pads,,05134545001,9516 Kneeling Pad& Bttl Opener,-- Unbranded --,-- No Unilog Brand --,-- No DIB Brand --,Wera Tools NA Inc (WERTO),Wera Tools North America Inc,Wera,,05134545001,,Building & Hardware>Worksite Supplies>Kneeling Pads,"Wera Tools North America Inc, Wera, Kneeling Pad, 05134545001",KNLG PAD,Wera 05134545001 Kneeling Pad,Wera Kneeling Pad,Kneeling Pad,,,,,,,,,,,,,,,,,,,,,,,,,,,Kneeling Pad,,,,,,,,,,,,,,,,,,,,,,,,,,,,,,,,,,,,,,,,,,,,,,,,,,,,,,,,,,,,,,,,,,,,,,,,,,,,,,,,,,,,,,,,,,,,,,,,,,,,,,,,,,,,,,,,,,,,,,,,,,,,,,,,,,,,,,,,,,,,,,,,,,,,,,,,,,,,,,,,,,,,,,,,,,Wera_05134545001.jpg,Wera_05134545001_1.jpg,Wera_05134545001_2.jpg,Wera_05134545001_3.jpg,Wera_05134545001_4.jpg,,,,,Wera_05134545001_Specification_Sheet.pdf,,,,,,,,,,,,,,,,,,
,,,,,,,Hardware,Worksite Supplies,Tire Gauges,,LNL65301,LNL65301 Digital Tire Pressure - Inflator Gauge,-- Unbranded --,-- No Unilog Brand --,-- No DIB Brand --,-,,,,LNL65301,,Building & Hardware>Worksite Supplies>Air & Tire Tools,"Tire Pressure Gauge, LNL65301",TIRE PRS GGE,LNL65301 Tire Pressure Gauge,Tire Pressure Gauge,Tire Pressure Gauge,,,,,,,,,,,,,,,,,,,,,,,,,,,Tire Pressure Gauge,,,,,,,,,,,,,,,,,,,,,,,,,,,,,,,,,,,,,,,,,,,,,,,,,,,,,,,,,,,,,,,,,,,,,,,,,,,,,,,,,,,,,,,,,,,,,,,,,,,,,,,,,,,,,,,,,,,,,,,,,,,,,,,,,,,,,,,,,,,,,,,,,,,,,,,,,,,,,,,,,,,,,,,,,,,,,,,,,,,,,,,,,,,,,,,,,,,,,
,,,,,,,Building Materials,Concrete & Masonry,Mortar Mixes,,25-A,Charcoal Black 25-A Mortar - Type N,-- Unbranded --,-- No Unilog Brand --,-- No DIB Brand --,Rees Cast Stone Company (REECA),Rees Cast Stone Company Inc,,,25-A,,Building Materials>Concrete & Masonry>Mortar,"Rees Cast Stone Company Inc, Mortar Mix, 25-A",MRTR MIX,25-A Mortar Mix With Black,"Mortar Mix, Black","Mortar Mix, Black",,Color: Black,,,,,,,,,,,,,,,,,,,,,,,,,Mortar Mix,Color,Black,,,,,,,,,,,,,,,,,,,,,,,,,,,,,,,,,,,,,,,,,,,,,,,,,,,,,,,,,,,,,,,,,,,,,,,,,,,,,,,,,,,,,,,,,,,,,,,,,,,,,,,,,,,,,,,,,,,,,,,,,,,,,,,,,,,,,,,,,,,,,,,,,,,,,,,,,,,,,,,,,,,,,,,,,,,,,,,,,,,,,,,,,,,,,,,,,,,
,,,,,,,Building Materials,Concrete & Masonry,Mortar Mixes,,38-E,Dark Chocolate 38-E Mortar - Type N,-- Unbranded --,-- No Unilog Brand --,-- No DIB Brand --,Rees Cast Stone Company (REECA),Rees Cast Stone Company Inc,,,38-E,,Building Materials>Concrete & Masonry>Mortar,"Rees Cast Stone Company Inc, Mortar Mix, 38-E",MRTR MIX,38-E Mortar Mix,Mortar Mix,Mortar Mix,,,,,,,,,,,,,,,,,,,,,,,,,,,Mortar Mix,,,,,,,,,,,,,,,,,,,,,,,,,,,,,,,,,,,,,,,,,,,,,,,,,,,,,,,,,,,,,,,,,,,,,,,,,,,,,,,,,,,,,,,,,,,,,,,,,,,,,,,,,,,,,,,,,,,,,,,,,,,,,,,,,,,,,,,,,,,,,,,,,,,,,,,,,,,,,,,,,,,,,,,,,,,,,,,,,,,,,,,,,,,,,,,,,,,,,
,,,,,,,Building Materials,Concrete & Masonry,Mortar Mixes,,59-J,Light Buff 59-J Mortar - Type N,-- Unbranded --,-- No Unilog Brand --,-- No DIB Brand --,Rees Cast Stone Company (REECA),Rees Cast Stone Company Inc,,,59-J,,Building Materials>Concrete & Masonry>Mortar,"Rees Cast Stone Company Inc, Mortar Mix, 59-J",MRTR MIX,59-J Mortar Mix,Mortar Mix,Mortar Mix,,,,,,,,,,,,,,,,,,,,,,,,,,,Mortar Mix,,,,,,,,,,,,,,,,,,,,,,,,,,,,,,,,,,,,,,,,,,,,,,,,,,,,,,,,,,,,,,,,,,,,,,,,,,,,,,,,,,,,,,,,,,,,,,,,,,,,,,,,,,,,,,,,,,,,,,,,,,,,,,,,,,,,,,,,,,,,,,,,,,,,,,,,,,,,,,,,,,,,,,,,,,,,,,,,,,,,,,,,,,,,,,,,,,,,,
,,,,,,,Building Materials,Concrete & Masonry,Mortar Mixes,,44-A,Light Chocolate 44-A Mortar - Type N,-- Unbranded --,-- No Unilog Brand --,-- No DIB Brand --,Rees Cast Stone Company (REECA),Rees Cast Stone Company Inc,,,44-A,,Building Materials>Concrete & Masonry>Mortar,"Rees Cast Stone Company Inc, Mortar Mix, 44-A",MRTR MIX,44-A Mortar Mix,Mortar Mix,Mortar Mix,,,,,,,,,,,,,,,,,,,,,,,,,,,Mortar Mix,,,,,,,,,,,,,,,,,,,,,,,,,,,,,,,,,,,,,,,,,,,,,,,,,,,,,,,,,,,,,,,,,,,,,,,,,,,,,,,,,,,,,,,,,,,,,,,,,,,,,,,,,,,,,,,,,,,,,,,,,,,,,,,,,,,,,,,,,,,,,,,,,,,,,,,,,,,,,,,,,,,,,,,,,,,,,,,,,,,,,,,,,,,,,,,,,,,,,
,,,,,,,Building Materials,Decking & Railing,Balusters,,543302126,6' Wh Select T-Rail Kit Horiz - w/Sq Composite Balusters,TREX,-- No Unilog Brand --,-- No DIB Brand --,U S Lumber (3073),U.S. Lumber Group,Trex,,543302126,,Building & Hardware>Decking & Railing>Balusters,"U.S. Lumber Group, Trex, Baluster, Select, 543302126",BALU COMP,"Trex Select 543302126 Baluster With Composite, White","Trex Baluster, Select, Composite, White","Select Baluster, Composite, White",,Series: Select,Material: Composite,Finish: White,,,,,,,,,,,,,,,,,,,,,,,Baluster,Series,Select,,Material,Composite,,Finish,White,,,,,,,,,,,,,,,,,,,,,,,,,,,,,,,,,,,,,,,,,,,,,,,,,,,,,,,,,,,,,,,,,,,,,,,,,,,,,,,,,,,,,,,,,,,,,,,,,,,,,,,,,,,,,,,,,,,,,,,,,,,,,,,,,,,,,,,,,,,,,,,,,,,,,,,,,,,,,,,,,,Trex_543302126.jpg,Trex_543302126_1.jpg,Trex_543302126_2.jpg,Trex_543302126_3.jpg,Trex_543302126_4.jpg,,,,,Trex_543302126_Specification_Sheet.pdf,,,,,,,,,,,,,,,,,,
,,,,,,,Building Materials,Decking & Railing,Balusters,,543302146,8' Wh Select T-Rail Kit Horiz - w/Sq Composite Balusters,TREX,-- No Unilog Brand --,-- No DIB Brand --,U S Lumber (3073),U.S. Lumber Group,Trex,,543302146,,Building & Hardware>Decking & Railing>Balusters,"U.S. Lumber Group, Trex, Baluster, Select, 543302146",BALU COMP,"Trex Select 543302146 Baluster With Composite, White","Trex Baluster, Select, Composite, White","Select Baluster, Composite, White",,Series: Select,Material: Composite,Finish: White,,,,,,,,,,,,,,,,,,,,,,,Baluster,Series,Select,,Material,Composite,,Finish,White,,,,,,,,,,,,,,,,,,,,,,,,,,,,,,,,,,,,,,,,,,,,,,,,,,,,,,,,,,,,,,,,,,,,,,,,,,,,,,,,,,,,,,,,,,,,,,,,,,,,,,,,,,,,,,,,,,,,,,,,,,,,,,,,,,,,,,,,,,,,,,,,,,,,,,,,,,,,,,,,,,Trex_543302146.jpg,Trex_543302146_1.jpg,Trex_543302146_2.jpg,Trex_543302146_3.jpg,Trex_543302146_4.jpg,,,,,Trex_543302146_Specification_Sheet.pdf,,,,,,,,,,,,,,,,,,
,,,,,,,Building Materials,Decking & Railing,Deck Railing Kits,,73019603,Finyline Wh 6' Fl Rail Kit Sq,-- Unbranded --,-- No Unilog Brand --,-- No DIB Brand --,-,Finyline,Finyline,,73019603,,Building & Hardware>Decking & Railing>Railing Systems,"Finyline, Finyline, Railing Kit, 73019603",RLG KIT,Finyline 73019603 Railing Kit With White,"Finyline Railing Kit, White","Railing Kit, White",,Finish: White,,,,,,,,,,,,,,,,,,,,,,,,,Railing Kit,Finish,White,,,,,,,,,,,,,,,,,,,,,,,,,,,,,,,,,,,,,,,,,,,,,,,,,,,,,,,,,,,,,,,,,,,,,,,,,,,,,,,,,,,,,,,,,,,,,,,,,,,,,,,,,,,,,,,,,,,,,,,,,,,,,,,,,,,,,,,,,,,,,,,,,,,,,,,,,,,,,,,,,,,,,,,,Finyline_73019603.jpg,Finyline_73019603_1.jpg,Finyline_73019603_2.jpg,Finyline_73019603_3.jpg,Finyline_73019603_4.jpg,,,,,Finyline_73019603_Specification_Sheet.pdf,,,,,,,,,,,,,,,,,,
,,,,,,,Building Materials,Decking & Railing,Deck Railing Kits,,73019652,Finyline Wh 8' Fl Rail Kit Sq,-- Unbranded --,-- No Unilog Brand --,-- No DIB Brand --,-,Finyline,Finyline,,73019652,,Building & Hardware>Decking & Railing>Railing Systems,"Finyline, Finyline, Railing Kit, 73019652",RLG KIT,Finyline 73019652 Railing Kit With White,"Finyline Railing Kit, White","Railing Kit, White",,Finish: White,,,,,,,,,,,,,,,,,,,,,,,,,Railing Kit,Finish,White,,,,,,,,,,,,,,,,,,,,,,,,,,,,,,,,,,,,,,,,,,,,,,,,,,,,,,,,,,,,,,,,,,,,,,,,,,,,,,,,,,,,,,,,,,,,,,,,,,,,,,,,,,,,,,,,,,,,,,,,,,,,,,,,,,,,,,,,,,,,,,,,,,,,,,,,,,,,,,,,,,,,,,,,Finyline_73019652.jpg,Finyline_73019652_1.jpg,Finyline_73019652_2.jpg,Finyline_73019652_3.jpg,Finyline_73019652_4.jpg,,,,,Finyline_73019652_Specification_Sheet.pdf,,,,,,,,,,,,,,,,,,
,,,,,,,Building Materials,Decking & Railing,Deck Railing Kits,,73019517,Finyline Wh 10' Fl Rail Kit Sq,-- Unbranded --,-- No Unilog Brand --,-- No DIB Brand --,-,Finyline,Finyline,,73019517,,Building & Hardware>Decking & Railing>Railing Systems,"Finyline, Finyline, Railing Kit, 73019517",RLG KIT,Finyline 73019517 Railing Kit With White,"Finyline Railing Kit, White","Railing Kit, White",,Finish: White,,,,,,,,,,,,,,,,,,,,,,,,,Railing Kit,Finish,White,,,,,,,,,,,,,,,,,,,,,,,,,,,,,,,,,,,,,,,,,,,,,,,,,,,,,,,,,,,,,,,,,,,,,,,,,,,,,,,,,,,,,,,,,,,,,,,,,,,,,,,,,,,,,,,,,,,,,,,,,,,,,,,,,,,,,,,,,,,,,,,,,,,,,,,,,,,,,,,,,,,,,,,,Finyline_73019517.jpg,Finyline_73019517_1.jpg,Finyline_73019517_2.jpg,Finyline_73019517_3.jpg,Finyline_73019517_4.jpg,,,,,Finyline_73019517_Specification_Sheet.pdf,,,,,,,,,,,,,,,,,,
,,,,,,,Building Materials,Decking & Railing,Balusters,,73019602,Finyline Wh 6' Fl Rail Kit Rd - w/Black Alum Balusters,-- Unbranded --,-- No Unilog Brand --,-- No DIB Brand --,-,Finyline,Finyline,,73019602,,Building & Hardware>Decking & Railing>Balusters,"Finyline, Finyline, Baluster, 73019602",BALU ALUM,"Finyline 73019602 Baluster With Aluminum, Black, White","Finyline Baluster, Aluminum, Black, White","Baluster, Aluminum, Black, White",,Material: Aluminum,Color: Black,Finish: White,,,,,,,,,,,,,,,,,,,,,,,Baluster,Material,Aluminum,,Color,Black,,Finish,White,,,,,,,,,,,,,,,,,,,,,,,,,,,,,,,,,,,,,,,,,,,,,,,,,,,,,,,,,,,,,,,,,,,,,,,,,,,,,,,,,,,,,,,,,,,,,,,,,,,,,,,,,,,,,,,,,,,,,,,,,,,,,,,,,,,,,,,,,,,,,,,,,,,,,,,,,,,,,,,,,,Finyline_73019602.jpg,Finyline_73019602_1.jpg,Finyline_73019602_2.jpg,Finyline_73019602_3.jpg,Finyline_73019602_4.jpg,,,,,Finyline_73019602_Specification_Sheet.pdf,,,,,,,,,,,,,,,,,,
,,,,,,,Building Materials,Decking & Railing,Balusters,,73019651,Finyline Wh 8' Fl Rail Kit Rd - w/Black Alum Balusters,-- Unbranded --,-- No Unilog Brand --,-- No DIB Brand --,-,Finyline,Finyline,,73019651,,Building & Hardware>Decking & Railing>Balusters,"Finyline, Finyline, Baluster, 73019651",BALU ALUM,"Finyline 73019651 Baluster With Aluminum, Black, White","Finyline Baluster, Aluminum, Black, White","Baluster, Aluminum, Black, White",,Material: Aluminum,Color: Black,Finish: White,,,,,,,,,,,,,,,,,,,,,,,Baluster,Material,Aluminum,,Color,Black,,Finish,White,,,,,,,,,,,,,,,,,,,,,,,,,,,,,,,,,,,,,,,,,,,,,,,,,,,,,,,,,,,,,,,,,,,,,,,,,,,,,,,,,,,,,,,,,,,,,,,,,,,,,,,,,,,,,,,,,,,,,,,,,,,,,,,,,,,,,,,,,,,,,,,,,,,,,,,,,,,,,,,,,,Finyline_73019651.jpg,Finyline_73019651_1.jpg,Finyline_73019651_2.jpg,Finyline_73019651_3.jpg,Finyline_73019651_4.jpg,,,,,Finyline_73019651_Specification_Sheet.pdf,,,,,,,,,,,,,,,,,,
,,,,,,,Building Materials,Decking & Railing,Balusters,,73019516,Finyline Wh 10' Fl Rail Kit Rd - w/Black Alum Balusters,-- Unbranded --,-- No Unilog Brand --,-- No DIB Brand --,-,Finyline,Finyline,,73019516,,Building & Hardware>Decking & Railing>Balusters,"Finyline, Finyline, Baluster, 73019516",BALU ALUM,"Finyline 73019516 Baluster With Aluminum, Black, White","Finyline Baluster, Aluminum, Black, White","Baluster, Aluminum, Black, White",,Material: Aluminum,Color: Black,Finish: White,,,,,,,,,,,,,,,,,,,,,,,Baluster,Material,Aluminum,,Color,Black,,Finish,White,,,,,,,,,,,,,,,,,,,,,,,,,,,,,,,,,,,,,,,,,,,,,,,,,,,,,,,,,,,,,,,,,,,,,,,,,,,,,,,,,,,,,,,,,,,,,,,,,,,,,,,,,,,,,,,,,,,,,,,,,,,,,,,,,,,,,,,,,,,,,,,,,,,,,,,,,,,,,,,,,,Finyline_73019516.jpg,Finyline_73019516_1.jpg,Finyline_73019516_2.jpg,Finyline_73019516_3.jpg,Finyline_73019516_4.jpg,,,,,Finyline_73019516_Specification_Sheet.pdf,,,,,,,,,,,,,,,,,,
,,,,,,,Building Materials,Decking & Railing,Balusters,,543300256,6' Black Select Classic Horiz - Rail w/Rnd Black Alum Baluster,TREX,-- No Unilog Brand --,-- No DIB Brand --,Boise Cascade Building Materials (BOICA),Boise Cascade Company,Trex,,543300256,,Building & Hardware>Decking & Railing>Balusters,"Boise Cascade Company, Trex, Baluster, Classic, 543300256",BALU ALUM,"Trex Classic 543300256 Baluster With Aluminum, Black","Trex Baluster, Classic, Aluminum, Black","Classic Baluster, Aluminum, Black",,Series: Classic,Material: Aluminum,Color: Black,,,,,,,,,,,,,,,,,,,,,,,Baluster,Series,Classic,,Material,Aluminum,,Color,Black,,,,,,,,,,,,,,,,,,,,,,,,,,,,,,,,,,,,,,,,,,,,,,,,,,,,,,,,,,,,,,,,,,,,,,,,,,,,,,,,,,,,,,,,,,,,,,,,,,,,,,,,,,,,,,,,,,,,,,,,,,,,,,,,,,,,,,,,,,,,,,,,,,,,,,,,,,,,,,,,,,Trex_543300256.jpg,Trex_543300256_1.jpg,Trex_543300256_2.jpg,Trex_543300256_3.jpg,Trex_543300256_4.jpg,,,,,Trex_543300256_Specification_Sheet.pdf,,,,,,,,,,,,,,,,,,
,,,,,,,Building Materials,Decking & Railing,Balusters,,543300276,8' Black Select Classic Horiz - Rail w/Rnd Black Alum Baluster,TREX,-- No Unilog Brand --,-- No DIB Brand --,Boise Cascade Building Materials (BOICA),Boise Cascade Company,Trex,,543300276,,Building & Hardware>Decking & Railing>Balusters,"Boise Cascade Company, Trex, Baluster, Classic, 543300276",BALU ALUM,"Trex Classic 543300276 Baluster With Aluminum, Black","Trex Baluster, Classic, Aluminum, Black","Classic Baluster, Aluminum, Black",,Series: Classic,Material: Aluminum,Color: Black,,,,,,,,,,,,,,,,,,,,,,,Baluster,Series,Classic,,Material,Aluminum,,Color,Black,,,,,,,,,,,,,,,,,,,,,,,,,,,,,,,,,,,,,,,,,,,,,,,,,,,,,,,,,,,,,,,,,,,,,,,,,,,,,,,,,,,,,,,,,,,,,,,,,,,,,,,,,,,,,,,,,,,,,,,,,,,,,,,,,,,,,,,,,,,,,,,,,,,,,,,,,,,,,,,,,,Trex_543300276.jpg,Trex_543300276_1.jpg,Trex_543300276_2.jpg,Trex_543300276_3.jpg,Trex_543300276_4.jpg,,,,,Trex_543300276_Specification_Sheet.pdf,,,,,,,,,,,,,,,,,,
,,,,,,,Building Materials,Decking & Railing,Railing Gates,,73045028,Custom Finyline Wh Gate Sq Bal,-- Unbranded --,-- No Unilog Brand --,-- No DIB Brand --,-,Finyline,Finyline,,73045028,,Building & Hardware>Decking & Railing>Railing Gates,"Finyline, Finyline, Railing Gate, 73045028",RLG GATE,Finyline 73045028 Railing Gate With White,"Finyline Railing Gate, White","Railing Gate, White",,Finish: White,,,,,,,,,,,,,,,,,,,,,,,,,Railing Gate,Finish,White,,,,,,,,,,,,,,,,,,,,,,,,,,,,,,,,,,,,,,,,,,,,,,,,,,,,,,,,,,,,,,,,,,,,,,,,,,,,,,,,,,,,,,,,,,,,,,,,,,,,,,,,,,,,,,,,,,,,,,,,,,,,,,,,,,,,,,,,,,,,,,,,,,,,,,,,,,,,,,,,,,,,,,,,Finyline_73045028.jpg,Finyline_73045028_1.jpg,Finyline_73045028_2.jpg,Finyline_73045028_3.jpg,Finyline_73045028_4.jpg,,,,,Finyline_73045028_Specification_Sheet.pdf,,,,,,,,,,,,,,,,,,
,,,,,,,Building Materials,Decking & Railing,Balusters,,73045031,Custom Finyline Wh Gate Rd - w/Black Alum Balusters,-- Unbranded --,-- No Unilog Brand --,-- No DIB Brand --,-,Finyline,Finyline,,73045031,,Building & Hardware>Decking & Railing>Balusters,"Finyline, Finyline, Baluster, 73045031",BALU ALUM,"Finyline 73045031 Baluster With Aluminum, Black, White","Finyline Baluster, Aluminum, Black, White","Baluster, Aluminum, Black, White",,Material: Aluminum,Color: Black,Finish: White,,,,,,,,,,,,,,,,,,,,,,,Baluster,Material,Aluminum,,Color,Black,,Finish,White,,,,,,,,,,,,,,,,,,,,,,,,,,,,,,,,,,,,,,,,,,,,,,,,,,,,,,,,,,,,,,,,,,,,,,,,,,,,,,,,,,,,,,,,,,,,,,,,,,,,,,,,,,,,,,,,,,,,,,,,,,,,,,,,,,,,,,,,,,,,,,,,,,,,,,,,,,,,,,,,,,Finyline_73045031.jpg,Finyline_73045031_1.jpg,Finyline_73045031_2.jpg,Finyline_73045031_3.jpg,Finyline_73045031_4.jpg,,,,,Finyline_73045031_Specification_Sheet.pdf,,,,,,,,,,,,,,,,,,
,,,,,,,Building Materials,Decking & Railing,Deck Railing Panels,,543340126,"6'x36"" Select Alm w/Sq Bal Hor - Assembled Black Rail Panel",TREX,-- No Unilog Brand --,-- No DIB Brand --,Boise Cascade Building Materials (BOICA),Boise Cascade Company,Trex,,543340126,,Building & Hardware>Decking & Railing>Railing Systems,"Boise Cascade Company, Trex, Railing Panel, Select, 543340126",RLG PNL,"Trex Select 543340126 Railing Panel With Black, Almond","Trex Railing Panel, Select, Black, Almond","Select Railing Panel, Black, Almond",,Series: Select,Color: Black,Finish: Almond,,,,,,,,,,,,,,,,,,,,,,,Railing Panel,Series,Select,,Color,Black,,Finish,Almond,,,,,,,,,,,,,,,,,,,,,,,,,,,,,,,,,,,,,,,,,,,,,,,,,,,,,,,,,,,,,,,,,,,,,,,,,,,,,,,,,,,,,,,,,,,,,,,,,,,,,,,,,,,,,,,,,,,,,,,,,,,,,,,,,,,,,,,,,,,,,,,,,,,,,,,,,,,,,,,,,,Trex_543340126.jpg,Trex_543340126_1.jpg,Trex_543340126_2.jpg,Trex_543340126_3.jpg,Trex_543340126_4.jpg,,,,,Trex_543340126_Specification_Sheet.pdf,,,,,,,,,,,,,,,,,,
,,,,,,,Building Materials,Decking & Railing,Deck Railing Panels,,543340127,"6'x36"" Select Alm w/Sq Bal Str - Assembled Black Rail Panel",TREX,-- No Unilog Brand --,-- No DIB Brand --,Boise Cascade Building Materials (BOICA),Boise Cascade Company,Trex,,543340127,,Building & Hardware>Decking & Railing>Railing Systems,"Boise Cascade Company, Trex, Railing Panel, Select, 543340127",RLG PNL,"Trex Select 543340127 Railing Panel With Black, Almond","Trex Railing Panel, Select, Black, Almond","Select Railing Panel, Black, Almond",,Series: Select,Color: Black,Finish: Almond,,,,,,,,,,,,,,,,,,,,,,,Railing Panel,Series,Select,,Color,Black,,Finish,Almond,,,,,,,,,,,,,,,,,,,,,,,,,,,,,,,,,,,,,,,,,,,,,,,,,,,,,,,,,,,,,,,,,,,,,,,,,,,,,,,,,,,,,,,,,,,,,,,,,,,,,,,,,,,,,,,,,,,,,,,,,,,,,,,,,,,,,,,,,,,,,,,,,,,,,,,,,,,,,,,,,,Trex_543340127.jpg,Trex_543340127_1.jpg,Trex_543340127_2.jpg,Trex_543340127_3.jpg,Trex_543340127_4.jpg,,,,,Trex_543340127_Specification_Sheet.pdf,,,,,,,,,,,,,,,,,,
,,,,,,,Building Materials,Decking & Railing,Deck Railing Panels,,543340146,"8'x36"" Select Alm w/Sq Bal Hor - Assembled Black Rail Panel",TREX,-- No Unilog Brand --,-- No DIB Brand --,Boise Cascade Building Materials (BOICA),Boise Cascade Company,Trex,,543340146,,Building & Hardware>Decking & Railing>Railing Systems,"Boise Cascade Company, Trex, Railing Panel, Select, 543340146",RLG PNL,"Trex Select 543340146 Railing Panel With Black, Almond","Trex Railing Panel, Select, Black, Almond","Select Railing Panel, Black, Almond",,Series: Select,Color: Black,Finish: Almond,,,,,,,,,,,,,,,,,,,,,,,Railing Panel,Series,Select,,Color,Black,,Finish,Almond,,,,,,,,,,,,,,,,,,,,,,,,,,,,,,,,,,,,,,,,,,,,,,,,,,,,,,,,,,,,,,,,,,,,,,,,,,,,,,,,,,,,,,,,,,,,,,,,,,,,,,,,,,,,,,,,,,,,,,,,,,,,,,,,,,,,,,,,,,,,,,,,,,,,,,,,,,,,,,,,,,Trex_543340146.jpg,Trex_543340146_1.jpg,Trex_543340146_2.jpg,Trex_543340146_3.jpg,Trex_543340146_4.jpg,,,,,Trex_543340146_Specification_Sheet.pdf,,,,,,,,,,,,,,,,,,
,,,,,,,Building Materials,Decking & Railing,Deck Railing Panels,,543340147,"8'x36"" Select Alm w/Sq Bal Str - Assembled Black Rail Panel",TREX,-- No Unilog Brand --,-- No DIB Brand --,Boise Cascade Building Materials (BOICA),Boise Cascade Company,Trex,,543340147,,Building & Hardware>Decking & Railing>Railing Systems,"Boise Cascade Company, Trex, Railing Panel, Select, 543340147",RLG PNL,"Trex Select 543340147 Railing Panel With Black, Almond","Trex Railing Panel, Select, Black, Almond","Select Railing Panel, Black, Almond",,Series: Select,Color: Black,Finish: Almond,,,,,,,,,,,,,,,,,,,,,,,Railing Panel,Series,Select,,Color,Black,,Finish,Almond,,,,,,,,,,,,,,,,,,,,,,,,,,,,,,,,,,,,,,,,,,,,,,,,,,,,,,,,,,,,,,,,,,,,,,,,,,,,,,,,,,,,,,,,,,,,,,,,,,,,,,,,,,,,,,,,,,,,,,,,,,,,,,,,,,,,,,,,,,,,,,,,,,,,,,,,,,,,,,,,,,Trex_543340147.jpg,Trex_543340147_1.jpg,Trex_543340147_2.jpg,Trex_543340147_3.jpg,Trex_543340147_4.jpg,,,,,Trex_543340147_Specification_Sheet.pdf,,,,,,,,,,,,,,,,,,
,,,,,,,Building Materials,Decking & Railing,PVC Decking Boards,,ADB15516CS,1x6-16' Coastline Sq Edge - Vintage Azek PVC Decking,TIMBERTECH,-- No Unilog Brand --,-- No DIB Brand --,Parksite (6151),Parksite Inc,TimberTech,,ADB15516CS,,Building & Hardware>Decking & Railing>PVC Decking,"Parksite Inc, TimberTech, PVC Decking Board, Vintage, ADB15516CS",PVC DECK BRD PVC,"TimberTech Vintage ADB15516CS PVC Decking Board With 1 in x 6 in, PVC, Coastline","TimberTech PVC Decking Board, Vintage, 1 in x 6 in, PVC, Coastline","Vintage PVC Decking Board, 1 in x 6 in, PVC, Coastline",,Series: Vintage,Size: 1 in x 6 in,Material: PVC,Color: Coastline,,,,,,,,,,,,,,,,,,,,,,PVC Decking Board,Series,Vintage,,Size,1 in x 6 in,,Material,PVC,,Color,Coastline,,,,,,,,,,,,,,,,,,,,,,,,,,,,,,,,,,,,,,,,,,,,,,,,,,,,,,,,,,,,,,,,,,,,,,,,,,,,,,,,,,,,,,,,,,,,,,,,,,,,,,,,,,,,,,,,,,,,,,,,,,,,,,,,,,,,,,,,,,,,,,,,,,,,,,,,,,,,,,,TimberTech_ADB15516CS.jpg,TimberTech_ADB15516CS_1.jpg,TimberTech_ADB15516CS_2.jpg,TimberTech_ADB15516CS_3.jpg,TimberTech_ADB15516CS_4.jpg,,,,,TimberTech_ADB15516CS_Specification_Sheet.pdf,,,,,,,,,,,,,,,,,,
,,,,,,,Building Materials,Decking & Railing,PVC Decking Boards,,ADB15520CS,1x6-20' Coastline Sq Edge - Vintage Azek PVC Decking,TIMBERTECH,-- No Unilog Brand --,-- No DIB Brand --,Parksite (6151),Parksite Inc,TimberTech,,ADB15520CS,,Building & Hardware>Decking & Railing>PVC Decking,"Parksite Inc, TimberTech, PVC Decking Board, Vintage, ADB15520CS",PVC DECK BRD PVC,"TimberTech Vintage ADB15520CS PVC Decking Board With 1 in x 6 in, PVC, Coastline","TimberTech PVC Decking Board, Vintage, 1 in x 6 in, PVC, Coastline","Vintage PVC Decking Board, 1 in x 6 in, PVC, Coastline",,Series: Vintage,Size: 1 in x 6 in,Material: PVC,Color: Coastline,,,,,,,,,,,,,,,,,,,,,,PVC Decking Board,Series,Vintage,,Size,1 in x 6 in,,Material,PVC,,Color,Coastline,,,,,,,,,,,,,,,,,,,,,,,,,,,,,,,,,,,,,,,,,,,,,,,,,,,,,,,,,,,,,,,,,,,,,,,,,,,,,,,,,,,,,,,,,,,,,,,,,,,,,,,,,,,,,,,,,,,,,,,,,,,,,,,,,,,,,,,,,,,,,,,,,,,,,,,,,,,,,,,TimberTech_ADB15520CS.jpg,TimberTech_ADB15520CS_1.jpg,TimberTech_ADB15520CS_2.jpg,TimberTech_ADB15520CS_3.jpg,TimberTech_ADB15520CS_4.jpg,,,,,TimberTech_ADB15520CS_Specification_Sheet.pdf,,,,,,,,,,,,,,,,,,
,,,,,,,Building Materials,Decking & Railing,PVC Decking Boards,,ADB15516EW,1x6-16' English Walnut Sq Edge - Vintage Azek PVC Decking,TIMBERTECH,-- No Unilog Brand --,-- No DIB Brand --,Parksite (6151),Parksite Inc,TimberTech,,ADB15516EW,,Building & Hardware>Decking & Railing>PVC Decking,"Parksite Inc, TimberTech, PVC Decking Board, Vintage, ADB15516EW",PVC DECK BRD PVC,"TimberTech Vintage ADB15516EW PVC Decking Board With 1 in x 6 in, PVC","TimberTech PVC Decking Board, Vintage, 1 in x 6 in, PVC","Vintage PVC Decking Board, 1 in x 6 in, PVC",,Series: Vintage,Size: 1 in x 6 in,Material: PVC,,,,,,,,,,,,,,,,,,,,,,,PVC Decking Board,Series,Vintage,,Size,1 in x 6 in,,Material,PVC,,,,,,,,,,,,,,,,,,,,,,,,,,,,,,,,,,,,,,,,,,,,,,,,,,,,,,,,,,,,,,,,,,,,,,,,,,,,,,,,,,,,,,,,,,,,,,,,,,,,,,,,,,,,,,,,,,,,,,,,,,,,,,,,,,,,,,,,,,,,,,,,,,,,,,,,,,,,,,,,,,TimberTech_ADB15516EW.jpg,TimberTech_ADB15516EW_1.jpg,TimberTech_ADB15516EW_2.jpg,TimberTech_ADB15516EW_3.jpg,TimberTech_ADB15516EW_4.jpg,,,,,TimberTech_ADB15516EW_Specification_Sheet.pdf,,,,,,,,,,,,,,,,,,
,,,,,,,Building Materials,Decking & Railing,PVC Decking Boards,,ADB15520EW,1x6-20' English Walnut Sq Edge - Vintage Azek PVC Decking,TIMBERTECH,-- No Unilog Brand --,-- No DIB Brand --,Parksite (6151),Parksite Inc,TimberTech,,ADB15520EW,,Building & Hardware>Decking & Railing>PVC Decking,"Parksite Inc, TimberTech, PVC Decking Board, Vintage, ADB15520EW",PVC DECK BRD PVC,"TimberTech Vintage ADB15520EW PVC Decking Board With 1 in x 6 in, PVC","TimberTech PVC Decking Board, Vintage, 1 in x 6 in, PVC","Vintage PVC Decking Board, 1 in x 6 in, PVC",,Series: Vintage,Size: 1 in x 6 in,Material: PVC,,,,,,,,,,,,,,,,,,,,,,,PVC Decking Board,Series,Vintage,,Size,1 in x 6 in,,Material,PVC,,,,,,,,,,,,,,,,,,,,,,,,,,,,,,,,,,,,,,,,,,,,,,,,,,,,,,,,,,,,,,,,,,,,,,,,,,,,,,,,,,,,,,,,,,,,,,,,,,,,,,,,,,,,,,,,,,,,,,,,,,,,,,,,,,,,,,,,,,,,,,,,,,,,,,,,,,,,,,,,,,TimberTech_ADB15520EW.jpg,TimberTech_ADB15520EW_1.jpg,TimberTech_ADB15520EW_2.jpg,TimberTech_ADB15520EW_3.jpg,TimberTech_ADB15520EW_4.jpg,,,,,TimberTech_ADB15520EW_Specification_Sheet.pdf,,,,,,,,,,,,,,,,,,
,,,,,,,Building Materials,Decking & Railing,PVC Decking Boards,,ADB15516MH,1x6-16' Mahogany Sq Edge - Vintage Azek PVC Decking,TIMBERTECH,-- No Unilog Brand --,-- No DIB Brand --,Parksite (6151),Parksite Inc,TimberTech,,ADB15516MH,,Building & Hardware>Decking & Railing>PVC Decking,"Parksite Inc, TimberTech, PVC Decking Board, Vintage, ADB15516MH",PVC DECK BRD PVC,"TimberTech Vintage ADB15516MH PVC Decking Board With 1 in x 6 in, PVC, Mahogany","TimberTech PVC Decking Board, Vintage, 1 in x 6 in, PVC, Mahogany","Vintage PVC Decking Board, 1 in x 6 in, PVC, Mahogany",,Series: Vintage,Size: 1 in x 6 in,Material: PVC,Color: Mahogany,,,,,,,,,,,,,,,,,,,,,,PVC Decking Board,Series,Vintage,,Size,1 in x 6 in,,Material,PVC,,Color,Mahogany,,,,,,,,,,,,,,,,,,,,,,,,,,,,,,,,,,,,,,,,,,,,,,,,,,,,,,,,,,,,,,,,,,,,,,,,,,,,,,,,,,,,,,,,,,,,,,,,,,,,,,,,,,,,,,,,,,,,,,,,,,,,,,,,,,,,,,,,,,,,,,,,,,,,,,,,,,,,,,,TimberTech_ADB15516MH.jpg,TimberTech_ADB15516MH_1.jpg,TimberTech_ADB15516MH_2.jpg,TimberTech_ADB15516MH_3.jpg,TimberTech_ADB15516MH_4.jpg,,,,,TimberTech_ADB15516MH_Specification_Sheet.pdf,,,,,,,,,,,,,,,,,,
,,,,,,,Building Materials,Decking & Railing,PVC Decking Boards,,ADB15520MH,1x6-20' Mahogany Sq Edge - Vintage Azek PVC Decking,TIMBERTECH,-- No Unilog Brand --,-- No DIB Brand --,Parksite (6151),Parksite Inc,TimberTech,,ADB15520MH,,Building & Hardware>Decking & Railing>PVC Decking,"Parksite Inc, TimberTech, PVC Decking Board, Vintage, ADB15520MH",PVC DECK BRD PVC,"TimberTech Vintage ADB15520MH PVC Decking Board With 1 in x 6 in, PVC, Mahogany","TimberTech PVC Decking Board, Vintage, 1 in x 6 in, PVC, Mahogany","Vintage PVC Decking Board, 1 in x 6 in, PVC, Mahogany",,Series: Vintage,Size: 1 in x 6 in,Material: PVC,Color: Mahogany,,,,,,,,,,,,,,,,,,,,,,PVC Decking Board,Series,Vintage,,Size,1 in x 6 in,,Material,PVC,,Color,Mahogany,,,,,,,,,,,,,,,,,,,,,,,,,,,,,,,,,,,,,,,,,,,,,,,,,,,,,,,,,,,,,,,,,,,,,,,,,,,,,,,,,,,,,,,,,,,,,,,,,,,,,,,,,,,,,,,,,,,,,,,,,,,,,,,,,,,,,,,,,,,,,,,,,,,,,,,,,,,,,,,TimberTech_ADB15520MH.jpg,TimberTech_ADB15520MH_1.jpg,TimberTech_ADB15520MH_2.jpg,TimberTech_ADB15520MH_3.jpg,TimberTech_ADB15520MH_4.jpg,,,,,TimberTech_ADB15520MH_Specification_Sheet.pdf,,,,,,,,,,,,,,,,,,
,,,,,,,Building Materials,Decking & Railing,PVC Decking Boards,,ADB15516WT,1x6-16' Weathered Teak Sq Edge - Vintage Azek PVC Decking,TIMBERTECH,-- No Unilog Brand --,-- No DIB Brand --,Parksite (6151),Parksite Inc,TimberTech,,ADB15516WT,,Building & Hardware>Decking & Railing>PVC Decking,"Parksite Inc, TimberTech, PVC Decking Board, Vintage, ADB15516WT",PVC DECK BRD PVC,"TimberTech Vintage ADB15516WT PVC Decking Board With 1 in x 6 in, PVC","TimberTech PVC Decking Board, Vintage, 1 in x 6 in, PVC","Vintage PVC Decking Board, 1 in x 6 in, PVC",,Series: Vintage,Size: 1 in x 6 in,Material: PVC,,,,,,,,,,,,,,,,,,,,,,,PVC Decking Board,Series,Vintage,,Size,1 in x 6 in,,Material,PVC,,,,,,,,,,,,,,,,,,,,,,,,,,,,,,,,,,,,,,,,,,,,,,,,,,,,,,,,,,,,,,,,,,,,,,,,,,,,,,,,,,,,,,,,,,,,,,,,,,,,,,,,,,,,,,,,,,,,,,,,,,,,,,,,,,,,,,,,,,,,,,,,,,,,,,,,,,,,,,,,,,TimberTech_ADB15516WT.jpg,TimberTech_ADB15516WT_1.jpg,TimberTech_ADB15516WT_2.jpg,TimberTech_ADB15516WT_3.jpg,TimberTech_ADB15516WT_4.jpg,,,,,TimberTech_ADB15516WT_Specification_Sheet.pdf,,,,,,,,,,,,,,,,,,
,,,,,,,Building Materials,Decking & Railing,PVC Decking Boards,,ADB15520WT,1x6-20' Weathered Teak Sq Edge - Vintage Azek PVC Decking,TIMBERTECH,-- No Unilog Brand --,-- No DIB Brand --,Parksite (6151),Parksite Inc,TimberTech,,ADB15520WT,,Building & Hardware>Decking & Railing>PVC Decking,"Parksite Inc, TimberTech, PVC Decking Board, Vintage, ADB15520WT",PVC DECK BRD PVC,"TimberTech Vintage ADB15520WT PVC Decking Board With 1 in x 6 in, PVC","TimberTech PVC Decking Board, Vintage, 1 in x 6 in, PVC","Vintage PVC Decking Board, 1 in x 6 in, PVC",,Series: Vintage,Size: 1 in x 6 in,Material: PVC,,,,,,,,,,,,,,,,,,,,,,,PVC Decking Board,Series,Vintage,,Size,1 in x 6 in,,Material,PVC,,,,,,,,,,,,,,,,,,,,,,,,,,,,,,,,,,,,,,,,,,,,,,,,,,,,,,,,,,,,,,,,,,,,,,,,,,,,,,,,,,,,,,,,,,,,,,,,,,,,,,,,,,,,,,,,,,,,,,,,,,,,,,,,,,,,,,,,,,,,,,,,,,,,,,,,,,,,,,,,,,TimberTech_ADB15520WT.jpg,TimberTech_ADB15520WT_1.jpg,TimberTech_ADB15520WT_2.jpg,TimberTech_ADB15520WT_3.jpg,TimberTech_ADB15520WT_4.jpg,,,,,TimberTech_ADB15520WT_Specification_Sheet.pdf,,,,,,,,,,,,,,,,,,
,,,,,,,Building Materials,Decking & Railing,PVC Decking Boards,,AGB15512CS,1x6-12' Coastline Grooved - Vintage Azek PVC Decking,TIMBERTECH,-- No Unilog Brand --,-- No DIB Brand --,Parksite (6151),Parksite Inc,TimberTech,,AGB15512CS,,Building & Hardware>Decking & Railing>PVC Decking,"Parksite Inc, TimberTech, PVC Decking Board, Vintage, AGB15512CS",PVC DECK BRD PVC,"TimberTech Vintage AGB15512CS PVC Decking Board With 1 in x 6 in, PVC, Coastline","TimberTech PVC Decking Board, Vintage, 1 in x 6 in, PVC, Coastline","Vintage PVC Decking Board, 1 in x 6 in, PVC, Coastline",,Series: Vintage,Size: 1 in x 6 in,Material: PVC,Color: Coastline,,,,,,,,,,,,,,,,,,,,,,PVC Decking Board,Series,Vintage,,Size,1 in x 6 in,,Material,PVC,,Color,Coastline,,,,,,,,,,,,,,,,,,,,,,,,,,,,,,,,,,,,,,,,,,,,,,,,,,,,,,,,,,,,,,,,,,,,,,,,,,,,,,,,,,,,,,,,,,,,,,,,,,,,,,,,,,,,,,,,,,,,,,,,,,,,,,,,,,,,,,,,,,,,,,,,,,,,,,,,,,,,,,,TimberTech_AGB15512CS.jpg,TimberTech_AGB15512CS_1.jpg,TimberTech_AGB15512CS_2.jpg,TimberTech_AGB15512CS_3.jpg,TimberTech_AGB15512CS_4.jpg,,,,,TimberTech_AGB15512CS_Specification_Sheet.pdf,,,,,,,,,,,,,,,,,,
,,,,,,,Building Materials,Decking & Railing,PVC Decking Boards,,AGB15516CS,1x6-16' Coastline Grooved - Vintage Azek PVC Decking,TIMBERTECH,-- No Unilog Brand --,-- No DIB Brand --,Parksite (6151),Parksite Inc,TimberTech,,AGB15516CS,,Building & Hardware>Decking & Railing>PVC Decking,"Parksite Inc, TimberTech, PVC Decking Board, Vintage, AGB15516CS",PVC DECK BRD PVC,"TimberTech Vintage AGB15516CS PVC Decking Board With 1 in x 6 in, PVC, Coastline","TimberTech PVC Decking Board, Vintage, 1 in x 6 in, PVC, Coastline","Vintage PVC Decking Board, 1 in x 6 in, PVC, Coastline",,Series: Vintage,Size: 1 in x 6 in,Material: PVC,Color: Coastline,,,,,,,,,,,,,,,,,,,,,,PVC Decking Board,Series,Vintage,,Size,1 in x 6 in,,Material,PVC,,Color,Coastline,,,,,,,,,,,,,,,,,,,,,,,,,,,,,,,,,,,,,,,,,,,,,,,,,,,,,,,,,,,,,,,,,,,,,,,,,,,,,,,,,,,,,,,,,,,,,,,,,,,,,,,,,,,,,,,,,,,,,,,,,,,,,,,,,,,,,,,,,,,,,,,,,,,,,,,,,,,,,,,TimberTech_AGB15516CS.jpg,TimberTech_AGB15516CS_1.jpg,TimberTech_AGB15516CS_2.jpg,TimberTech_AGB15516CS_3.jpg,TimberTech_AGB15516CS_4.jpg,,,,,TimberTech_AGB15516CS_Specification_Sheet.pdf,,,,,,,,,,,,,,,,,,
,,,,,,,Building Materials,Decking & Railing,PVC Decking Boards,,AGB15520CS,1x6-20' Coastline Grooved - Vintage Azek PVC Decking,TIMBERTECH,-- No Unilog Brand --,-- No DIB Brand --,Parksite (6151),Parksite Inc,TimberTech,,AGB15520CS,,Building & Hardware>Decking & Railing>PVC Decking,"Parksite Inc, TimberTech, PVC Decking Board, Vintage, AGB15520CS",PVC DECK BRD PVC,"TimberTech Vintage AGB15520CS PVC Decking Board With 1 in x 6 in, PVC, Coastline","TimberTech PVC Decking Board, Vintage, 1 in x 6 in, PVC, Coastline","Vintage PVC Decking Board, 1 in x 6 in, PVC, Coastline",,Series: Vintage,Size: 1 in x 6 in,Material: PVC,Color: Coastline,,,,,,,,,,,,,,,,,,,,,,PVC Decking Board,Series,Vintage,,Size,1 in x 6 in,,Material,PVC,,Color,Coastline,,,,,,,,,,,,,,,,,,,,,,,,,,,,,,,,,,,,,,,,,,,,,,,,,,,,,,,,,,,,,,,,,,,,,,,,,,,,,,,,,,,,,,,,,,,,,,,,,,,,,,,,,,,,,,,,,,,,,,,,,,,,,,,,,,,,,,,,,,,,,,,,,,,,,,,,,,,,,,,TimberTech_AGB15520CS.jpg,TimberTech_AGB15520CS_1.jpg,TimberTech_AGB15520CS_2.jpg,TimberTech_AGB15520CS_3.jpg,TimberTech_AGB15520CS_4.jpg,,,,,TimberTech_AGB15520CS_Specification_Sheet.pdf,,,,,,,,,,,,,,,,,,
,,,,,,,Building Materials,Decking & Railing,PVC Decking Boards,,AGB15512EW,1x6-12' English Walnut Grooved - Vintage Azek PVC Decking,TIMBERTECH,-- No Unilog Brand --,-- No DIB Brand --,Parksite (6151),Parksite Inc,TimberTech,,AGB15512EW,,Building & Hardware>Decking & Railing>PVC Decking,"Parksite Inc, TimberTech, PVC Decking Board, Vintage, AGB15512EW",PVC DECK BRD PVC,"TimberTech Vintage AGB15512EW PVC Decking Board With 1 in x 6 in, PVC","TimberTech PVC Decking Board, Vintage, 1 in x 6 in, PVC","Vintage PVC Decking Board, 1 in x 6 in, PVC",,Series: Vintage,Size: 1 in x 6 in,Material: PVC,,,,,,,,,,,,,,,,,,,,,,,PVC Decking Board,Series,Vintage,,Size,1 in x 6 in,,Material,PVC,,,,,,,,,,,,,,,,,,,,,,,,,,,,,,,,,,,,,,,,,,,,,,,,,,,,,,,,,,,,,,,,,,,,,,,,,,,,,,,,,,,,,,,,,,,,,,,,,,,,,,,,,,,,,,,,,,,,,,,,,,,,,,,,,,,,,,,,,,,,,,,,,,,,,,,,,,,,,,,,,,TimberTech_AGB15512EW.jpg,TimberTech_AGB15512EW_1.jpg,TimberTech_AGB15512EW_2.jpg,TimberTech_AGB15512EW_3.jpg,TimberTech_AGB15512EW_4.jpg,,,,,TimberTech_AGB15512EW_Specification_Sheet.pdf,,,,,,,,,,,,,,,,,,
,,,,,,,Building Materials,Decking & Railing,PVC Decking Boards,,AGB15516EW,1x6-16' English Walnut Grooved - Vintage Azek PVC Decking,TIMBERTECH,-- No Unilog Brand --,-- No DIB Brand --,Parksite (6151),Parksite Inc,TimberTech,,AGB15516EW,,Building & Hardware>Decking & Railing>PVC Decking,"Parksite Inc, TimberTech, PVC Decking Board, Vintage, AGB15516EW",PVC DECK BRD PVC,"TimberTech Vintage AGB15516EW PVC Decking Board With 1 in x 6 in, PVC","TimberTech PVC Decking Board, Vintage, 1 in x 6 in, PVC","Vintage PVC Decking Board, 1 in x 6 in, PVC",,Series: Vintage,Size: 1 in x 6 in,Material: PVC,,,,,,,,,,,,,,,,,,,,,,,PVC Decking Board,Series,Vintage,,Size,1 in x 6 in,,Material,PVC,,,,,,,,,,,,,,,,,,,,,,,,,,,,,,,,,,,,,,,,,,,,,,,,,,,,,,,,,,,,,,,,,,,,,,,,,,,,,,,,,,,,,,,,,,,,,,,,,,,,,,,,,,,,,,,,,,,,,,,,,,,,,,,,,,,,,,,,,,,,,,,,,,,,,,,,,,,,,,,,,,TimberTech_AGB15516EW.jpg,TimberTech_AGB15516EW_1.jpg,TimberTech_AGB15516EW_2.jpg,TimberTech_AGB15516EW_3.jpg,TimberTech_AGB15516EW_4.jpg,,,,,TimberTech_AGB15516EW_Specification_Sheet.pdf,,,,,,,,,,,,,,,,,,
,,,,,,,Building Materials,Decking & Railing,PVC Decking Boards,,AGB15520EW,1x6-20' English Walnut Grooved - Vintage Azek PVC Decking,TIMBERTECH,-- No Unilog Brand --,-- No DIB Brand --,Parksite (6151),Parksite Inc,TimberTech,,AGB15520EW,,Building & Hardware>Decking & Railing>PVC Decking,"Parksite Inc, TimberTech, PVC Decking Board, Vintage, AGB15520EW",PVC DECK BRD PVC,"TimberTech Vintage AGB15520EW PVC Decking Board With 1 in x 6 in, PVC","TimberTech PVC Decking Board, Vintage, 1 in x 6 in, PVC","Vintage PVC Decking Board, 1 in x 6 in, PVC",,Series: Vintage,Size: 1 in x 6 in,Material: PVC,,,,,,,,,,,,,,,,,,,,,,,PVC Decking Board,Series,Vintage,,Size,1 in x 6 in,,Material,PVC,,,,,,,,,,,,,,,,,,,,,,,,,,,,,,,,,,,,,,,,,,,,,,,,,,,,,,,,,,,,,,,,,,,,,,,,,,,,,,,,,,,,,,,,,,,,,,,,,,,,,,,,,,,,,,,,,,,,,,,,,,,,,,,,,,,,,,,,,,,,,,,,,,,,,,,,,,,,,,,,,,TimberTech_AGB15520EW.jpg,TimberTech_AGB15520EW_1.jpg,TimberTech_AGB15520EW_2.jpg,TimberTech_AGB15520EW_3.jpg,TimberTech_AGB15520EW_4.jpg,,,,,TimberTech_AGB15520EW_Specification_Sheet.pdf,,,,,,,,,,,,,,,,,,
,,,,,,,Building Materials,Decking & Railing,PVC Decking Boards,,AGB15512MH,1x6-12' Mahogany Grooved - Vintage Azek PVC Decking,TIMBERTECH,-- No Unilog Brand --,-- No DIB Brand --,Parksite (6151),Parksite Inc,TimberTech,,AGB15512MH,,Building & Hardware>Decking & Railing>PVC Decking,"Parksite Inc, TimberTech, PVC Decking Board, Vintage, AGB15512MH",PVC DECK BRD PVC,"TimberTech Vintage AGB15512MH PVC Decking Board With 1 in x 6 in, PVC, Mahogany","TimberTech PVC Decking Board, Vintage, 1 in x 6 in, PVC, Mahogany","Vintage PVC Decking Board, 1 in x 6 in, PVC, Mahogany",,Series: Vintage,Size: 1 in x 6 in,Material: PVC,Color: Mahogany,,,,,,,,,,,,,,,,,,,,,,PVC Decking Board,Series,Vintage,,Size,1 in x 6 in,,Material,PVC,,Color,Mahogany,,,,,,,,,,,,,,,,,,,,,,,,,,,,,,,,,,,,,,,,,,,,,,,,,,,,,,,,,,,,,,,,,,,,,,,,,,,,,,,,,,,,,,,,,,,,,,,,,,,,,,,,,,,,,,,,,,,,,,,,,,,,,,,,,,,,,,,,,,,,,,,,,,,,,,,,,,,,,,,TimberTech_AGB15512MH.jpg,TimberTech_AGB15512MH_1.jpg,TimberTech_AGB15512MH_2.jpg,TimberTech_AGB15512MH_3.jpg,TimberTech_AGB15512MH_4.jpg,,,,,TimberTech_AGB15512MH_Specification_Sheet.pdf,,,,,,,,,,,,,,,,,,
,,,,,,,Building Materials,Decking & Railing,PVC Decking Boards,,AGB15516MH,1x6-16' Mahogany Grooved - Vintage Azek PVC Decking,TIMBERTECH,-- No Unilog Brand --,-- No DIB Brand --,Parksite (6151),Parksite Inc,TimberTech,,AGB15516MH,,Building & Hardware>Decking & Railing>PVC Decking,"Parksite Inc, TimberTech, PVC Decking Board, Vintage, AGB15516MH",PVC DECK BRD PVC,"TimberTech Vintage AGB15516MH PVC Decking Board With 1 in x 6 in, PVC, Mahogany","TimberTech PVC Decking Board, Vintage, 1 in x 6 in, PVC, Mahogany","Vintage PVC Decking Board, 1 in x 6 in, PVC, Mahogany",,Series: Vintage,Size: 1 in x 6 in,Material: PVC,Color: Mahogany,,,,,,,,,,,,,,,,,,,,,,PVC Decking Board,Series,Vintage,,Size,1 in x 6 in,,Material,PVC,,Color,Mahogany,,,,,,,,,,,,,,,,,,,,,,,,,,,,,,,,,,,,,,,,,,,,,,,,,,,,,,,,,,,,,,,,,,,,,,,,,,,,,,,,,,,,,,,,,,,,,,,,,,,,,,,,,,,,,,,,,,,,,,,,,,,,,,,,,,,,,,,,,,,,,,,,,,,,,,,,,,,,,,,TimberTech_AGB15516MH.jpg,TimberTech_AGB15516MH_1.jpg,TimberTech_AGB15516MH_2.jpg,TimberTech_AGB15516MH_3.jpg,TimberTech_AGB15516MH_4.jpg,,,,,TimberTech_AGB15516MH_Specification_Sheet.pdf,,,,,,,,,,,,,,,,,,
,,,,,,,Building Materials,Decking & Railing,PVC Decking Boards,,AGB15520MH,1x6-20' Mahogany Grooved - Vintage Azek PVC Decking,TIMBERTECH,-- No Unilog Brand --,-- No DIB Brand --,Parksite (6151),Parksite Inc,TimberTech,,AGB15520MH,,Building & Hardware>Decking & Railing>PVC Decking,"Parksite Inc, TimberTech, PVC Decking Board, Vintage, AGB15520MH",PVC DECK BRD PVC,"TimberTech Vintage AGB15520MH PVC Decking Board With 1 in x 6 in, PVC, Mahogany","TimberTech PVC Decking Board, Vintage, 1 in x 6 in, PVC, Mahogany","Vintage PVC Decking Board, 1 in x 6 in, PVC, Mahogany",,Series: Vintage,Size: 1 in x 6 in,Material: PVC,Color: Mahogany,,,,,,,,,,,,,,,,,,,,,,PVC Decking Board,Series,Vintage,,Size,1 in x 6 in,,Material,PVC,,Color,Mahogany,,,,,,,,,,,,,,,,,,,,,,,,,,,,,,,,,,,,,,,,,,,,,,,,,,,,,,,,,,,,,,,,,,,,,,,,,,,,,,,,,,,,,,,,,,,,,,,,,,,,,,,,,,,,,,,,,,,,,,,,,,,,,,,,,,,,,,,,,,,,,,,,,,,,,,,,,,,,,,,TimberTech_AGB15520MH.jpg,TimberTech_AGB15520MH_1.jpg,TimberTech_AGB15520MH_2.jpg,TimberTech_AGB15520MH_3.jpg,TimberTech_AGB15520MH_4.jpg,,,,,TimberTech_AGB15520MH_Specification_Sheet.pdf,,,,,,,,,,,,,,,,,,
,,,,,,,Building Materials,Decking & Railing,PVC Decking Boards,,AGB15512WT,1x6-12' Weathered Teak Grooved - Vintage Azek PVC Decking,TIMBERTECH,-- No Unilog Brand --,-- No DIB Brand --,Parksite (6151),Parksite Inc,TimberTech,,AGB15512WT,,Building & Hardware>Decking & Railing>PVC Decking,"Parksite Inc, TimberTech, PVC Decking Board, Vintage, AGB15512WT",PVC DECK BRD PVC,"TimberTech Vintage AGB15512WT PVC Decking Board With 1 in x 6 in, PVC","TimberTech PVC Decking Board, Vintage, 1 in x 6 in, PVC","Vintage PVC Decking Board, 1 in x 6 in, PVC",,Series: Vintage,Size: 1 in x 6 in,Material: PVC,,,,,,,,,,,,,,,,,,,,,,,PVC Decking Board,Series,Vintage,,Size,1 in x 6 in,,Material,PVC,,,,,,,,,,,,,,,,,,,,,,,,,,,,,,,,,,,,,,,,,,,,,,,,,,,,,,,,,,,,,,,,,,,,,,,,,,,,,,,,,,,,,,,,,,,,,,,,,,,,,,,,,,,,,,,,,,,,,,,,,,,,,,,,,,,,,,,,,,,,,,,,,,,,,,,,,,,,,,,,,,TimberTech_AGB15512WT.jpg,TimberTech_AGB15512WT_1.jpg,TimberTech_AGB15512WT_2.jpg,TimberTech_AGB15512WT_3.jpg,TimberTech_AGB15512WT_4.jpg,,,,,TimberTech_AGB15512WT_Specification_Sheet.pdf,,,,,,,,,,,,,,,,,,
,,,,,,,Building Materials,Decking & Railing,PVC Decking Boards,,AGB15516WT,1x6-16' Weathered Teak Grooved - Vintage Azek PVC Decking,TIMBERTECH,-- No Unilog Brand --,-- No DIB Brand --,Parksite (6151),Parksite Inc,TimberTech,,AGB15516WT,,Building & Hardware>Decking & Railing>PVC Decking,"Parksite Inc, TimberTech, PVC Decking Board, Vintage, AGB15516WT",PVC DECK BRD PVC,"TimberTech Vintage AGB15516WT PVC Decking Board With 1 in x 6 in, PVC","TimberTech PVC Decking Board, Vintage, 1 in x 6 in, PVC","Vintage PVC Decking Board, 1 in x 6 in, PVC",,Series: Vintage,Size: 1 in x 6 in,Material: PVC,,,,,,,,,,,,,,,,,,,,,,,PVC Decking Board,Series,Vintage,,Size,1 in x 6 in,,Material,PVC,,,,,,,,,,,,,,,,,,,,,,,,,,,,,,,,,,,,,,,,,,,,,,,,,,,,,,,,,,,,,,,,,,,,,,,,,,,,,,,,,,,,,,,,,,,,,,,,,,,,,,,,,,,,,,,,,,,,,,,,,,,,,,,,,,,,,,,,,,,,,,,,,,,,,,,,,,,,,,,,,,TimberTech_AGB15516WT.jpg,TimberTech_AGB15516WT_1.jpg,TimberTech_AGB15516WT_2.jpg,TimberTech_AGB15516WT_3.jpg,TimberTech_AGB15516WT_4.jpg,,,,,TimberTech_AGB15516WT_Specification_Sheet.pdf,,,,,,,,,,,,,,,,,,
,,,,,,,Building Materials,Decking & Railing,PVC Decking Boards,,AGB15520WT,1x6-20' Weathered Teak Grooved - Vintage Azek PVC Decking,TIMBERTECH,-- No Unilog Brand --,-- No DIB Brand --,Parksite (6151),Parksite Inc,TimberTech,,AGB15520WT,,Building & Hardware>Decking & Railing>PVC Decking,"Parksite Inc, TimberTech, PVC Decking Board, Vintage, AGB15520WT",PVC DECK BRD PVC,"TimberTech Vintage AGB15520WT PVC Decking Board With 1 in x 6 in, PVC","TimberTech PVC Decking Board, Vintage, 1 in x 6 in, PVC","Vintage PVC Decking Board, 1 in x 6 in, PVC",,Series: Vintage,Size: 1 in x 6 in,Material: PVC,,,,,,,,,,,,,,,,,,,,,,,PVC Decking Board,Series,Vintage,,Size,1 in x 6 in,,Material,PVC,,,,,,,,,,,,,,,,,,,,,,,,,,,,,,,,,,,,,,,,,,,,,,,,,,,,,,,,,,,,,,,,,,,,,,,,,,,,,,,,,,,,,,,,,,,,,,,,,,,,,,,,,,,,,,,,,,,,,,,,,,,,,,,,,,,,,,,,,,,,,,,,,,,,,,,,,,,,,,,,,,TimberTech_AGB15520WT.jpg,TimberTech_AGB15520WT_1.jpg,TimberTech_AGB15520WT_2.jpg,TimberTech_AGB15520WT_3.jpg,TimberTech_AGB15520WT_4.jpg,,,,,TimberTech_AGB15520WT_Specification_Sheet.pdf,,,,,,,,,,,,,,,,,,
,,,,,,,Building Materials,Decking & Railing,PVC Decking Boards,,ADB15516AW,1x6-16' American Walnut Sq Edg - Landmark Azek PVC Decking,TIMBERTECH,-- No Unilog Brand --,-- No DIB Brand --,Parksite (6151),Parksite Inc,TimberTech,,ADB15516AW,,Building & Hardware>Decking & Railing>PVC Decking,"Parksite Inc, TimberTech, PVC Decking Board, Landmark, ADB15516AW",PVC DECK BRD PVC,"TimberTech Landmark ADB15516AW PVC Decking Board With 1 in x 6 in, PVC","TimberTech PVC Decking Board, Landmark, 1 in x 6 in, PVC","Landmark PVC Decking Board, 1 in x 6 in, PVC",,Series: Landmark,Size: 1 in x 6 in,Material: PVC,,,,,,,,,,,,,,,,,,,,,,,PVC Decking Board,Series,Landmark,,Size,1 in x 6 in,,Material,PVC,,,,,,,,,,,,,,,,,,,,,,,,,,,,,,,,,,,,,,,,,,,,,,,,,,,,,,,,,,,,,,,,,,,,,,,,,,,,,,,,,,,,,,,,,,,,,,,,,,,,,,,,,,,,,,,,,,,,,,,,,,,,,,,,,,,,,,,,,,,,,,,,,,,,,,,,,,,,,,,,,,TimberTech_ADB15516AW.jpg,TimberTech_ADB15516AW_1.jpg,TimberTech_ADB15516AW_2.jpg,TimberTech_ADB15516AW_3.jpg,TimberTech_ADB15516AW_4.jpg,,,,,TimberTech_ADB15516AW_Specification_Sheet.pdf,,,,,,,,,,,,,,,,,,
,,,,,,,Building Materials,Decking & Railing,PVC Decking Boards,,ADB15520AW,1x6-20' American Walnut Sq Edg - Landmark Azek PVC Decking,TIMBERTECH,-- No Unilog Brand --,-- No DIB Brand --,Parksite (6151),Parksite Inc,TimberTech,,ADB15520AW,,Building & Hardware>Decking & Railing>PVC Decking,"Parksite Inc, TimberTech, PVC Decking Board, Landmark, ADB15520AW",PVC DECK BRD PVC,"TimberTech Landmark ADB15520AW PVC Decking Board With 1 in x 6 in, PVC","TimberTech PVC Decking Board, Landmark, 1 in x 6 in, PVC","Landmark PVC Decking Board, 1 in x 6 in, PVC",,Series: Landmark,Size: 1 in x 6 in,Material: PVC,,,,,,,,,,,,,,,,,,,,,,,PVC Decking Board,Series,Landmark,,Size,1 in x 6 in,,Material,PVC,,,,,,,,,,,,,,,,,,,,,,,,,,,,,,,,,,,,,,,,,,,,,,,,,,,,,,,,,,,,,,,,,,,,,,,,,,,,,,,,,,,,,,,,,,,,,,,,,,,,,,,,,,,,,,,,,,,,,,,,,,,,,,,,,,,,,,,,,,,,,,,,,,,,,,,,,,,,,,,,,,TimberTech_ADB15520AW.jpg,TimberTech_ADB15520AW_1.jpg,TimberTech_ADB15520AW_2.jpg,TimberTech_ADB15520AW_3.jpg,TimberTech_ADB15520AW_4.jpg,,,,,TimberTech_ADB15520AW_Specification_Sheet.pdf,,,,,,,,,,,,,,,,,,
,,,,,,,Building Materials,Decking & Railing,PVC Decking Boards,,ADB15516CG,1x6-16' Castle Gate Sq Edge - Landmark Azek PVC Decking,TIMBERTECH,-- No Unilog Brand --,-- No DIB Brand --,Parksite (6151),Parksite Inc,TimberTech,,ADB15516CG,,Building & Hardware>Decking & Railing>PVC Decking,"Parksite Inc, TimberTech, PVC Decking Board, Landmark, ADB15516CG",PVC DECK BRD PVC,"TimberTech Landmark ADB15516CG PVC Decking Board With 1 in x 6 in, PVC","TimberTech PVC Decking Board, Landmark, 1 in x 6 in, PVC","Landmark PVC Decking Board, 1 in x 6 in, PVC",,Series: Landmark,Size: 1 in x 6 in,Material: PVC,,,,,,,,,,,,,,,,,,,,,,,PVC Decking Board,Series,Landmark,,Size,1 in x 6 in,,Material,PVC,,,,,,,,,,,,,,,,,,,,,,,,,,,,,,,,,,,,,,,,,,,,,,,,,,,,,,,,,,,,,,,,,,,,,,,,,,,,,,,,,,,,,,,,,,,,,,,,,,,,,,,,,,,,,,,,,,,,,,,,,,,,,,,,,,,,,,,,,,,,,,,,,,,,,,,,,,,,,,,,,,TimberTech_ADB15516CG.jpg,TimberTech_ADB15516CG_1.jpg,TimberTech_ADB15516CG_2.jpg,TimberTech_ADB15516CG_3.jpg,TimberTech_ADB15516CG_4.jpg,,,,,TimberTech_ADB15516CG_Specification_Sheet.pdf,,,,,,,,,,,,,,,,,,
,,,,,,,Building Materials,Decking & Railing,PVC Decking Boards,,ADB15520CG,1x6-20' Castle Gate Sq Edge - Landmark Azek PVC Decking,TIMBERTECH,-- No Unilog Brand --,-- No DIB Brand --,Parksite (6151),Parksite Inc,TimberTech,,ADB15520CG,,Building & Hardware>Decking & Railing>PVC Decking,"Parksite Inc, TimberTech, PVC Decking Board, Landmark, ADB15520CG",PVC DECK BRD PVC,"TimberTech Landmark ADB15520CG PVC Decking Board With 1 in x 6 in, PVC","TimberTech PVC Decking Board, Landmark, 1 in x 6 in, PVC","Landmark PVC Decking Board, 1 in x 6 in, PVC",,Series: Landmark,Size: 1 in x 6 in,Material: PVC,,,,,,,,,,,,,,,,,,,,,,,PVC Decking Board,Series,Landmark,,Size,1 in x 6 in,,Material,PVC,,,,,,,,,,,,,,,,,,,,,,,,,,,,,,,,,,,,,,,,,,,,,,,,,,,,,,,,,,,,,,,,,,,,,,,,,,,,,,,,,,,,,,,,,,,,,,,,,,,,,,,,,,,,,,,,,,,,,,,,,,,,,,,,,,,,,,,,,,,,,,,,,,,,,,,,,,,,,,,,,,TimberTech_ADB15520CG.jpg,TimberTech_ADB15520CG_1.jpg,TimberTech_ADB15520CG_2.jpg,TimberTech_ADB15520CG_3.jpg,TimberTech_ADB15520CG_4.jpg,,,,,TimberTech_ADB15520CG_Specification_Sheet.pdf,,,,,,,,,,,,,,,,,,
,,,,,,,Building Materials,Decking & Railing,PVC Decking Boards,,ADB15516FW,1x6-16' French White Oak Sq Ed - Landmark Azek PVC Decking,TIMBERTECH,-- No Unilog Brand --,-- No DIB Brand --,Parksite (6151),Parksite Inc,TimberTech,,ADB15516FW,,Building & Hardware>Decking & Railing>PVC Decking,"Parksite Inc, TimberTech, PVC Decking Board, Landmark, ADB15516FW",PVC DECK BRD PVC,"TimberTech Landmark ADB15516FW PVC Decking Board With 1 in x 6 in, PVC, White","TimberTech PVC Decking Board, Landmark, 1 in x 6 in, PVC, White","Landmark PVC Decking Board, 1 in x 6 in, PVC, White",,Series: Landmark,Size: 1 in x 6 in,Material: PVC,Color: White,,,,,,,,,,,,,,,,,,,,,,PVC Decking Board,Series,Landmark,,Size,1 in x 6 in,,Material,PVC,,Color,White,,,,,,,,,,,,,,,,,,,,,,,,,,,,,,,,,,,,,,,,,,,,,,,,,,,,,,,,,,,,,,,,,,,,,,,,,,,,,,,,,,,,,,,,,,,,,,,,,,,,,,,,,,,,,,,,,,,,,,,,,,,,,,,,,,,,,,,,,,,,,,,,,,,,,,,,,,,,,,,TimberTech_ADB15516FW.jpg,TimberTech_ADB15516FW_1.jpg,TimberTech_ADB15516FW_2.jpg,TimberTech_ADB15516FW_3.jpg,TimberTech_ADB15516FW_4.jpg,,,,,TimberTech_ADB15516FW_Specification_Sheet.pdf,,,,,,,,,,,,,,,,,,
,,,,,,,Building Materials,Decking & Railing,PVC Decking Boards,,ADB15520FW,1x6-20' French White Oak Sq Ed - Landmark Azek PVC Decking,TIMBERTECH,-- No Unilog Brand --,-- No DIB Brand --,Parksite (6151),Parksite Inc,TimberTech,,ADB15520FW,,Building & Hardware>Decking & Railing>PVC Decking,"Parksite Inc, TimberTech, PVC Decking Board, Landmark, ADB15520FW",PVC DECK BRD PVC,"TimberTech Landmark ADB15520FW PVC Decking Board With 1 in x 6 in, PVC, White","TimberTech PVC Decking Board, Landmark, 1 in x 6 in, PVC, White","Landmark PVC Decking Board, 1 in x 6 in, PVC, White",,Series: Landmark,Size: 1 in x 6 in,Material: PVC,Color: White,,,,,,,,,,,,,,,,,,,,,,PVC Decking Board,Series,Landmark,,Size,1 in x 6 in,,Material,PVC,,Color,White,,,,,,,,,,,,,,,,,,,,,,,,,,,,,,,,,,,,,,,,,,,,,,,,,,,,,,,,,,,,,,,,,,,,,,,,,,,,,,,,,,,,,,,,,,,,,,,,,,,,,,,,,,,,,,,,,,,,,,,,,,,,,,,,,,,,,,,,,,,,,,,,,,,,,,,,,,,,,,,TimberTech_ADB15520FW.jpg,TimberTech_ADB15520FW_1.jpg,TimberTech_ADB15520FW_2.jpg,TimberTech_ADB15520FW_3.jpg,TimberTech_ADB15520FW_4.jpg,,,,,TimberTech_ADB15520FW_Specification_Sheet.pdf,,,,,,,,,,,,,,,,,,
,,,,,,,Building Materials,Decking & Railing,PVC Decking Boards,,AGB15512AW,1x6-12' American Walnut Groove - Landmark Azek PVC Decking,TIMBERTECH,-- No Unilog Brand --,-- No DIB Brand --,Parksite (6151),Parksite Inc,TimberTech,,AGB15512AW,,Building & Hardware>Decking & Railing>PVC Decking,"Parksite Inc, TimberTech, PVC Decking Board, Landmark, AGB15512AW",PVC DECK BRD PVC,"TimberTech Landmark AGB15512AW PVC Decking Board With 1 in x 6 in, PVC","TimberTech PVC Decking Board, Landmark, 1 in x 6 in, PVC","Landmark PVC Decking Board, 1 in x 6 in, PVC",,Series: Landmark,Size: 1 in x 6 in,Material: PVC,,,,,,,,,,,,,,,,,,,,,,,PVC Decking Board,Series,Landmark,,Size,1 in x 6 in,,Material,PVC,,,,,,,,,,,,,,,,,,,,,,,,,,,,,,,,,,,,,,,,,,,,,,,,,,,,,,,,,,,,,,,,,,,,,,,,,,,,,,,,,,,,,,,,,,,,,,,,,,,,,,,,,,,,,,,,,,,,,,,,,,,,,,,,,,,,,,,,,,,,,,,,,,,,,,,,,,,,,,,,,,TimberTech_AGB15512AW.jpg,TimberTech_AGB15512AW_1.jpg,TimberTech_AGB15512AW_2.jpg,TimberTech_AGB15512AW_3.jpg,TimberTech_AGB15512AW_4.jpg,,,,,TimberTech_AGB15512AW_Specification_Sheet.pdf,,,,,,,,,,,,,,,,,,
,,,,,,,Building Materials,Decking & Railing,PVC Decking Boards,,AGB15516AW,1x6-16' American Walnut Groove - Landmark Azek PVC Decking,TIMBERTECH,-- No Unilog Brand --,-- No DIB Brand --,Parksite (6151),Parksite Inc,TimberTech,,AGB15516AW,,Building & Hardware>Decking & Railing>PVC Decking,"Parksite Inc, TimberTech, PVC Decking Board, Landmark, AGB15516AW",PVC DECK BRD PVC,"TimberTech Landmark AGB15516AW PVC Decking Board With 1 in x 6 in, PVC","TimberTech PVC Decking Board, Landmark, 1 in x 6 in, PVC","Landmark PVC Decking Board, 1 in x 6 in, PVC",,Series: Landmark,Size: 1 in x 6 in,Material: PVC,,,,,,,,,,,,,,,,,,,,,,,PVC Decking Board,Series,Landmark,,Size,1 in x 6 in,,Material,PVC,,,,,,,,,,,,,,,,,,,,,,,,,,,,,,,,,,,,,,,,,,,,,,,,,,,,,,,,,,,,,,,,,,,,,,,,,,,,,,,,,,,,,,,,,,,,,,,,,,,,,,,,,,,,,,,,,,,,,,,,,,,,,,,,,,,,,,,,,,,,,,,,,,,,,,,,,,,,,,,,,,TimberTech_AGB15516AW.jpg,TimberTech_AGB15516AW_1.jpg,TimberTech_AGB15516AW_2.jpg,TimberTech_AGB15516AW_3.jpg,TimberTech_AGB15516AW_4.jpg,,,,,TimberTech_AGB15516AW_Specification_Sheet.pdf,,,,,,,,,,,,,,,,,,
,,,,,,,Building Materials,Decking & Railing,PVC Decking Boards,,AGB15520AW,1x6-20' American Walnut Groove - Landmark Azek PVC Decking,TIMBERTECH,-- No Unilog Brand --,-- No DIB Brand --,Parksite (6151),Parksite Inc,TimberTech,,AGB15520AW,,Building & Hardware>Decking & Railing>PVC Decking,"Parksite Inc, TimberTech, PVC Decking Board, Landmark, AGB15520AW",PVC DECK BRD PVC,"TimberTech Landmark AGB15520AW PVC Decking Board With 1 in x 6 in, PVC","TimberTech PVC Decking Board, Landmark, 1 in x 6 in, PVC","Landmark PVC Decking Board, 1 in x 6 in, PVC",,Series: Landmark,Size: 1 in x 6 in,Material: PVC,,,,,,,,,,,,,,,,,,,,,,,PVC Decking Board,Series,Landmark,,Size,1 in x 6 in,,Material,PVC,,,,,,,,,,,,,,,,,,,,,,,,,,,,,,,,,,,,,,,,,,,,,,,,,,,,,,,,,,,,,,,,,,,,,,,,,,,,,,,,,,,,,,,,,,,,,,,,,,,,,,,,,,,,,,,,,,,,,,,,,,,,,,,,,,,,,,,,,,,,,,,,,,,,,,,,,,,,,,,,,,TimberTech_AGB15520AW.jpg,TimberTech_AGB15520AW_1.jpg,TimberTech_AGB15520AW_2.jpg,TimberTech_AGB15520AW_3.jpg,TimberTech_AGB15520AW_4.jpg,,,,,TimberTech_AGB15520AW_Specification_Sheet.pdf,,,,,,,,,,,,,,,,,,
,,,,,,,Building Materials,Decking & Railing,PVC Decking Boards,,AGB15512CG,1x6-12' Castle Gate Grooved - Landmark Azek PVC Decking,TIMBERTECH,-- No Unilog Brand --,-- No DIB Brand --,Parksite (6151),Parksite Inc,TimberTech,,AGB15512CG,,Building & Hardware>Decking & Railing>PVC Decking,"Parksite Inc, TimberTech, PVC Decking Board, Landmark, AGB15512CG",PVC DECK BRD PVC,"TimberTech Landmark AGB15512CG PVC Decking Board With 1 in x 6 in, PVC","TimberTech PVC Decking Board, Landmark, 1 in x 6 in, PVC","Landmark PVC Decking Board, 1 in x 6 in, PVC",,Series: Landmark,Size: 1 in x 6 in,Material: PVC,,,,,,,,,,,,,,,,,,,,,,,PVC Decking Board,Series,Landmark,,Size,1 in x 6 in,,Material,PVC,,,,,,,,,,,,,,,,,,,,,,,,,,,,,,,,,,,,,,,,,,,,,,,,,,,,,,,,,,,,,,,,,,,,,,,,,,,,,,,,,,,,,,,,,,,,,,,,,,,,,,,,,,,,,,,,,,,,,,,,,,,,,,,,,,,,,,,,,,,,,,,,,,,,,,,,,,,,,,,,,,TimberTech_AGB15512CG.jpg,TimberTech_AGB15512CG_1.jpg,TimberTech_AGB15512CG_2.jpg,TimberTech_AGB15512CG_3.jpg,TimberTech_AGB15512CG_4.jpg,,,,,TimberTech_AGB15512CG_Specification_Sheet.pdf,,,,,,,,,,,,,,,,,,
,,,,,,,Building Materials,Decking & Railing,PVC Decking Boards,,AGB15516CG,1x6-16' Castle Gate Grooved - Landmark Azek PVC Decking,TIMBERTECH,-- No Unilog Brand --,-- No DIB Brand --,Parksite (6151),Parksite Inc,TimberTech,,AGB15516CG,,Building & Hardware>Decking & Railing>PVC Decking,"Parksite Inc, TimberTech, PVC Decking Board, Landmark, AGB15516CG",PVC DECK BRD PVC,"TimberTech Landmark AGB15516CG PVC Decking Board With 1 in x 6 in, PVC","TimberTech PVC Decking Board, Landmark, 1 in x 6 in, PVC","Landmark PVC Decking Board, 1 in x 6 in, PVC",,Series: Landmark,Size: 1 in x 6 in,Material: PVC,,,,,,,,,,,,,,,,,,,,,,,PVC Decking Board,Series,Landmark,,Size,1 in x 6 in,,Material,PVC,,,,,,,,,,,,,,,,,,,,,,,,,,,,,,,,,,,,,,,,,,,,,,,,,,,,,,,,,,,,,,,,,,,,,,,,,,,,,,,,,,,,,,,,,,,,,,,,,,,,,,,,,,,,,,,,,,,,,,,,,,,,,,,,,,,,,,,,,,,,,,,,,,,,,,,,,,,,,,,,,,TimberTech_AGB15516CG.jpg,TimberTech_AGB15516CG_1.jpg,TimberTech_AGB15516CG_2.jpg,TimberTech_AGB15516CG_3.jpg,TimberTech_AGB15516CG_4.jpg,,,,,TimberTech_AGB15516CG_Specification_Sheet.pdf,,,,,,,,,,,,,,,,,,
,,,,,,,Building Materials,Decking & Railing,PVC Decking Boards,,AGB15520CG,1x6-20' Castle Gate Grooved - Landmark Azek PVC Decking,TIMBERTECH,-- No Unilog Brand --,-- No DIB Brand --,Parksite (6151),Parksite Inc,TimberTech,,AGB15520CG,,Building & Hardware>Decking & Railing>PVC Decking,"Parksite Inc, TimberTech, PVC Decking Board, Landmark, AGB15520CG",PVC DECK BRD PVC,"TimberTech Landmark AGB15520CG PVC Decking Board With 1 in x 6 in, PVC","TimberTech PVC Decking Board, Landmark, 1 in x 6 in, PVC","Landmark PVC Decking Board, 1 in x 6 in, PVC",,Series: Landmark,Size: 1 in x 6 in,Material: PVC,,,,,,,,,,,,,,,,,,,,,,,PVC Decking Board,Series,Landmark,,Size,1 in x 6 in,,Material,PVC,,,,,,,,,,,,,,,,,,,,,,,,,,,,,,,,,,,,,,,,,,,,,,,,,,,,,,,,,,,,,,,,,,,,,,,,,,,,,,,,,,,,,,,,,,,,,,,,,,,,,,,,,,,,,,,,,,,,,,,,,,,,,,,,,,,,,,,,,,,,,,,,,,,,,,,,,,,,,,,,,,TimberTech_AGB15520CG.jpg,TimberTech_AGB15520CG_1.jpg,TimberTech_AGB15520CG_2.jpg,TimberTech_AGB15520CG_3.jpg,TimberTech_AGB15520CG_4.jpg,,,,,TimberTech_AGB15520CG_Specification_Sheet.pdf,,,,,,,,,,,,,,,,,,
,,,,,,,Building Materials,Decking & Railing,PVC Decking Boards,,AGB15512FW,1x6-12' French White Oak Groov - Landmark Azek PVC Decking,TIMBERTECH,-- No Unilog Brand --,-- No DIB Brand --,Parksite (6151),Parksite Inc,TimberTech,,AGB15512FW,,Building & Hardware>Decking & Railing>PVC Decking,"Parksite Inc, TimberTech, PVC Decking Board, Landmark, AGB15512FW",PVC DECK BRD PVC,"TimberTech Landmark AGB15512FW PVC Decking Board With 1 in x 6 in, PVC, White","TimberTech PVC Decking Board, Landmark, 1 in x 6 in, PVC, White","Landmark PVC Decking Board, 1 in x 6 in, PVC, White",,Series: Landmark,Size: 1 in x 6 in,Material: PVC,Color: White,,,,,,,,,,,,,,,,,,,,,,PVC Decking Board,Series,Landmark,,Size,1 in x 6 in,,Material,PVC,,Color,White,,,,,,,,,,,,,,,,,,,,,,,,,,,,,,,,,,,,,,,,,,,,,,,,,,,,,,,,,,,,,,,,,,,,,,,,,,,,,,,,,,,,,,,,,,,,,,,,,,,,,,,,,,,,,,,,,,,,,,,,,,,,,,,,,,,,,,,,,,,,,,,,,,,,,,,,,,,,,,,TimberTech_AGB15512FW.jpg,TimberTech_AGB15512FW_1.jpg,TimberTech_AGB15512FW_2.jpg,TimberTech_AGB15512FW_3.jpg,TimberTech_AGB15512FW_4.jpg,,,,,TimberTech_AGB15512FW_Specification_Sheet.pdf,,,,,,,,,,,,,,,,,,
,,,,,,,Building Materials,Decking & Railing,PVC Decking Boards,,AGB15516FW,1x6-16' French White Oak Groov - Landmark Azek PVC Decking,TIMBERTECH,-- No Unilog Brand --,-- No DIB Brand --,Parksite (6151),Parksite Inc,TimberTech,,AGB15516FW,,Building & Hardware>Decking & Railing>PVC Decking,"Parksite Inc, TimberTech, PVC Decking Board, Landmark, AGB15516FW",PVC DECK BRD PVC,"TimberTech Landmark AGB15516FW PVC Decking Board With 1 in x 6 in, PVC, White","TimberTech PVC Decking Board, Landmark, 1 in x 6 in, PVC, White","Landmark PVC Decking Board, 1 in x 6 in, PVC, White",,Series: Landmark,Size: 1 in x 6 in,Material: PVC,Color: White,,,,,,,,,,,,,,,,,,,,,,PVC Decking Board,Series,Landmark,,Size,1 in x 6 in,,Material,PVC,,Color,White,,,,,,,,,,,,,,,,,,,,,,,,,,,,,,,,,,,,,,,,,,,,,,,,,,,,,,,,,,,,,,,,,,,,,,,,,,,,,,,,,,,,,,,,,,,,,,,,,,,,,,,,,,,,,,,,,,,,,,,,,,,,,,,,,,,,,,,,,,,,,,,,,,,,,,,,,,,,,,,TimberTech_AGB15516FW.jpg,TimberTech_AGB15516FW_1.jpg,TimberTech_AGB15516FW_2.jpg,TimberTech_AGB15516FW_3.jpg,TimberTech_AGB15516FW_4.jpg,,,,,TimberTech_AGB15516FW_Specification_Sheet.pdf,,,,,,,,,,,,,,,,,,
,,,,,,,Building Materials,Decking & Railing,PVC Decking Boards,,AGB15520FW,1x6-20' French White Oak Groov - Landmark Azek PVC Decking,TIMBERTECH,-- No Unilog Brand --,-- No DIB Brand --,Parksite (6151),Parksite Inc,TimberTech,,AGB15520FW,,Building & Hardware>Decking & Railing>PVC Decking,"Parksite Inc, TimberTech, PVC Decking Board, Landmark, AGB15520FW",PVC DECK BRD PVC,"TimberTech Landmark AGB15520FW PVC Decking Board With 1 in x 6 in, PVC, White","TimberTech PVC Decking Board, Landmark, 1 in x 6 in, PVC, White","Landmark PVC Decking Board, 1 in x 6 in, PVC, White",,Series: Landmark,Size: 1 in x 6 in,Material: PVC,Color: White,,,,,,,,,,,,,,,,,,,,,,PVC Decking Board,Series,Landmark,,Size,1 in x 6 in,,Material,PVC,,Color,White,,,,,,,,,,,,,,,,,,,,,,,,,,,,,,,,,,,,,,,,,,,,,,,,,,,,,,,,,,,,,,,,,,,,,,,,,,,,,,,,,,,,,,,,,,,,,,,,,,,,,,,,,,,,,,,,,,,,,,,,,,,,,,,,,,,,,,,,,,,,,,,,,,,,,,,,,,,,,,,TimberTech_AGB15520FW.jpg,TimberTech_AGB15520FW_1.jpg,TimberTech_AGB15520FW_2.jpg,TimberTech_AGB15520FW_3.jpg,TimberTech_AGB15520FW_4.jpg,,,,,TimberTech_AGB15520FW_Specification_Sheet.pdf,,,,,,,,,,,,,,,,,,
,,,,,,,Building Materials,Decking & Railing,PVC Decking Boards,,ADCB15516BS,1x6-16' Brownstone Sq Edge - Harvest Azek PVC Decking,TIMBERTECH,-- No Unilog Brand --,-- No DIB Brand --,Parksite (6151),Parksite Inc,TimberTech,,ADCB15516BS,,Building & Hardware>Decking & Railing>PVC Decking,"Parksite Inc, TimberTech, PVC Decking Board, Harvest, ADCB15516BS",PVC DECK BRD PVC,"TimberTech Harvest ADCB15516BS PVC Decking Board With 1 in x 6 in, PVC","TimberTech PVC Decking Board, Harvest, 1 in x 6 in, PVC","Harvest PVC Decking Board, 1 in x 6 in, PVC",,Series: Harvest,Size: 1 in x 6 in,Material: PVC,,,,,,,,,,,,,,,,,,,,,,,PVC Decking Board,Series,Harvest,,Size,1 in x 6 in,,Material,PVC,,,,,,,,,,,,,,,,,,,,,,,,,,,,,,,,,,,,,,,,,,,,,,,,,,,,,,,,,,,,,,,,,,,,,,,,,,,,,,,,,,,,,,,,,,,,,,,,,,,,,,,,,,,,,,,,,,,,,,,,,,,,,,,,,,,,,,,,,,,,,,,,,,,,,,,,,,,,,,,,,,TimberTech_ADCB15516BS.jpg,TimberTech_ADCB15516BS_1.jpg,TimberTech_ADCB15516BS_2.jpg,TimberTech_ADCB15516BS_3.jpg,TimberTech_ADCB15516BS_4.jpg,,,,,TimberTech_ADCB15516BS_Specification_Sheet.pdf,,,,,,,,,,,,,,,,,,
,,,,,,,Building Materials,Decking & Railing,PVC Decking Boards,,ADCB15520BS,1x6-20' Brownstone Sq Edge - Harvest Azek PVC Decking,TIMBERTECH,-- No Unilog Brand --,-- No DIB Brand --,Parksite (6151),Parksite Inc,TimberTech,,ADCB15520BS,,Building & Hardware>Decking & Railing>PVC Decking,"Parksite Inc, TimberTech, PVC Decking Board, Harvest, ADCB15520BS",PVC DECK BRD PVC,"TimberTech Harvest ADCB15520BS PVC Decking Board With 1 in x 6 in, PVC","TimberTech PVC Decking Board, Harvest, 1 in x 6 in, PVC","Harvest PVC Decking Board, 1 in x 6 in, PVC",,Series: Harvest,Size: 1 in x 6 in,Material: PVC,,,,,,,,,,,,,,,,,,,,,,,PVC Decking Board,Series,Harvest,,Size,1 in x 6 in,,Material,PVC,,,,,,,,,,,,,,,,,,,,,,,,,,,,,,,,,,,,,,,,,,,,,,,,,,,,,,,,,,,,,,,,,,,,,,,,,,,,,,,,,,,,,,,,,,,,,,,,,,,,,,,,,,,,,,,,,,,,,,,,,,,,,,,,,,,,,,,,,,,,,,,,,,,,,,,,,,,,,,,,,,TimberTech_ADCB15520BS.jpg,TimberTech_ADCB15520BS_1.jpg,TimberTech_ADCB15520BS_2.jpg,TimberTech_ADCB15520BS_3.jpg,TimberTech_ADCB15520BS_4.jpg,,,,,TimberTech_ADCB15520BS_Specification_Sheet.pdf,,,,,,,,,,,,,,,,,,
,,,,,,,Building Materials,Decking & Railing,PVC Decking Boards,,ADCB15516SG,1x6-16' Slate Gray Sq Edge - Harvest Azek PVC Decking,TIMBERTECH,-- No Unilog Brand --,-- No DIB Brand --,Parksite (6151),Parksite Inc,TimberTech,,ADCB15516SG,,Building & Hardware>Decking & Railing>PVC Decking,"Parksite Inc, TimberTech, PVC Decking Board, Harvest, ADCB15516SG",PVC DECK BRD PVC,"TimberTech Harvest ADCB15516SG PVC Decking Board With 1 in x 6 in, PVC, Gray","TimberTech PVC Decking Board, Harvest, 1 in x 6 in, PVC, Gray","Harvest PVC Decking Board, 1 in x 6 in, PVC, Gray",,Series: Harvest,Size: 1 in x 6 in,Material: PVC,Color: Gray,,,,,,,,,,,,,,,,,,,,,,PVC Decking Board,Series,Harvest,,Size,1 in x 6 in,,Material,PVC,,Color,Gray,,,,,,,,,,,,,,,,,,,,,,,,,,,,,,,,,,,,,,,,,,,,,,,,,,,,,,,,,,,,,,,,,,,,,,,,,,,,,,,,,,,,,,,,,,,,,,,,,,,,,,,,,,,,,,,,,,,,,,,,,,,,,,,,,,,,,,,,,,,,,,,,,,,,,,,,,,,,,,,TimberTech_ADCB15516SG.jpg,TimberTech_ADCB15516SG_1.jpg,TimberTech_ADCB15516SG_2.jpg,TimberTech_ADCB15516SG_3.jpg,TimberTech_ADCB15516SG_4.jpg,,,,,TimberTech_ADCB15516SG_Specification_Sheet.pdf,,,,,,,,,,,,,,,,,,
,,,,,,,Building Materials,Decking & Railing,PVC Decking Boards,,ADCB15520SG,1x6-20' Slate Gray Sq Edge - Harvest Azek PVC Decking,TIMBERTECH,-- No Unilog Brand --,-- No DIB Brand --,Parksite (6151),Parksite Inc,TimberTech,,ADCB15520SG,,Building & Hardware>Decking & Railing>PVC Decking,"Parksite Inc, TimberTech, PVC Decking Board, Harvest, ADCB15520SG",PVC DECK BRD PVC,"TimberTech Harvest ADCB15520SG PVC Decking Board With 1 in x 6 in, PVC, Gray","TimberTech PVC Decking Board, Harvest, 1 in x 6 in, PVC, Gray","Harvest PVC Decking Board, 1 in x 6 in, PVC, Gray",,Series: Harvest,Size: 1 in x 6 in,Material: PVC,Color: Gray,,,,,,,,,,,,,,,,,,,,,,PVC Decking Board,Series,Harvest,,Size,1 in x 6 in,,Material,PVC,,Color,Gray,,,,,,,,,,,,,,,,,,,,,,,,,,,,,,,,,,,,,,,,,,,,,,,,,,,,,,,,,,,,,,,,,,,,,,,,,,,,,,,,,,,,,,,,,,,,,,,,,,,,,,,,,,,,,,,,,,,,,,,,,,,,,,,,,,,,,,,,,,,,,,,,,,,,,,,,,,,,,,,TimberTech_ADCB15520SG.jpg,TimberTech_ADCB15520SG_1.jpg,TimberTech_ADCB15520SG_2.jpg,TimberTech_ADCB15520SG_3.jpg,TimberTech_ADCB15520SG_4.jpg,,,,,TimberTech_ADCB15520SG_Specification_Sheet.pdf,,,,,,,,,,,,,,,,,,
,,,,,,,Building Materials,Decking & Railing,PVC Decking Boards,,AGB15512BS,1x6-12' Brownstone Grooved - Harvest Azek PVC Decking,TIMBERTECH,-- No Unilog Brand --,-- No DIB Brand --,Parksite (6151),Parksite Inc,TimberTech,,AGB15512BS,,Building & Hardware>Decking & Railing>PVC Decking,"Parksite Inc, TimberTech, PVC Decking Board, Harvest, AGB15512BS",PVC DECK BRD PVC,"TimberTech Harvest AGB15512BS PVC Decking Board With 1 in x 6 in, PVC","TimberTech PVC Decking Board, Harvest, 1 in x 6 in, PVC","Harvest PVC Decking Board, 1 in x 6 in, PVC",,Series: Harvest,Size: 1 in x 6 in,Material: PVC,,,,,,,,,,,,,,,,,,,,,,,PVC Decking Board,Series,Harvest,,Size,1 in x 6 in,,Material,PVC,,,,,,,,,,,,,,,,,,,,,,,,,,,,,,,,,,,,,,,,,,,,,,,,,,,,,,,,,,,,,,,,,,,,,,,,,,,,,,,,,,,,,,,,,,,,,,,,,,,,,,,,,,,,,,,,,,,,,,,,,,,,,,,,,,,,,,,,,,,,,,,,,,,,,,,,,,,,,,,,,,TimberTech_AGB15512BS.jpg,TimberTech_AGB15512BS_1.jpg,TimberTech_AGB15512BS_2.jpg,TimberTech_AGB15512BS_3.jpg,TimberTech_AGB15512BS_4.jpg,,,,,TimberTech_AGB15512BS_Specification_Sheet.pdf,,,,,,,,,,,,,,,,,,
,,,,,,,Building Materials,Decking & Railing,PVC Decking Boards,,AGB15516BS,1x6-16' Brownstone Grooved - Harvest Azek PVC Decking,TIMBERTECH,-- No Unilog Brand --,-- No DIB Brand --,Parksite (6151),Parksite Inc,TimberTech,,AGB15516BS,,Building & Hardware>Decking & Railing>PVC Decking,"Parksite Inc, TimberTech, PVC Decking Board, Harvest, AGB15516BS",PVC DECK BRD PVC,"TimberTech Harvest AGB15516BS PVC Decking Board With 1 in x 6 in, PVC","TimberTech PVC Decking Board, Harvest, 1 in x 6 in, PVC","Harvest PVC Decking Board, 1 in x 6 in, PVC",,Series: Harvest,Size: 1 in x 6 in,Material: PVC,,,,,,,,,,,,,,,,,,,,,,,PVC Decking Board,Series,Harvest,,Size,1 in x 6 in,,Material,PVC,,,,,,,,,,,,,,,,,,,,,,,,,,,,,,,,,,,,,,,,,,,,,,,,,,,,,,,,,,,,,,,,,,,,,,,,,,,,,,,,,,,,,,,,,,,,,,,,,,,,,,,,,,,,,,,,,,,,,,,,,,,,,,,,,,,,,,,,,,,,,,,,,,,,,,,,,,,,,,,,,,TimberTech_AGB15516BS.jpg,TimberTech_AGB15516BS_1.jpg,TimberTech_AGB15516BS_2.jpg,TimberTech_AGB15516BS_3.jpg,TimberTech_AGB15516BS_4.jpg,,,,,TimberTech_AGB15516BS_Specification_Sheet.pdf,,,,,,,,,,,,,,,,,,
,,,,,,,Building Materials,Decking & Railing,PVC Decking Boards,,AGB15520BS,1x6-20' Brownstone Grooved - Harvest Azek PVC Decking,TIMBERTECH,-- No Unilog Brand --,-- No DIB Brand --,Parksite (6151),Parksite Inc,TimberTech,,AGB15520BS,,Building & Hardware>Decking & Railing>PVC Decking,"Parksite Inc, TimberTech, PVC Decking Board, Harvest, AGB15520BS",PVC DECK BRD PVC,"TimberTech Harvest AGB15520BS PVC Decking Board With 1 in x 6 in, PVC","TimberTech PVC Decking Board, Harvest, 1 in x 6 in, PVC","Harvest PVC Decking Board, 1 in x 6 in, PVC",,Series: Harvest,Size: 1 in x 6 in,Material: PVC,,,,,,,,,,,,,,,,,,,,,,,PVC Decking Board,Series,Harvest,,Size,1 in x 6 in,,Material,PVC,,,,,,,,,,,,,,,,,,,,,,,,,,,,,,,,,,,,,,,,,,,,,,,,,,,,,,,,,,,,,,,,,,,,,,,,,,,,,,,,,,,,,,,,,,,,,,,,,,,,,,,,,,,,,,,,,,,,,,,,,,,,,,,,,,,,,,,,,,,,,,,,,,,,,,,,,,,,,,,,,,TimberTech_AGB15520BS.jpg,TimberTech_AGB15520BS_1.jpg,TimberTech_AGB15520BS_2.jpg,TimberTech_AGB15520BS_3.jpg,TimberTech_AGB15520BS_4.jpg,,,,,TimberTech_AGB15520BS_Specification_Sheet.pdf,,,,,,,,,,,,,,,,,,
,,,,,,,Building Materials,Decking & Railing,PVC Decking Boards,,AGB15512SG,1x6-12' Slate Gray Grooved - Harvest Azek PVC Decking,TIMBERTECH,-- No Unilog Brand --,-- No DIB Brand --,Parksite (6151),Parksite Inc,TimberTech,,AGB15512SG,,Building & Hardware>Decking & Railing>PVC Decking,"Parksite Inc, TimberTech, PVC Decking Board, Harvest, AGB15512SG",PVC DECK BRD PVC,"TimberTech Harvest AGB15512SG PVC Decking Board With 1 in x 6 in, PVC, Gray","TimberTech PVC Decking Board, Harvest, 1 in x 6 in, PVC, Gray","Harvest PVC Decking Board, 1 in x 6 in, PVC, Gray",,Series: Harvest,Size: 1 in x 6 in,Material: PVC,Color: Gray,,,,,,,,,,,,,,,,,,,,,,PVC Decking Board,Series,Harvest,,Size,1 in x 6 in,,Material,PVC,,Color,Gray,,,,,,,,,,,,,,,,,,,,,,,,,,,,,,,,,,,,,,,,,,,,,,,,,,,,,,,,,,,,,,,,,,,,,,,,,,,,,,,,,,,,,,,,,,,,,,,,,,,,,,,,,,,,,,,,,,,,,,,,,,,,,,,,,,,,,,,,,,,,,,,,,,,,,,,,,,,,,,,TimberTech_AGB15512SG.jpg,TimberTech_AGB15512SG_1.jpg,TimberTech_AGB15512SG_2.jpg,TimberTech_AGB15512SG_3.jpg,TimberTech_AGB15512SG_4.jpg,,,,,TimberTech_AGB15512SG_Specification_Sheet.pdf,,,,,,,,,,,,,,,,,,
,,,,,,,Building Materials,Decking & Railing,PVC Decking Boards,,AGB15516SG,1x6-16' Slate Gray Grooved - Harvest Azek PVC Decking,TIMBERTECH,-- No Unilog Brand --,-- No DIB Brand --,Parksite (6151),Parksite Inc,TimberTech,,AGB15516SG,,Building & Hardware>Decking & Railing>PVC Decking,"Parksite Inc, TimberTech, PVC Decking Board, Harvest, AGB15516SG",PVC DECK BRD PVC,"TimberTech Harvest AGB15516SG PVC Decking Board With 1 in x 6 in, PVC, Gray","TimberTech PVC Decking Board, Harvest, 1 in x 6 in, PVC, Gray","Harvest PVC Decking Board, 1 in x 6 in, PVC, Gray",,Series: Harvest,Size: 1 in x 6 in,Material: PVC,Color: Gray,,,,,,,,,,,,,,,,,,,,,,PVC Decking Board,Series,Harvest,,Size,1 in x 6 in,,Material,PVC,,Color,Gray,,,,,,,,,,,,,,,,,,,,,,,,,,,,,,,,,,,,,,,,,,,,,,,,,,,,,,,,,,,,,,,,,,,,,,,,,,,,,,,,,,,,,,,,,,,,,,,,,,,,,,,,,,,,,,,,,,,,,,,,,,,,,,,,,,,,,,,,,,,,,,,,,,,,,,,,,,,,,,,TimberTech_AGB15516SG.jpg,TimberTech_AGB15516SG_1.jpg,TimberTech_AGB15516SG_2.jpg,TimberTech_AGB15516SG_3.jpg,TimberTech_AGB15516SG_4.jpg,,,,,TimberTech_AGB15516SG_Specification_Sheet.pdf,,,,,,,,,,,,,,,,,,
,,,,,,,Building Materials,Decking & Railing,PVC Decking Boards,,AGB15520SG,1x6-20' Slate Gray Grooved - Harvest Azek PVC Decking,TIMBERTECH,-- No Unilog Brand --,-- No DIB Brand --,Parksite (6151),Parksite Inc,TimberTech,,AGB15520SG,,Building & Hardware>Decking & Railing>PVC Decking,"Parksite Inc, TimberTech, PVC Decking Board, Harvest, AGB15520SG",PVC DECK BRD PVC,"TimberTech Harvest AGB15520SG PVC Decking Board With 1 in x 6 in, PVC, Gray","TimberTech PVC Decking Board, Harvest, 1 in x 6 in, PVC, Gray","Harvest PVC Decking Board, 1 in x 6 in, PVC, Gray",,Series: Harvest,Size: 1 in x 6 in,Material: PVC,Color: Gray,,,,,,,,,,,,,,,,,,,,,,PVC Decking Board,Series,Harvest,,Size,1 in x 6 in,,Material,PVC,,Color,Gray,,,,,,,,,,,,,,,,,,,,,,,,,,,,,,,,,,,,,,,,,,,,,,,,,,,,,,,,,,,,,,,,,,,,,,,,,,,,,,,,,,,,,,,,,,,,,,,,,,,,,,,,,,,,,,,,,,,,,,,,,,,,,,,,,,,,,,,,,,,,,,,,,,,,,,,,,,,,,,,TimberTech_AGB15520SG.jpg,TimberTech_AGB15520SG_1.jpg,TimberTech_AGB15520SG_2.jpg,TimberTech_AGB15520SG_3.jpg,TimberTech_AGB15520SG_4.jpg,,,,,TimberTech_AGB15520SG_Specification_Sheet.pdf,,,,,,,,,,,,,,,,,,
,,,,,,,Building Materials,Decking & Railing,Composite Decking Boards,,543140016,1nx6-16' Biscayne Sq Edge - Trex Transcend Lineage Decking,TREX,-- No Unilog Brand --,-- No DIB Brand --,U S Lumber (3073),U.S. Lumber Group,Trex,,543140016,,Building & Hardware>Decking & Railing>Decking Boards,"U.S. Lumber Group, Trex, Composite Decking Board, Transcend, 543140016",CMPST DECK BRD,Trex Transcend 543140016 Composite Decking Board,"Trex Composite Decking Board, Transcend",Transcend Composite Decking Board,,Series: Transcend,,,,,,,,,,,,,,,,,,,,,,,,,Composite Decking Board,Series,Transcend,,,,,,,,,,,,,,,,,,,,,,,,,,,,,,,,,,,,,,,,,,,,,,,,,,,,,,,,,,,,,,,,,,,,,,,,,,,,,,,,,,,,,,,,,,,,,,,,,,,,,,,,,,,,,,,,,,,,,,,,,,,,,,,,,,,,,,,,,,,,,,,,,,,,,,,,,,,,,,,,,,,,,,,,Trex_543140016.jpg,Trex_543140016_1.jpg,Trex_543140016_2.jpg,Trex_543140016_3.jpg,Trex_543140016_4.jpg,,,,,Trex_543140016_Specification_Sheet.pdf,,,,,,,,,,,,,,,,,,
,,,,,,,Building Materials,Decking & Railing,Composite Decking Boards,,543140020,1nx6-20' Biscayne Sq Edge - Trex Transcend Lineage Decking,TREX,-- No Unilog Brand --,-- No DIB Brand --,U S Lumber (3073),U.S. Lumber Group,Trex,,543140020,,Building & Hardware>Decking & Railing>Decking Boards,"U.S. Lumber Group, Trex, Composite Decking Board, Transcend, 543140020",CMPST DECK BRD,Trex Transcend 543140020 Composite Decking Board,"Trex Composite Decking Board, Transcend",Transcend Composite Decking Board,,Series: Transcend,,,,,,,,,,,,,,,,,,,,,,,,,Composite Decking Board,Series,Transcend,,,,,,,,,,,,,,,,,,,,,,,,,,,,,,,,,,,,,,,,,,,,,,,,,,,,,,,,,,,,,,,,,,,,,,,,,,,,,,,,,,,,,,,,,,,,,,,,,,,,,,,,,,,,,,,,,,,,,,,,,,,,,,,,,,,,,,,,,,,,,,,,,,,,,,,,,,,,,,,,,,,,,,,,Trex_543140020.jpg,Trex_543140020_1.jpg,Trex_543140020_2.jpg,Trex_543140020_3.jpg,Trex_543140020_4.jpg,,,,,Trex_543140020_Specification_Sheet.pdf,,,,,,,,,,,,,,,,,,
,,,,,,,Building Materials,Decking & Railing,Composite Decking Boards,,543142016,1nx6-16' Carmel Sq Edge - Trex Transcend Lineage Decking,TREX,-- No Unilog Brand --,-- No DIB Brand --,U S Lumber (3073),U.S. Lumber Group,Trex,,543142016,,Building & Hardware>Decking & Railing>Decking Boards,"U.S. Lumber Group, Trex, Composite Decking Board, Transcend, 543142016",CMPST DECK BRD,Trex Transcend 543142016 Composite Decking Board,"Trex Composite Decking Board, Transcend",Transcend Composite Decking Board,,Series: Transcend,,,,,,,,,,,,,,,,,,,,,,,,,Composite Decking Board,Series,Transcend,,,,,,,,,,,,,,,,,,,,,,,,,,,,,,,,,,,,,,,,,,,,,,,,,,,,,,,,,,,,,,,,,,,,,,,,,,,,,,,,,,,,,,,,,,,,,,,,,,,,,,,,,,,,,,,,,,,,,,,,,,,,,,,,,,,,,,,,,,,,,,,,,,,,,,,,,,,,,,,,,,,,,,,,Trex_543142016.jpg,Trex_543142016_1.jpg,Trex_543142016_2.jpg,Trex_543142016_3.jpg,Trex_543142016_4.jpg,,,,,Trex_543142016_Specification_Sheet.pdf,,,,,,,,,,,,,,,,,,
,,,,,,,Building Materials,Decking & Railing,Composite Decking Boards,,543142020,1nx6-20' Carmel Sq Edge - Trex Transcend Lineage Decking,TREX,-- No Unilog Brand --,-- No DIB Brand --,U S Lumber (3073),U.S. Lumber Group,Trex,,543142020,,Building & Hardware>Decking & Railing>Decking Boards,"U.S. Lumber Group, Trex, Composite Decking Board, Transcend, 543142020",CMPST DECK BRD,Trex Transcend 543142020 Composite Decking Board,"Trex Composite Decking Board, Transcend",Transcend Composite Decking Board,,Series: Transcend,,,,,,,,,,,,,,,,,,,,,,,,,Composite Decking Board,Series,Transcend,,,,,,,,,,,,,,,,,,,,,,,,,,,,,,,,,,,,,,,,,,,,,,,,,,,,,,,,,,,,,,,,,,,,,,,,,,,,,,,,,,,,,,,,,,,,,,,,,,,,,,,,,,,,,,,,,,,,,,,,,,,,,,,,,,,,,,,,,,,,,,,,,,,,,,,,,,,,,,,,,,,,,,,,Trex_543142020.jpg,Trex_543142020_1.jpg,Trex_543142020_2.jpg,Trex_543142020_3.jpg,Trex_543142020_4.jpg,,,,,Trex_543142020_Specification_Sheet.pdf,,,,,,,,,,,,,,,,,,
,,,,,,,Building Materials,Decking & Railing,Composite Decking Boards,,543144016,1nx6-16' Island Mist Sq Edge - Trex Transcend Lineage Decking,TREX,-- No Unilog Brand --,-- No DIB Brand --,U S Lumber (3073),U.S. Lumber Group,Trex,,543144016,,Building & Hardware>Decking & Railing>Decking Boards,"U.S. Lumber Group, Trex, Composite Decking Board, Transcend, 543144016",CMPST DECK BRD,Trex Transcend 543144016 Composite Decking Board,"Trex Composite Decking Board, Transcend",Transcend Composite Decking Board,,Series: Transcend,,,,,,,,,,,,,,,,,,,,,,,,,Composite Decking Board,Series,Transcend,,,,,,,,,,,,,,,,,,,,,,,,,,,,,,,,,,,,,,,,,,,,,,,,,,,,,,,,,,,,,,,,,,,,,,,,,,,,,,,,,,,,,,,,,,,,,,,,,,,,,,,,,,,,,,,,,,,,,,,,,,,,,,,,,,,,,,,,,,,,,,,,,,,,,,,,,,,,,,,,,,,,,,,,Trex_543144016.jpg,Trex_543144016_1.jpg,Trex_543144016_2.jpg,Trex_543144016_3.jpg,Trex_543144016_4.jpg,,,,,Trex_543144016_Specification_Sheet.pdf,,,,,,,,,,,,,,,,,,
,,,,,,,Building Materials,Decking & Railing,Composite Decking Boards,,543144020,1nx6-20' Island Mist Sq Edge - Trex Transcend Lineage Decking,TREX,-- No Unilog Brand --,-- No DIB Brand --,U S Lumber (3073),U.S. Lumber Group,Trex,,543144020,,Building & Hardware>Decking & Railing>Decking Boards,"U.S. Lumber Group, Trex, Composite Decking Board, Transcend, 543144020",CMPST DECK BRD,Trex Transcend 543144020 Composite Decking Board,"Trex Composite Decking Board, Transcend",Transcend Composite Decking Board,,Series: Transcend,,,,,,,,,,,,,,,,,,,,,,,,,Composite Decking Board,Series,Transcend,,,,,,,,,,,,,,,,,,,,,,,,,,,,,,,,,,,,,,,,,,,,,,,,,,,,,,,,,,,,,,,,,,,,,,,,,,,,,,,,,,,,,,,,,,,,,,,,,,,,,,,,,,,,,,,,,,,,,,,,,,,,,,,,,,,,,,,,,,,,,,,,,,,,,,,,,,,,,,,,,,,,,,,,Trex_543144020.jpg,Trex_543144020_1.jpg,Trex_543144020_2.jpg,Trex_543144020_3.jpg,Trex_543144020_4.jpg,,,,,Trex_543144020_Specification_Sheet.pdf,,,,,,,,,,,,,,,,,,
,,,,,,,Building Materials,Decking & Railing,Composite Decking Boards,,543143016,1nx6-16' Jasper Sq Edge - Trex Transcend Lineage Decking,TREX,-- No Unilog Brand --,-- No DIB Brand --,U S Lumber (3073),U.S. Lumber Group,Trex,,543143016,,Building & Hardware>Decking & Railing>Decking Boards,"U.S. Lumber Group, Trex, Composite Decking Board, Transcend, 543143016",CMPST DECK BRD,Trex Transcend 543143016 Composite Decking Board,"Trex Composite Decking Board, Transcend",Transcend Composite Decking Board,,Series: Transcend,,,,,,,,,,,,,,,,,,,,,,,,,Composite Decking Board,Series,Transcend,,,,,,,,,,,,,,,,,,,,,,,,,,,,,,,,,,,,,,,,,,,,,,,,,,,,,,,,,,,,,,,,,,,,,,,,,,,,,,,,,,,,,,,,,,,,,,,,,,,,,,,,,,,,,,,,,,,,,,,,,,,,,,,,,,,,,,,,,,,,,,,,,,,,,,,,,,,,,,,,,,,,,,,,Trex_543143016.jpg,Trex_543143016_1.jpg,Trex_543143016_2.jpg,Trex_543143016_3.jpg,Trex_543143016_4.jpg,,,,,Trex_543143016_Specification_Sheet.pdf,,,,,,,,,,,,,,,,,,
,,,,,,,Building Materials,Decking & Railing,Composite Decking Boards,,543143020,1nx6-20' Jasper Sq Edge - Trex Transcend Lineage Decking,TREX,-- No Unilog Brand --,-- No DIB Brand --,U S Lumber (3073),U.S. Lumber Group,Trex,,543143020,,Building & Hardware>Decking & Railing>Decking Boards,"U.S. Lumber Group, Trex, Composite Decking Board, Transcend, 543143020",CMPST DECK BRD,Trex Transcend 543143020 Composite Decking Board,"Trex Composite Decking Board, Transcend",Transcend Composite Decking Board,,Series: Transcend,,,,,,,,,,,,,,,,,,,,,,,,,Composite Decking Board,Series,Transcend,,,,,,,,,,,,,,,,,,,,,,,,,,,,,,,,,,,,,,,,,,,,,,,,,,,,,,,,,,,,,,,,,,,,,,,,,,,,,,,,,,,,,,,,,,,,,,,,,,,,,,,,,,,,,,,,,,,,,,,,,,,,,,,,,,,,,,,,,,,,,,,,,,,,,,,,,,,,,,,,,,,,,,,,Trex_543143020.jpg,Trex_543143020_1.jpg,Trex_543143020_2.jpg,Trex_543143020_3.jpg,Trex_543143020_4.jpg,,,,,Trex_543143020_Specification_Sheet.pdf,,,,,,,,,,,,,,,,,,
,,,,,,,Building Materials,Decking & Railing,Composite Decking Boards,,543141016,1nx6-16' Rainier Sq Edge - Trex Transcend Lineage Decking,TREX,-- No Unilog Brand --,-- No DIB Brand --,U S Lumber (3073),U.S. Lumber Group,Trex,,543141016,,Building & Hardware>Decking & Railing>Decking Boards,"U.S. Lumber Group, Trex, Composite Decking Board, Transcend, 543141016",CMPST DECK BRD,Trex Transcend 543141016 Composite Decking Board,"Trex Composite Decking Board, Transcend",Transcend Composite Decking Board,,Series: Transcend,,,,,,,,,,,,,,,,,,,,,,,,,Composite Decking Board,Series,Transcend,,,,,,,,,,,,,,,,,,,,,,,,,,,,,,,,,,,,,,,,,,,,,,,,,,,,,,,,,,,,,,,,,,,,,,,,,,,,,,,,,,,,,,,,,,,,,,,,,,,,,,,,,,,,,,,,,,,,,,,,,,,,,,,,,,,,,,,,,,,,,,,,,,,,,,,,,,,,,,,,,,,,,,,,Trex_543141016.jpg,Trex_543141016_1.jpg,Trex_543141016_2.jpg,Trex_543141016_3.jpg,Trex_543141016_4.jpg,,,,,Trex_543141016_Specification_Sheet.pdf,,,,,,,,,,,,,,,,,,
,,,,,,,Building Materials,Decking & Railing,Composite Decking Boards,,543141020,1nx6-20' Rainier Sq Edge - Trex Transcend Lineage Decking,TREX,-- No Unilog Brand --,-- No DIB Brand --,U S Lumber (3073),U.S. Lumber Group,Trex,,543141020,,Building & Hardware>Decking & Railing>Decking Boards,"U.S. Lumber Group, Trex, Composite Decking Board, Transcend, 543141020",CMPST DECK BRD,Trex Transcend 543141020 Composite Decking Board,"Trex Composite Decking Board, Transcend",Transcend Composite Decking Board,,Series: Transcend,,,,,,,,,,,,,,,,,,,,,,,,,Composite Decking Board,Series,Transcend,,,,,,,,,,,,,,,,,,,,,,,,,,,,,,,,,,,,,,,,,,,,,,,,,,,,,,,,,,,,,,,,,,,,,,,,,,,,,,,,,,,,,,,,,,,,,,,,,,,,,,,,,,,,,,,,,,,,,,,,,,,,,,,,,,,,,,,,,,,,,,,,,,,,,,,,,,,,,,,,,,,,,,,,Trex_543141020.jpg,Trex_543141020_1.jpg,Trex_543141020_2.jpg,Trex_543141020_3.jpg,Trex_543141020_4.jpg,,,,,Trex_543141020_Specification_Sheet.pdf,,,,,,,,,,,,,,,,,,
,,,,,,,Building Materials,Decking & Railing,Composite Decking Boards,,543140412,1nx6-12' Biscayne Grooved - Trex Transcend Lineage Decking,TREX,-- No Unilog Brand --,-- No DIB Brand --,U S Lumber (3073),U.S. Lumber Group,Trex,,543140412,,Building & Hardware>Decking & Railing>Decking Boards,"U.S. Lumber Group, Trex, Composite Decking Board, Transcend, 543140412",CMPST DECK BRD,Trex Transcend 543140412 Composite Decking Board,"Trex Composite Decking Board, Transcend",Transcend Composite Decking Board,,Series: Transcend,,,,,,,,,,,,,,,,,,,,,,,,,Composite Decking Board,Series,Transcend,,,,,,,,,,,,,,,,,,,,,,,,,,,,,,,,,,,,,,,,,,,,,,,,,,,,,,,,,,,,,,,,,,,,,,,,,,,,,,,,,,,,,,,,,,,,,,,,,,,,,,,,,,,,,,,,,,,,,,,,,,,,,,,,,,,,,,,,,,,,,,,,,,,,,,,,,,,,,,,,,,,,,,,,Trex_543140412.jpg,Trex_543140412_1.jpg,Trex_543140412_2.jpg,Trex_543140412_3.jpg,Trex_543140412_4.jpg,,,,,Trex_543140412_Specification_Sheet.pdf,,,,,,,,,,,,,,,,,,
,,,,,,,Building Materials,Decking & Railing,Composite Decking Boards,,543140416,1nx6-16' Biscayne Grooved - Trex Transcend Lineage Decking,TREX,-- No Unilog Brand --,-- No DIB Brand --,U S Lumber (3073),U.S. Lumber Group,Trex,,543140416,,Building & Hardware>Decking & Railing>Decking Boards,"U.S. Lumber Group, Trex, Composite Decking Board, Transcend, 543140416",CMPST DECK BRD,Trex Transcend 543140416 Composite Decking Board,"Trex Composite Decking Board, Transcend",Transcend Composite Decking Board,,Series: Transcend,,,,,,,,,,,,,,,,,,,,,,,,,Composite Decking Board,Series,Transcend,,,,,,,,,,,,,,,,,,,,,,,,,,,,,,,,,,,,,,,,,,,,,,,,,,,,,,,,,,,,,,,,,,,,,,,,,,,,,,,,,,,,,,,,,,,,,,,,,,,,,,,,,,,,,,,,,,,,,,,,,,,,,,,,,,,,,,,,,,,,,,,,,,,,,,,,,,,,,,,,,,,,,,,,Trex_543140416.jpg,Trex_543140416_1.jpg,Trex_543140416_2.jpg,Trex_543140416_3.jpg,Trex_543140416_4.jpg,,,,,Trex_543140416_Specification_Sheet.pdf,,,,,,,,,,,,,,,,,,
,,,,,,,Building Materials,Decking & Railing,Composite Decking Boards,,543140420,1nx6-20' Biscayne Grooved - Trex Transcend Lineage Decking,TREX,-- No Unilog Brand --,-- No DIB Brand --,U S Lumber (3073),U.S. Lumber Group,Trex,,543140420,,Building & Hardware>Decking & Railing>Decking Boards,"U.S. Lumber Group, Trex, Composite Decking Board, Transcend, 543140420",CMPST DECK BRD,Trex Transcend 543140420 Composite Decking Board,"Trex Composite Decking Board, Transcend",Transcend Composite Decking Board,,Series: Transcend,,,,,,,,,,,,,,,,,,,,,,,,,Composite Decking Board,Series,Transcend,,,,,,,,,,,,,,,,,,,,,,,,,,,,,,,,,,,,,,,,,,,,,,,,,,,,,,,,,,,,,,,,,,,,,,,,,,,,,,,,,,,,,,,,,,,,,,,,,,,,,,,,,,,,,,,,,,,,,,,,,,,,,,,,,,,,,,,,,,,,,,,,,,,,,,,,,,,,,,,,,,,,,,,,Trex_543140420.jpg,Trex_543140420_1.jpg,Trex_543140420_2.jpg,Trex_543140420_3.jpg,Trex_543140420_4.jpg,,,,,Trex_543140420_Specification_Sheet.pdf,,,,,,,,,,,,,,,,,,
,,,,,,,Building Materials,Decking & Railing,Composite Decking Boards,,543142412,1nx6-12' Carmel Grooved - Trex Transcend Lineage Decking,TREX,-- No Unilog Brand --,-- No DIB Brand --,U S Lumber (3073),U.S. Lumber Group,Trex,,543142412,,Building & Hardware>Decking & Railing>Decking Boards,"U.S. Lumber Group, Trex, Composite Decking Board, Transcend, 543142412",CMPST DECK BRD,Trex Transcend 543142412 Composite Decking Board,"Trex Composite Decking Board, Transcend",Transcend Composite Decking Board,,Series: Transcend,,,,,,,,,,,,,,,,,,,,,,,,,Composite Decking Board,Series,Transcend,,,,,,,,,,,,,,,,,,,,,,,,,,,,,,,,,,,,,,,,,,,,,,,,,,,,,,,,,,,,,,,,,,,,,,,,,,,,,,,,,,,,,,,,,,,,,,,,,,,,,,,,,,,,,,,,,,,,,,,,,,,,,,,,,,,,,,,,,,,,,,,,,,,,,,,,,,,,,,,,,,,,,,,,Trex_543142412.jpg,Trex_543142412_1.jpg,Trex_543142412_2.jpg,Trex_543142412_3.jpg,Trex_543142412_4.jpg,,,,,Trex_543142412_Specification_Sheet.pdf,,,,,,,,,,,,,,,,,,
,,,,,,,Building Materials,Decking & Railing,Composite Decking Boards,,543142416,1nx6-16' Carmel Grooved - Trex Transcend Lineage Decking,TREX,-- No Unilog Brand --,-- No DIB Brand --,U S Lumber (3073),U.S. Lumber Group,Trex,,543142416,,Building & Hardware>Decking & Railing>Decking Boards,"U.S. Lumber Group, Trex, Composite Decking Board, Transcend, 543142416",CMPST DECK BRD,Trex Transcend 543142416 Composite Decking Board,"Trex Composite Decking Board, Transcend",Transcend Composite Decking Board,,Series: Transcend,,,,,,,,,,,,,,,,,,,,,,,,,Composite Decking Board,Series,Transcend,,,,,,,,,,,,,,,,,,,,,,,,,,,,,,,,,,,,,,,,,,,,,,,,,,,,,,,,,,,,,,,,,,,,,,,,,,,,,,,,,,,,,,,,,,,,,,,,,,,,,,,,,,,,,,,,,,,,,,,,,,,,,,,,,,,,,,,,,,,,,,,,,,,,,,,,,,,,,,,,,,,,,,,,Trex_543142416.jpg,Trex_543142416_1.jpg,Trex_543142416_2.jpg,Trex_543142416_3.jpg,Trex_543142416_4.jpg,,,,,Trex_543142416_Specification_Sheet.pdf,,,,,,,,,,,,,,,,,,
,,,,,,,Building Materials,Decking & Railing,Composite Decking Boards,,543142420,1nx6-20' Carmel Grooved - Trex Transcend Lineage Decking,TREX,-- No Unilog Brand --,-- No DIB Brand --,U S Lumber (3073),U.S. Lumber Group,Trex,,543142420,,Building & Hardware>Decking & Railing>Decking Boards,"U.S. Lumber Group, Trex, Composite Decking Board, Transcend, 543142420",CMPST DECK BRD,Trex Transcend 543142420 Composite Decking Board,"Trex Composite Decking Board, Transcend",Transcend Composite Decking Board,,Series: Transcend,,,,,,,,,,,,,,,,,,,,,,,,,Composite Decking Board,Series,Transcend,,,,,,,,,,,,,,,,,,,,,,,,,,,,,,,,,,,,,,,,,,,,,,,,,,,,,,,,,,,,,,,,,,,,,,,,,,,,,,,,,,,,,,,,,,,,,,,,,,,,,,,,,,,,,,,,,,,,,,,,,,,,,,,,,,,,,,,,,,,,,,,,,,,,,,,,,,,,,,,,,,,,,,,,Trex_543142420.jpg,Trex_543142420_1.jpg,Trex_543142420_2.jpg,Trex_543142420_3.jpg,Trex_543142420_4.jpg,,,,,Trex_543142420_Specification_Sheet.pdf,,,,,,,,,,,,,,,,,,
,,,,,,,Building Materials,Decking & Railing,Composite Decking Boards,,543144412,1nx6-12' Island Mist Grooved - Trex Transcend Lineage Decking,TREX,-- No Unilog Brand --,-- No DIB Brand --,U S Lumber (3073),U.S. Lumber Group,Trex,,543144412,,Building & Hardware>Decking & Railing>Decking Boards,"U.S. Lumber Group, Trex, Composite Decking Board, Transcend, 543144412",CMPST DECK BRD,Trex Transcend 543144412 Composite Decking Board,"Trex Composite Decking Board, Transcend",Transcend Composite Decking Board,,Series: Transcend,,,,,,,,,,,,,,,,,,,,,,,,,Composite Decking Board,Series,Transcend,,,,,,,,,,,,,,,,,,,,,,,,,,,,,,,,,,,,,,,,,,,,,,,,,,,,,,,,,,,,,,,,,,,,,,,,,,,,,,,,,,,,,,,,,,,,,,,,,,,,,,,,,,,,,,,,,,,,,,,,,,,,,,,,,,,,,,,,,,,,,,,,,,,,,,,,,,,,,,,,,,,,,,,,Trex_543144412.jpg,Trex_543144412_1.jpg,Trex_543144412_2.jpg,Trex_543144412_3.jpg,Trex_543144412_4.jpg,,,,,Trex_543144412_Specification_Sheet.pdf,,,,,,,,,,,,,,,,,,
,,,,,,,Building Materials,Decking & Railing,Composite Decking Boards,,543144416,1nx6-16' Island Mist Grooved - Trex Transcend Lineage Decking,TREX,-- No Unilog Brand --,-- No DIB Brand --,U S Lumber (3073),U.S. Lumber Group,Trex,,543144416,,Building & Hardware>Decking & Railing>Decking Boards,"U.S. Lumber Group, Trex, Composite Decking Board, Transcend, 543144416",CMPST DECK BRD,Trex Transcend 543144416 Composite Decking Board,"Trex Composite Decking Board, Transcend",Transcend Composite Decking Board,,Series: Transcend,,,,,,,,,,,,,,,,,,,,,,,,,Composite Decking Board,Series,Transcend,,,,,,,,,,,,,,,,,,,,,,,,,,,,,,,,,,,,,,,,,,,,,,,,,,,,,,,,,,,,,,,,,,,,,,,,,,,,,,,,,,,,,,,,,,,,,,,,,,,,,,,,,,,,,,,,,,,,,,,,,,,,,,,,,,,,,,,,,,,,,,,,,,,,,,,,,,,,,,,,,,,,,,,,Trex_543144416.jpg,Trex_543144416_1.jpg,Trex_543144416_2.jpg,Trex_543144416_3.jpg,Trex_543144416_4.jpg,,,,,Trex_543144416_Specification_Sheet.pdf,,,,,,,,,,,,,,,,,,
,,,,,,,Building Materials,Decking & Railing,Composite Decking Boards,,543144420,1nx6-20' Island Mist Grooved - Trex Transcend Lineage Decking,TREX,-- No Unilog Brand --,-- No DIB Brand --,U S Lumber (3073),U.S. Lumber Group,Trex,,543144420,,Building & Hardware>Decking & Railing>Decking Boards,"U.S. Lumber Group, Trex, Composite Decking Board, Transcend, 543144420",CMPST DECK BRD,Trex Transcend 543144420 Composite Decking Board,"Trex Composite Decking Board, Transcend",Transcend Composite Decking Board,,Series: Transcend,,,,,,,,,,,,,,,,,,,,,,,,,Composite Decking Board,Series,Transcend,,,,,,,,,,,,,,,,,,,,,,,,,,,,,,,,,,,,,,,,,,,,,,,,,,,,,,,,,,,,,,,,,,,,,,,,,,,,,,,,,,,,,,,,,,,,,,,,,,,,,,,,,,,,,,,,,,,,,,,,,,,,,,,,,,,,,,,,,,,,,,,,,,,,,,,,,,,,,,,,,,,,,,,,Trex_543144420.jpg,Trex_543144420_1.jpg,Trex_543144420_2.jpg,Trex_543144420_3.jpg,Trex_543144420_4.jpg,,,,,Trex_543144420_Specification_Sheet.pdf,,,,,,,,,,,,,,,,,,
,,,,,,,Building Materials,Decking & Railing,Composite Decking Boards,,543143412,1nx6-12' Jasper Grooved - Trex Transcend Lineage Decking,TREX,-- No Unilog Brand --,-- No DIB Brand --,U S Lumber (3073),U.S. Lumber Group,Trex,,543143412,,Building & Hardware>Decking & Railing>Decking Boards,"U.S. Lumber Group, Trex, Composite Decking Board, Transcend, 543143412",CMPST DECK BRD,Trex Transcend 543143412 Composite Decking Board,"Trex Composite Decking Board, Transcend",Transcend Composite Decking Board,,Series: Transcend,,,,,,,,,,,,,,,,,,,,,,,,,Composite Decking Board,Series,Transcend,,,,,,,,,,,,,,,,,,,,,,,,,,,,,,,,,,,,,,,,,,,,,,,,,,,,,,,,,,,,,,,,,,,,,,,,,,,,,,,,,,,,,,,,,,,,,,,,,,,,,,,,,,,,,,,,,,,,,,,,,,,,,,,,,,,,,,,,,,,,,,,,,,,,,,,,,,,,,,,,,,,,,,,,Trex_543143412.jpg,Trex_543143412_1.jpg,Trex_543143412_2.jpg,Trex_543143412_3.jpg,Trex_543143412_4.jpg,,,,,Trex_543143412_Specification_Sheet.pdf,,,,,,,,,,,,,,,,,,
,,,,,,,Building Materials,Decking & Railing,Composite Decking Boards,,543143416,1nx6-16' Jasper Grooved - Trex Transcend Lineage Decking,TREX,-- No Unilog Brand --,-- No DIB Brand --,U S Lumber (3073),U.S. Lumber Group,Trex,,543143416,,Building & Hardware>Decking & Railing>Decking Boards,"U.S. Lumber Group, Trex, Composite Decking Board, Transcend, 543143416",CMPST DECK BRD,Trex Transcend 543143416 Composite Decking Board,"Trex Composite Decking Board, Transcend",Transcend Composite Decking Board,,Series: Transcend,,,,,,,,,,,,,,,,,,,,,,,,,Composite Decking Board,Series,Transcend,,,,,,,,,,,,,,,,,,,,,,,,,,,,,,,,,,,,,,,,,,,,,,,,,,,,,,,,,,,,,,,,,,,,,,,,,,,,,,,,,,,,,,,,,,,,,,,,,,,,,,,,,,,,,,,,,,,,,,,,,,,,,,,,,,,,,,,,,,,,,,,,,,,,,,,,,,,,,,,,,,,,,,,,Trex_543143416.jpg,Trex_543143416_1.jpg,Trex_543143416_2.jpg,Trex_543143416_3.jpg,Trex_543143416_4.jpg,,,,,Trex_543143416_Specification_Sheet.pdf,,,,,,,,,,,,,,,,,,
,,,,,,,Building Materials,Decking & Railing,Composite Decking Boards,,543143420,1nx6-20' Jasper Grooved - Trex Transcend Lineage Decking,TREX,-- No Unilog Brand --,-- No DIB Brand --,U S Lumber (3073),U.S. Lumber Group,Trex,,543143420,,Building & Hardware>Decking & Railing>Decking Boards,"U.S. Lumber Group, Trex, Composite Decking Board, Transcend, 543143420",CMPST DECK BRD,Trex Transcend 543143420 Composite Decking Board,"Trex Composite Decking Board, Transcend",Transcend Composite Decking Board,,Series: Transcend,,,,,,,,,,,,,,,,,,,,,,,,,Composite Decking Board,Series,Transcend,,,,,,,,,,,,,,,,,,,,,,,,,,,,,,,,,,,,,,,,,,,,,,,,,,,,,,,,,,,,,,,,,,,,,,,,,,,,,,,,,,,,,,,,,,,,,,,,,,,,,,,,,,,,,,,,,,,,,,,,,,,,,,,,,,,,,,,,,,,,,,,,,,,,,,,,,,,,,,,,,,,,,,,,Trex_543143420.jpg,Trex_543143420_1.jpg,Trex_543143420_2.jpg,Trex_543143420_3.jpg,Trex_543143420_4.jpg,,,,,Trex_543143420_Specification_Sheet.pdf,,,,,,,,,,,,,,,,,,
,,,,,,,Building Materials,Decking & Railing,Composite Decking Boards,,543141412,1nx6-12' Rainier Grooved - Trex Transcend Lineage Decking,TREX,-- No Unilog Brand --,-- No DIB Brand --,U S Lumber (3073),U.S. Lumber Group,Trex,,543141412,,Building & Hardware>Decking & Railing>Decking Boards,"U.S. Lumber Group, Trex, Composite Decking Board, Transcend, 543141412",CMPST DECK BRD,Trex Transcend 543141412 Composite Decking Board,"Trex Composite Decking Board, Transcend",Transcend Composite Decking Board,,Series: Transcend,,,,,,,,,,,,,,,,,,,,,,,,,Composite Decking Board,Series,Transcend,,,,,,,,,,,,,,,,,,,,,,,,,,,,,,,,,,,,,,,,,,,,,,,,,,,,,,,,,,,,,,,,,,,,,,,,,,,,,,,,,,,,,,,,,,,,,,,,,,,,,,,,,,,,,,,,,,,,,,,,,,,,,,,,,,,,,,,,,,,,,,,,,,,,,,,,,,,,,,,,,,,,,,,,Trex_543141412.jpg,Trex_543141412_1.jpg,Trex_543141412_2.jpg,Trex_543141412_3.jpg,Trex_543141412_4.jpg,,,,,Trex_543141412_Specification_Sheet.pdf,,,,,,,,,,,,,,,,,,
,,,,,,,Building Materials,Decking & Railing,Composite Decking Boards,,543141416,1nx6-16' Rainier Grooved - Trex Transcend Lineage Decking,TREX,-- No Unilog Brand --,-- No DIB Brand --,U S Lumber (3073),U.S. Lumber Group,Trex,,543141416,,Building & Hardware>Decking & Railing>Decking Boards,"U.S. Lumber Group, Trex, Composite Decking Board, Transcend, 543141416",CMPST DECK BRD,Trex Transcend 543141416 Composite Decking Board,"Trex Composite Decking Board, Transcend",Transcend Composite Decking Board,,Series: Transcend,,,,,,,,,,,,,,,,,,,,,,,,,Composite Decking Board,Series,Transcend,,,,,,,,,,,,,,,,,,,,,,,,,,,,,,,,,,,,,,,,,,,,,,,,,,,,,,,,,,,,,,,,,,,,,,,,,,,,,,,,,,,,,,,,,,,,,,,,,,,,,,,,,,,,,,,,,,,,,,,,,,,,,,,,,,,,,,,,,,,,,,,,,,,,,,,,,,,,,,,,,,,,,,,,Trex_543141416.jpg,Trex_543141416_1.jpg,Trex_543141416_2.jpg,Trex_543141416_3.jpg,Trex_543141416_4.jpg,,,,,Trex_543141416_Specification_Sheet.pdf,,,,,,,,,,,,,,,,,,
,,,,,,,Building Materials,Decking & Railing,Composite Decking Boards,,543141420,1nx6-20' Rainier Grooved - Trex Transcend Lineage Decking,TREX,-- No Unilog Brand --,-- No DIB Brand --,U S Lumber (3073),U.S. Lumber Group,Trex,,543141420,,Building & Hardware>Decking & Railing>Decking Boards,"U.S. Lumber Group, Trex, Composite Decking Board, Transcend, 543141420",CMPST DECK BRD,Trex Transcend 543141420 Composite Decking Board,"Trex Composite Decking Board, Transcend",Transcend Composite Decking Board,,Series: Transcend,,,,,,,,,,,,,,,,,,,,,,,,,Composite Decking Board,Series,Transcend,,,,,,,,,,,,,,,,,,,,,,,,,,,,,,,,,,,,,,,,,,,,,,,,,,,,,,,,,,,,,,,,,,,,,,,,,,,,,,,,,,,,,,,,,,,,,,,,,,,,,,,,,,,,,,,,,,,,,,,,,,,,,,,,,,,,,,,,,,,,,,,,,,,,,,,,,,,,,,,,,,,,,,,,Trex_543141420.jpg,Trex_543141420_1.jpg,Trex_543141420_2.jpg,Trex_543141420_3.jpg,Trex_543141420_4.jpg,,,,,Trex_543141420_Specification_Sheet.pdf,,,,,,,,,,,,,,,,,,
,,,,,,,Building Materials,Decking & Railing,Composite Decking Boards,,1513703,1nx6-16' Hatteras Sq Edge - Trex Transcend Lineage Decking,TREX,-- No Unilog Brand --,-- No DIB Brand --,Boise Cascade Building Materials (BOICA),Boise Cascade Company,Trex,,1513703,,Building & Hardware>Decking & Railing>Decking Boards,"Boise Cascade Company, Trex, Composite Decking Board, Transcend, 1513703",CMPST DECK BRD,Trex Transcend 1513703 Composite Decking Board,"Trex Composite Decking Board, Transcend",Transcend Composite Decking Board,,Series: Transcend,,,,,,,,,,,,,,,,,,,,,,,,,Composite Decking Board,Series,Transcend,,,,,,,,,,,,,,,,,,,,,,,,,,,,,,,,,,,,,,,,,,,,,,,,,,,,,,,,,,,,,,,,,,,,,,,,,,,,,,,,,,,,,,,,,,,,,,,,,,,,,,,,,,,,,,,,,,,,,,,,,,,,,,,,,,,,,,,,,,,,,,,,,,,,,,,,,,,,,,,,,,,,,,,,Trex_1513703.jpg,Trex_1513703_1.jpg,Trex_1513703_2.jpg,Trex_1513703_3.jpg,Trex_1513703_4.jpg,,,,,Trex_1513703_Specification_Sheet.pdf,,,,,,,,,,,,,,,,,,
,,,,,,,Building Materials,Decking & Railing,Composite Decking Boards,,1513704,1nx6-20' Hatteras Sq Edge - Trex Transcend Lineage Decking,TREX,-- No Unilog Brand --,-- No DIB Brand --,Boise Cascade Building Materials (BOICA),Boise Cascade Company,Trex,,1513704,,Building & Hardware>Decking & Railing>Decking Boards,"Boise Cascade Company, Trex, Composite Decking Board, Transcend, 1513704",CMPST DECK BRD,Trex Transcend 1513704 Composite Decking Board,"Trex Composite Decking Board, Transcend",Transcend Composite Decking Board,,Series: Transcend,,,,,,,,,,,,,,,,,,,,,,,,,Composite Decking Board,Series,Transcend,,,,,,,,,,,,,,,,,,,,,,,,,,,,,,,,,,,,,,,,,,,,,,,,,,,,,,,,,,,,,,,,,,,,,,,,,,,,,,,,,,,,,,,,,,,,,,,,,,,,,,,,,,,,,,,,,,,,,,,,,,,,,,,,,,,,,,,,,,,,,,,,,,,,,,,,,,,,,,,,,,,,,,,,Trex_1513704.jpg,Trex_1513704_1.jpg,Trex_1513704_2.jpg,Trex_1513704_3.jpg,Trex_1513704_4.jpg,,,,,Trex_1513704_Specification_Sheet.pdf,,,,,,,,,,,,,,,,,,
,,,,,,,Building Materials,Decking & Railing,Composite Decking Boards,,1513705,1nx6-12' Hatteras Grooved - Trex Transcend Lineage Decking,TREX,-- No Unilog Brand --,-- No DIB Brand --,Boise Cascade Building Materials (BOICA),Boise Cascade Company,Trex,,1513705,,Building & Hardware>Decking & Railing>Decking Boards,"Boise Cascade Company, Trex, Composite Decking Board, Transcend, 1513705",CMPST DECK BRD,Trex Transcend 1513705 Composite Decking Board,"Trex Composite Decking Board, Transcend",Transcend Composite Decking Board,,Series: Transcend,,,,,,,,,,,,,,,,,,,,,,,,,Composite Decking Board,Series,Transcend,,,,,,,,,,,,,,,,,,,,,,,,,,,,,,,,,,,,,,,,,,,,,,,,,,,,,,,,,,,,,,,,,,,,,,,,,,,,,,,,,,,,,,,,,,,,,,,,,,,,,,,,,,,,,,,,,,,,,,,,,,,,,,,,,,,,,,,,,,,,,,,,,,,,,,,,,,,,,,,,,,,,,,,,Trex_1513705.jpg,Trex_1513705_1.jpg,Trex_1513705_2.jpg,Trex_1513705_3.jpg,Trex_1513705_4.jpg,,,,,Trex_1513705_Specification_Sheet.pdf,,,,,,,,,,,,,,,,,,
,,,,,,,Building Materials,Decking & Railing,Composite Decking Boards,,1513706,1nx6-16' Hatteras Grooved - Trex Transcend Lineage Decking,TREX,-- No Unilog Brand --,-- No DIB Brand --,Boise Cascade Building Materials (BOICA),Boise Cascade Company,Trex,,1513706,,Building & Hardware>Decking & Railing>Decking Boards,"Boise Cascade Company, Trex, Composite Decking Board, Transcend, 1513706",CMPST DECK BRD,Trex Transcend 1513706 Composite Decking Board,"Trex Composite Decking Board, Transcend",Transcend Composite Decking Board,,Series: Transcend,,,,,,,,,,,,,,,,,,,,,,,,,Composite Decking Board,Series,Transcend,,,,,,,,,,,,,,,,,,,,,,,,,,,,,,,,,,,,,,,,,,,,,,,,,,,,,,,,,,,,,,,,,,,,,,,,,,,,,,,,,,,,,,,,,,,,,,,,,,,,,,,,,,,,,,,,,,,,,,,,,,,,,,,,,,,,,,,,,,,,,,,,,,,,,,,,,,,,,,,,,,,,,,,,Trex_1513706.jpg,Trex_1513706_1.jpg,Trex_1513706_2.jpg,Trex_1513706_3.jpg,Trex_1513706_4.jpg,,,,,Trex_1513706_Specification_Sheet.pdf,,,,,,,,,,,,,,,,,,
,,,,,,,Building Materials,Decking & Railing,Composite Decking Boards,,1513707,1nx6-20' Hatteras Grooved - Trex Transcend Lineage Decking,TREX,-- No Unilog Brand --,-- No DIB Brand --,Boise Cascade Building Materials (BOICA),Boise Cascade Company,Trex,,1513707,,Building & Hardware>Decking & Railing>Decking Boards,"Boise Cascade Company, Trex, Composite Decking Board, Transcend, 1513707",CMPST DECK BRD,Trex Transcend 1513707 Composite Decking Board,"Trex Composite Decking Board, Transcend",Transcend Composite Decking Board,,Series: Transcend,,,,,,,,,,,,,,,,,,,,,,,,,Composite Decking Board,Series,Transcend,,,,,,,,,,,,,,,,,,,,,,,,,,,,,,,,,,,,,,,,,,,,,,,,,,,,,,,,,,,,,,,,,,,,,,,,,,,,,,,,,,,,,,,,,,,,,,,,,,,,,,,,,,,,,,,,,,,,,,,,,,,,,,,,,,,,,,,,,,,,,,,,,,,,,,,,,,,,,,,,,,,,,,,,Trex_1513707.jpg,Trex_1513707_1.jpg,Trex_1513707_2.jpg,Trex_1513707_3.jpg,Trex_1513707_4.jpg,,,,,Trex_1513707_Specification_Sheet.pdf,,,,,,,,,,,,,,,,,,
,,,,,,,Building Materials,Decking & Railing,Composite Decking Boards,,1513708,1nx6-16' Salt Flat Sq Edge - Trex Transcend Lineage Decking,TREX,-- No Unilog Brand --,-- No DIB Brand --,Boise Cascade Building Materials (BOICA),Boise Cascade Company,Trex,,1513708,,Building & Hardware>Decking & Railing>Decking Boards,"Boise Cascade Company, Trex, Composite Decking Board, Transcend, 1513708",CMPST DECK BRD,Trex Transcend 1513708 Composite Decking Board,"Trex Composite Decking Board, Transcend",Transcend Composite Decking Board,,Series: Transcend,,,,,,,,,,,,,,,,,,,,,,,,,Composite Decking Board,Series,Transcend,,,,,,,,,,,,,,,,,,,,,,,,,,,,,,,,,,,,,,,,,,,,,,,,,,,,,,,,,,,,,,,,,,,,,,,,,,,,,,,,,,,,,,,,,,,,,,,,,,,,,,,,,,,,,,,,,,,,,,,,,,,,,,,,,,,,,,,,,,,,,,,,,,,,,,,,,,,,,,,,,,,,,,,,Trex_1513708.jpg,Trex_1513708_1.jpg,Trex_1513708_2.jpg,Trex_1513708_3.jpg,Trex_1513708_4.jpg,,,,,Trex_1513708_Specification_Sheet.pdf,,,,,,,,,,,,,,,,,,
,,,,,,,Building Materials,Decking & Railing,Composite Decking Boards,,1513709,1nx6-20' Salt Flat Sq Edge - Trex Transcend Lineage Decking,TREX,-- No Unilog Brand --,-- No DIB Brand --,Boise Cascade Building Materials (BOICA),Boise Cascade Company,Trex,,1513709,,Building & Hardware>Decking & Railing>Decking Boards,"Boise Cascade Company, Trex, Composite Decking Board, Transcend, 1513709",CMPST DECK BRD,Trex Transcend 1513709 Composite Decking Board,"Trex Composite Decking Board, Transcend",Transcend Composite Decking Board,,Series: Transcend,,,,,,,,,,,,,,,,,,,,,,,,,Composite Decking Board,Series,Transcend,,,,,,,,,,,,,,,,,,,,,,,,,,,,,,,,,,,,,,,,,,,,,,,,,,,,,,,,,,,,,,,,,,,,,,,,,,,,,,,,,,,,,,,,,,,,,,,,,,,,,,,,,,,,,,,,,,,,,,,,,,,,,,,,,,,,,,,,,,,,,,,,,,,,,,,,,,,,,,,,,,,,,,,,Trex_1513709.jpg,Trex_1513709_1.jpg,Trex_1513709_2.jpg,Trex_1513709_3.jpg,Trex_1513709_4.jpg,,,,,Trex_1513709_Specification_Sheet.pdf,,,,,,,,,,,,,,,,,,
,,,,,,,Building Materials,Decking & Railing,Composite Decking Boards,,1513710,1nx6-12' Salt Flat Grooved - Trex Transcend Lineage Decking,TREX,-- No Unilog Brand --,-- No DIB Brand --,Boise Cascade Building Materials (BOICA),Boise Cascade Company,Trex,,1513710,,Building & Hardware>Decking & Railing>Decking Boards,"Boise Cascade Company, Trex, Composite Decking Board, Transcend, 1513710",CMPST DECK BRD,Trex Transcend 1513710 Composite Decking Board,"Trex Composite Decking Board, Transcend",Transcend Composite Decking Board,,Series: Transcend,,,,,,,,,,,,,,,,,,,,,,,,,Composite Decking Board,Series,Transcend,,,,,,,,,,,,,,,,,,,,,,,,,,,,,,,,,,,,,,,,,,,,,,,,,,,,,,,,,,,,,,,,,,,,,,,,,,,,,,,,,,,,,,,,,,,,,,,,,,,,,,,,,,,,,,,,,,,,,,,,,,,,,,,,,,,,,,,,,,,,,,,,,,,,,,,,,,,,,,,,,,,,,,,,Trex_1513710.jpg,Trex_1513710_1.jpg,Trex_1513710_2.jpg,Trex_1513710_3.jpg,Trex_1513710_4.jpg,,,,,Trex_1513710_Specification_Sheet.pdf,,,,,,,,,,,,,,,,,,
,,,,,,,Building Materials,Decking & Railing,Composite Decking Boards,,1513711,1nx6-16' Salt Flat Grooved - Trex Transcend Lineage Decking,TREX,-- No Unilog Brand --,-- No DIB Brand --,Boise Cascade Building Materials (BOICA),Boise Cascade Company,Trex,,1513711,,Building & Hardware>Decking & Railing>Decking Boards,"Boise Cascade Company, Trex, Composite Decking Board, Transcend, 1513711",CMPST DECK BRD,Trex Transcend 1513711 Composite Decking Board,"Trex Composite Decking Board, Transcend",Transcend Composite Decking Board,,Series: Transcend,,,,,,,,,,,,,,,,,,,,,,,,,Composite Decking Board,Series,Transcend,,,,,,,,,,,,,,,,,,,,,,,,,,,,,,,,,,,,,,,,,,,,,,,,,,,,,,,,,,,,,,,,,,,,,,,,,,,,,,,,,,,,,,,,,,,,,,,,,,,,,,,,,,,,,,,,,,,,,,,,,,,,,,,,,,,,,,,,,,,,,,,,,,,,,,,,,,,,,,,,,,,,,,,,Trex_1513711.jpg,Trex_1513711_1.jpg,Trex_1513711_2.jpg,Trex_1513711_3.jpg,Trex_1513711_4.jpg,,,,,Trex_1513711_Specification_Sheet.pdf,,,,,,,,,,,,,,,,,,
,,,,,,,Building Materials,Decking & Railing,Composite Decking Boards,,1513712,1nx6-20' Salt Flat Grooved - Trex Transcend Lineage Decking,TREX,-- No Unilog Brand --,-- No DIB Brand --,Boise Cascade Building Materials (BOICA),Boise Cascade Company,Trex,,1513712,,Building & Hardware>Decking & Railing>Decking Boards,"Boise Cascade Company, Trex, Composite Decking Board, Transcend, 1513712",CMPST DECK BRD,Trex Transcend 1513712 Composite Decking Board,"Trex Composite Decking Board, Transcend",Transcend Composite Decking Board,,Series: Transcend,,,,,,,,,,,,,,,,,,,,,,,,,Composite Decking Board,Series,Transcend,,,,,,,,,,,,,,,,,,,,,,,,,,,,,,,,,,,,,,,,,,,,,,,,,,,,,,,,,,,,,,,,,,,,,,,,,,,,,,,,,,,,,,,,,,,,,,,,,,,,,,,,,,,,,,,,,,,,,,,,,,,,,,,,,,,,,,,,,,,,,,,,,,,,,,,,,,,,,,,,,,,,,,,,Trex_1513712.jpg,Trex_1513712_1.jpg,Trex_1513712_2.jpg,Trex_1513712_3.jpg,Trex_1513712_4.jpg,,,,,Trex_1513712_Specification_Sheet.pdf,,,,,,,,,,,,,,,,,,
,,,,,,,Building Materials,Decking & Railing,Composite Decking Boards,,1513717,1nx6-16' Honey Grove Sq Edge - Trex Enhance Naturals Decking,TREX,-- No Unilog Brand --,-- No DIB Brand --,Boise Cascade Building Materials (BOICA),Boise Cascade Company,Trex,,1513717,,Building & Hardware>Decking & Railing>Decking Boards,"Boise Cascade Company, Trex, Composite Decking Board, Naturals, 1513717",CMPST DECK BRD,Trex Naturals 1513717 Composite Decking Board,"Trex Composite Decking Board, Naturals",Naturals Composite Decking Board,,Series: Naturals,,,,,,,,,,,,,,,,,,,,,,,,,Composite Decking Board,Series,Naturals,,,,,,,,,,,,,,,,,,,,,,,,,,,,,,,,,,,,,,,,,,,,,,,,,,,,,,,,,,,,,,,,,,,,,,,,,,,,,,,,,,,,,,,,,,,,,,,,,,,,,,,,,,,,,,,,,,,,,,,,,,,,,,,,,,,,,,,,,,,,,,,,,,,,,,,,,,,,,,,,,,,,,,,,Trex_1513717.jpg,Trex_1513717_1.jpg,Trex_1513717_2.jpg,Trex_1513717_3.jpg,Trex_1513717_4.jpg,,,,,Trex_1513717_Specification_Sheet.pdf,,,,,,,,,,,,,,,,,,
,,,,,,,Building Materials,Decking & Railing,Composite Decking Boards,,1513718,1nx6-20' Honey Grove Sq Edge - Trex Enhance Naturals Decking,TREX,-- No Unilog Brand --,-- No DIB Brand --,Boise Cascade Building Materials (BOICA),Boise Cascade Company,Trex,,1513718,,Building & Hardware>Decking & Railing>Decking Boards,"Boise Cascade Company, Trex, Composite Decking Board, Naturals, 1513718",CMPST DECK BRD,Trex Naturals 1513718 Composite Decking Board,"Trex Composite Decking Board, Naturals",Naturals Composite Decking Board,,Series: Naturals,,,,,,,,,,,,,,,,,,,,,,,,,Composite Decking Board,Series,Naturals,,,,,,,,,,,,,,,,,,,,,,,,,,,,,,,,,,,,,,,,,,,,,,,,,,,,,,,,,,,,,,,,,,,,,,,,,,,,,,,,,,,,,,,,,,,,,,,,,,,,,,,,,,,,,,,,,,,,,,,,,,,,,,,,,,,,,,,,,,,,,,,,,,,,,,,,,,,,,,,,,,,,,,,,Trex_1513718.jpg,Trex_1513718_1.jpg,Trex_1513718_2.jpg,Trex_1513718_3.jpg,Trex_1513718_4.jpg,,,,,Trex_1513718_Specification_Sheet.pdf,,,,,,,,,,,,,,,,,,
,,,,,,,Building Materials,Decking & Railing,Composite Decking Boards,,1513719,1nx6-12' Honey Grove Grooved - Trex Enhance Naturals Decking,TREX,-- No Unilog Brand --,-- No DIB Brand --,Boise Cascade Building Materials (BOICA),Boise Cascade Company,Trex,,1513719,,Building & Hardware>Decking & Railing>Decking Boards,"Boise Cascade Company, Trex, Composite Decking Board, Naturals, 1513719",CMPST DECK BRD,Trex Naturals 1513719 Composite Decking Board,"Trex Composite Decking Board, Naturals",Naturals Composite Decking Board,,Series: Naturals,,,,,,,,,,,,,,,,,,,,,,,,,Composite Decking Board,Series,Naturals,,,,,,,,,,,,,,,,,,,,,,,,,,,,,,,,,,,,,,,,,,,,,,,,,,,,,,,,,,,,,,,,,,,,,,,,,,,,,,,,,,,,,,,,,,,,,,,,,,,,,,,,,,,,,,,,,,,,,,,,,,,,,,,,,,,,,,,,,,,,,,,,,,,,,,,,,,,,,,,,,,,,,,,,Trex_1513719.jpg,Trex_1513719_1.jpg,Trex_1513719_2.jpg,Trex_1513719_3.jpg,Trex_1513719_4.jpg,,,,,Trex_1513719_Specification_Sheet.pdf,,,,,,,,,,,,,,,,,,
,,,,,,,Building Materials,Decking & Railing,Composite Decking Boards,,1513720,1nx6-16' Honey Grove Grooved - Trex Enhance Naturals Decking,TREX,-- No Unilog Brand --,-- No DIB Brand --,Boise Cascade Building Materials (BOICA),Boise Cascade Company,Trex,,1513720,,Building & Hardware>Decking & Railing>Decking Boards,"Boise Cascade Company, Trex, Composite Decking Board, Naturals, 1513720",CMPST DECK BRD,Trex Naturals 1513720 Composite Decking Board,"Trex Composite Decking Board, Naturals",Naturals Composite Decking Board,,Series: Naturals,,,,,,,,,,,,,,,,,,,,,,,,,Composite Decking Board,Series,Naturals,,,,,,,,,,,,,,,,,,,,,,,,,,,,,,,,,,,,,,,,,,,,,,,,,,,,,,,,,,,,,,,,,,,,,,,,,,,,,,,,,,,,,,,,,,,,,,,,,,,,,,,,,,,,,,,,,,,,,,,,,,,,,,,,,,,,,,,,,,,,,,,,,,,,,,,,,,,,,,,,,,,,,,,,Trex_1513720.jpg,Trex_1513720_1.jpg,Trex_1513720_2.jpg,Trex_1513720_3.jpg,Trex_1513720_4.jpg,,,,,Trex_1513720_Specification_Sheet.pdf,,,,,,,,,,,,,,,,,,
,,,,,,,Building Materials,Decking & Railing,Composite Decking Boards,,1513721,1nx6-20' Honey Grove Grooved - Trex Enhance Naturals Decking,TREX,-- No Unilog Brand --,-- No DIB Brand --,Boise Cascade Building Materials (BOICA),Boise Cascade Company,Trex,,1513721,,Building & Hardware>Decking & Railing>Decking Boards,"Boise Cascade Company, Trex, Composite Decking Board, Naturals, 1513721",CMPST DECK BRD,Trex Naturals 1513721 Composite Decking Board,"Trex Composite Decking Board, Naturals",Naturals Composite Decking Board,,Series: Naturals,,,,,,,,,,,,,,,,,,,,,,,,,Composite Decking Board,Series,Naturals,,,,,,,,,,,,,,,,,,,,,,,,,,,,,,,,,,,,,,,,,,,,,,,,,,,,,,,,,,,,,,,,,,,,,,,,,,,,,,,,,,,,,,,,,,,,,,,,,,,,,,,,,,,,,,,,,,,,,,,,,,,,,,,,,,,,,,,,,,,,,,,,,,,,,,,,,,,,,,,,,,,,,,,,Trex_1513721.jpg,Trex_1513721_1.jpg,Trex_1513721_2.jpg,Trex_1513721_3.jpg,Trex_1513721_4.jpg,,,,,Trex_1513721_Specification_Sheet.pdf,,,,,,,,,,,,,,,,,,
,,,,,,,Building Materials,Decking & Railing,Composite Decking Boards,,1513724,1nx6-16' Tide Pool Sq Edge - Trex Enhance Basics Decking,TREX,-- No Unilog Brand --,-- No DIB Brand --,Boise Cascade Building Materials (BOICA),Boise Cascade Company,Trex,,1513724,,Building & Hardware>Decking & Railing>Decking Boards,"Boise Cascade Company, Trex, Composite Decking Board, Enhance, 1513724",CMPST DECK BRD,Trex Enhance 1513724 Composite Decking Board,"Trex Composite Decking Board, Enhance",Enhance Composite Decking Board,,Series: Enhance,,,,,,,,,,,,,,,,,,,,,,,,,Composite Decking Board,Series,Enhance,,,,,,,,,,,,,,,,,,,,,,,,,,,,,,,,,,,,,,,,,,,,,,,,,,,,,,,,,,,,,,,,,,,,,,,,,,,,,,,,,,,,,,,,,,,,,,,,,,,,,,,,,,,,,,,,,,,,,,,,,,,,,,,,,,,,,,,,,,,,,,,,,,,,,,,,,,,,,,,,,,,,,,,,Trex_1513724.jpg,Trex_1513724_1.jpg,Trex_1513724_2.jpg,Trex_1513724_3.jpg,Trex_1513724_4.jpg,,,,,Trex_1513724_Specification_Sheet.pdf,,,,,,,,,,,,,,,,,,
,,,,,,,Building Materials,Decking & Railing,Composite Decking Boards,,1513725,1nx6-20' Tide Pool Sq Edge - Trex Enhance Basics Decking,TREX,-- No Unilog Brand --,-- No DIB Brand --,Boise Cascade Building Materials (BOICA),Boise Cascade Company,Trex,,1513725,,Building & Hardware>Decking & Railing>Decking Boards,"Boise Cascade Company, Trex, Composite Decking Board, Enhance, 1513725",CMPST DECK BRD,Trex Enhance 1513725 Composite Decking Board,"Trex Composite Decking Board, Enhance",Enhance Composite Decking Board,,Series: Enhance,,,,,,,,,,,,,,,,,,,,,,,,,Composite Decking Board,Series,Enhance,,,,,,,,,,,,,,,,,,,,,,,,,,,,,,,,,,,,,,,,,,,,,,,,,,,,,,,,,,,,,,,,,,,,,,,,,,,,,,,,,,,,,,,,,,,,,,,,,,,,,,,,,,,,,,,,,,,,,,,,,,,,,,,,,,,,,,,,,,,,,,,,,,,,,,,,,,,,,,,,,,,,,,,,Trex_1513725.jpg,Trex_1513725_1.jpg,Trex_1513725_2.jpg,Trex_1513725_3.jpg,Trex_1513725_4.jpg,,,,,Trex_1513725_Specification_Sheet.pdf,,,,,,,,,,,,,,,,,,
,,,,,,,Building Materials,Decking & Railing,Composite Decking Boards,,1513726,1nx6-12' Tide Pool Grooved - Trex Enhance Basics Decking,TREX,-- No Unilog Brand --,-- No DIB Brand --,Boise Cascade Building Materials (BOICA),Boise Cascade Company,Trex,,1513726,,Building & Hardware>Decking & Railing>Decking Boards,"Boise Cascade Company, Trex, Composite Decking Board, Enhance, 1513726",CMPST DECK BRD,Trex Enhance 1513726 Composite Decking Board,"Trex Composite Decking Board, Enhance",Enhance Composite Decking Board,,Series: Enhance,,,,,,,,,,,,,,,,,,,,,,,,,Composite Decking Board,Series,Enhance,,,,,,,,,,,,,,,,,,,,,,,,,,,,,,,,,,,,,,,,,,,,,,,,,,,,,,,,,,,,,,,,,,,,,,,,,,,,,,,,,,,,,,,,,,,,,,,,,,,,,,,,,,,,,,,,,,,,,,,,,,,,,,,,,,,,,,,,,,,,,,,,,,,,,,,,,,,,,,,,,,,,,,,,Trex_1513726.jpg,Trex_1513726_1.jpg,Trex_1513726_2.jpg,Trex_1513726_3.jpg,Trex_1513726_4.jpg,,,,,Trex_1513726_Specification_Sheet.pdf,,,,,,,,,,,,,,,,,,
,,,,,,,Building Materials,Decking & Railing,Composite Decking Boards,,1513727,1nx6-16' Tide Pool Grooved - Trex Enhance Basics Decking,TREX,-- No Unilog Brand --,-- No DIB Brand --,Boise Cascade Building Materials (BOICA),Boise Cascade Company,Trex,,1513727,,Building & Hardware>Decking & Railing>Decking Boards,"Boise Cascade Company, Trex, Composite Decking Board, Enhance, 1513727",CMPST DECK BRD,Trex Enhance 1513727 Composite Decking Board,"Trex Composite Decking Board, Enhance",Enhance Composite Decking Board,,Series: Enhance,,,,,,,,,,,,,,,,,,,,,,,,,Composite Decking Board,Series,Enhance,,,,,,,,,,,,,,,,,,,,,,,,,,,,,,,,,,,,,,,,,,,,,,,,,,,,,,,,,,,,,,,,,,,,,,,,,,,,,,,,,,,,,,,,,,,,,,,,,,,,,,,,,,,,,,,,,,,,,,,,,,,,,,,,,,,,,,,,,,,,,,,,,,,,,,,,,,,,,,,,,,,,,,,,Trex_1513727.jpg,Trex_1513727_1.jpg,Trex_1513727_2.jpg,Trex_1513727_3.jpg,Trex_1513727_4.jpg,,,,,Trex_1513727_Specification_Sheet.pdf,,,,,,,,,,,,,,,,,,
,,,,,,,Building Materials,Decking & Railing,Composite Decking Boards,,1513728,1nx6-20' Tide Pool Grooved - Trex Enhance Basics Decking,TREX,-- No Unilog Brand --,-- No DIB Brand --,Boise Cascade Building Materials (BOICA),Boise Cascade Company,Trex,,1513728,,Building & Hardware>Decking & Railing>Decking Boards,"Boise Cascade Company, Trex, Composite Decking Board, Enhance, 1513728",CMPST DECK BRD,Trex Enhance 1513728 Composite Decking Board,"Trex Composite Decking Board, Enhance",Enhance Composite Decking Board,,Series: Enhance,,,,,,,,,,,,,,,,,,,,,,,,,Composite Decking Board,Series,Enhance,,,,,,,,,,,,,,,,,,,,,,,,,,,,,,,,,,,,,,,,,,,,,,,,,,,,,,,,,,,,,,,,,,,,,,,,,,,,,,,,,,,,,,,,,,,,,,,,,,,,,,,,,,,,,,,,,,,,,,,,,,,,,,,,,,,,,,,,,,,,,,,,,,,,,,,,,,,,,,,,,,,,,,,,Trex_1513728.jpg,Trex_1513728_1.jpg,Trex_1513728_2.jpg,Trex_1513728_3.jpg,Trex_1513728_4.jpg,,,,,Trex_1513728_Specification_Sheet.pdf,,,,,,,,,,,,,,,,,,
,,,,,,,Building Materials,Decking & Railing,Composite Decking Boards,,543076016,1nx6-16' Cinnamon Cove Sq Edge - Trex Enhance Naturals Decking,TREX,-- No Unilog Brand --,-- No DIB Brand --,Boise Cascade Building Materials (BOICA),Boise Cascade Company,Trex,,543076016,,Building & Hardware>Decking & Railing>Decking Boards,"Boise Cascade Company, Trex, Composite Decking Board, Naturals, 543076016",CMPST DECK BRD,Trex Naturals 543076016 Composite Decking Board,"Trex Composite Decking Board, Naturals",Naturals Composite Decking Board,,Series: Naturals,,,,,,,,,,,,,,,,,,,,,,,,,Composite Decking Board,Series,Naturals,,,,,,,,,,,,,,,,,,,,,,,,,,,,,,,,,,,,,,,,,,,,,,,,,,,,,,,,,,,,,,,,,,,,,,,,,,,,,,,,,,,,,,,,,,,,,,,,,,,,,,,,,,,,,,,,,,,,,,,,,,,,,,,,,,,,,,,,,,,,,,,,,,,,,,,,,,,,,,,,,,,,,,,,Trex_543076016.jpg,Trex_543076016_1.jpg,Trex_543076016_2.jpg,Trex_543076016_3.jpg,Trex_543076016_4.jpg,,,,,Trex_543076016_Specification_Sheet.pdf,,,,,,,,,,,,,,,,,,
,,,,,,,Building Materials,Decking & Railing,Composite Decking Boards,,543076020,1nx6-20' Cinnamon Cove Sq Edge - Trex Enhance Naturals Decking,TREX,-- No Unilog Brand --,-- No DIB Brand --,Boise Cascade Building Materials (BOICA),Boise Cascade Company,Trex,,543076020,,Building & Hardware>Decking & Railing>Decking Boards,"Boise Cascade Company, Trex, Composite Decking Board, Naturals, 543076020",CMPST DECK BRD,Trex Naturals 543076020 Composite Decking Board,"Trex Composite Decking Board, Naturals",Naturals Composite Decking Board,,Series: Naturals,,,,,,,,,,,,,,,,,,,,,,,,,Composite Decking Board,Series,Naturals,,,,,,,,,,,,,,,,,,,,,,,,,,,,,,,,,,,,,,,,,,,,,,,,,,,,,,,,,,,,,,,,,,,,,,,,,,,,,,,,,,,,,,,,,,,,,,,,,,,,,,,,,,,,,,,,,,,,,,,,,,,,,,,,,,,,,,,,,,,,,,,,,,,,,,,,,,,,,,,,,,,,,,,,Trex_543076020.jpg,Trex_543076020_1.jpg,Trex_543076020_2.jpg,Trex_543076020_3.jpg,Trex_543076020_4.jpg,,,,,Trex_543076020_Specification_Sheet.pdf,,,,,,,,,,,,,,,,,,
,,,,,,,Building Materials,Decking & Railing,Composite Decking Boards,,543076412,1nx6-12' Cinnamon Cove Grooved - Trex Enhance Naturals Decking,TREX,-- No Unilog Brand --,-- No DIB Brand --,Boise Cascade Building Materials (BOICA),Boise Cascade Company,Trex,,543076412,,Building & Hardware>Decking & Railing>Decking Boards,"Boise Cascade Company, Trex, Composite Decking Board, Naturals, 543076412",CMPST DECK BRD,Trex Naturals 543076412 Composite Decking Board,"Trex Composite Decking Board, Naturals",Naturals Composite Decking Board,,Series: Naturals,,,,,,,,,,,,,,,,,,,,,,,,,Composite Decking Board,Series,Naturals,,,,,,,,,,,,,,,,,,,,,,,,,,,,,,,,,,,,,,,,,,,,,,,,,,,,,,,,,,,,,,,,,,,,,,,,,,,,,,,,,,,,,,,,,,,,,,,,,,,,,,,,,,,,,,,,,,,,,,,,,,,,,,,,,,,,,,,,,,,,,,,,,,,,,,,,,,,,,,,,,,,,,,,,Trex_543076412.jpg,Trex_543076412_1.jpg,Trex_543076412_2.jpg,Trex_543076412_3.jpg,Trex_543076412_4.jpg,,,,,Trex_543076412_Specification_Sheet.pdf,,,,,,,,,,,,,,,,,,
,,,,,,,Building Materials,Decking & Railing,Composite Decking Boards,,543076416,1nx6-16' Cinnamon Cove Grooved - Trex Enhance Naturals Decking,TREX,-- No Unilog Brand --,-- No DIB Brand --,Boise Cascade Building Materials (BOICA),Boise Cascade Company,Trex,,543076416,,Building & Hardware>Decking & Railing>Decking Boards,"Boise Cascade Company, Trex, Composite Decking Board, Naturals, 543076416",CMPST DECK BRD,Trex Naturals 543076416 Composite Decking Board,"Trex Composite Decking Board, Naturals",Naturals Composite Decking Board,,Series: Naturals,,,,,,,,,,,,,,,,,,,,,,,,,Composite Decking Board,Series,Naturals,,,,,,,,,,,,,,,,,,,,,,,,,,,,,,,,,,,,,,,,,,,,,,,,,,,,,,,,,,,,,,,,,,,,,,,,,,,,,,,,,,,,,,,,,,,,,,,,,,,,,,,,,,,,,,,,,,,,,,,,,,,,,,,,,,,,,,,,,,,,,,,,,,,,,,,,,,,,,,,,,,,,,,,,Trex_543076416.jpg,Trex_543076416_1.jpg,Trex_543076416_2.jpg,Trex_543076416_3.jpg,Trex_543076416_4.jpg,,,,,Trex_543076416_Specification_Sheet.pdf,,,,,,,,,,,,,,,,,,
,,,,,,,Building Materials,Decking & Railing,Composite Decking Boards,,543076420,1nx6-20' Cinnamon Cove Grooved - Trex Enhance Naturals Decking,TREX,-- No Unilog Brand --,-- No DIB Brand --,Boise Cascade Building Materials (BOICA),Boise Cascade Company,Trex,,543076420,,Building & Hardware>Decking & Railing>Decking Boards,"Boise Cascade Company, Trex, Composite Decking Board, Naturals, 543076420",CMPST DECK BRD,Trex Naturals 543076420 Composite Decking Board,"Trex Composite Decking Board, Naturals",Naturals Composite Decking Board,,Series: Naturals,,,,,,,,,,,,,,,,,,,,,,,,,Composite Decking Board,Series,Naturals,,,,,,,,,,,,,,,,,,,,,,,,,,,,,,,,,,,,,,,,,,,,,,,,,,,,,,,,,,,,,,,,,,,,,,,,,,,,,,,,,,,,,,,,,,,,,,,,,,,,,,,,,,,,,,,,,,,,,,,,,,,,,,,,,,,,,,,,,,,,,,,,,,,,,,,,,,,,,,,,,,,,,,,,Trex_543076420.jpg,Trex_543076420_1.jpg,Trex_543076420_2.jpg,Trex_543076420_3.jpg,Trex_543076420_4.jpg,,,,,Trex_543076420_Specification_Sheet.pdf,,,,,,,,,,,,,,,,,,
,,,,,,,Building Materials,Decking & Railing,Composite Decking Boards,,1516870,1nx6-16' Golden Hour Sq Edge - Trex Enhance Naturals Decking,TREX,-- No Unilog Brand --,-- No DIB Brand --,Boise Cascade Building Materials (BOICA),Boise Cascade Company,Trex,,1516870,,Building & Hardware>Decking & Railing>Decking Boards,"Boise Cascade Company, Trex, Composite Decking Board, Naturals, 1516870",CMPST DECK BRD,Trex Naturals 1516870 Composite Decking Board,"Trex Composite Decking Board, Naturals",Naturals Composite Decking Board,,Series: Naturals,,,,,,,,,,,,,,,,,,,,,,,,,Composite Decking Board,Series,Naturals,,,,,,,,,,,,,,,,,,,,,,,,,,,,,,,,,,,,,,,,,,,,,,,,,,,,,,,,,,,,,,,,,,,,,,,,,,,,,,,,,,,,,,,,,,,,,,,,,,,,,,,,,,,,,,,,,,,,,,,,,,,,,,,,,,,,,,,,,,,,,,,,,,,,,,,,,,,,,,,,,,,,,,,,Trex_1516870.jpg,Trex_1516870_1.jpg,Trex_1516870_2.jpg,Trex_1516870_3.jpg,Trex_1516870_4.jpg,,,,,Trex_1516870_Specification_Sheet.pdf,,,,,,,,,,,,,,,,,,
,,,,,,,Building Materials,Decking & Railing,Composite Decking Boards,,1516871,1nx6-20' Golden Hour Sq Edge - Trex Enhance Naturals Decking,TREX,-- No Unilog Brand --,-- No DIB Brand --,Boise Cascade Building Materials (BOICA),Boise Cascade Company,Trex,,1516871,,Building & Hardware>Decking & Railing>Decking Boards,"Boise Cascade Company, Trex, Composite Decking Board, Naturals, 1516871",CMPST DECK BRD,Trex Naturals 1516871 Composite Decking Board,"Trex Composite Decking Board, Naturals",Naturals Composite Decking Board,,Series: Naturals,,,,,,,,,,,,,,,,,,,,,,,,,Composite Decking Board,Series,Naturals,,,,,,,,,,,,,,,,,,,,,,,,,,,,,,,,,,,,,,,,,,,,,,,,,,,,,,,,,,,,,,,,,,,,,,,,,,,,,,,,,,,,,,,,,,,,,,,,,,,,,,,,,,,,,,,,,,,,,,,,,,,,,,,,,,,,,,,,,,,,,,,,,,,,,,,,,,,,,,,,,,,,,,,,Trex_1516871.jpg,Trex_1516871_1.jpg,Trex_1516871_2.jpg,Trex_1516871_3.jpg,Trex_1516871_4.jpg,,,,,Trex_1516871_Specification_Sheet.pdf,,,,,,,,,,,,,,,,,,
,,,,,,,Building Materials,Decking & Railing,Composite Decking Boards,,1516872,1nx6-12' Golden Hour Grooved - Trex Enhance Naturals Decking,TREX,-- No Unilog Brand --,-- No DIB Brand --,Boise Cascade Building Materials (BOICA),Boise Cascade Company,Trex,,1516872,,Building & Hardware>Decking & Railing>Decking Boards,"Boise Cascade Company, Trex, Composite Decking Board, Naturals, 1516872",CMPST DECK BRD,Trex Naturals 1516872 Composite Decking Board,"Trex Composite Decking Board, Naturals",Naturals Composite Decking Board,,Series: Naturals,,,,,,,,,,,,,,,,,,,,,,,,,Composite Decking Board,Series,Naturals,,,,,,,,,,,,,,,,,,,,,,,,,,,,,,,,,,,,,,,,,,,,,,,,,,,,,,,,,,,,,,,,,,,,,,,,,,,,,,,,,,,,,,,,,,,,,,,,,,,,,,,,,,,,,,,,,,,,,,,,,,,,,,,,,,,,,,,,,,,,,,,,,,,,,,,,,,,,,,,,,,,,,,,,Trex_1516872.jpg,Trex_1516872_1.jpg,Trex_1516872_2.jpg,Trex_1516872_3.jpg,Trex_1516872_4.jpg,,,,,Trex_1516872_Specification_Sheet.pdf,,,,,,,,,,,,,,,,,,
,,,,,,,Building Materials,Decking & Railing,Composite Decking Boards,,1516873,1nx6-16' Golden Hour Grooved - Trex Enhance Naturals Decking,TREX,-- No Unilog Brand --,-- No DIB Brand --,Boise Cascade Building Materials (BOICA),Boise Cascade Company,Trex,,1516873,,Building & Hardware>Decking & Railing>Decking Boards,"Boise Cascade Company, Trex, Composite Decking Board, Naturals, 1516873",CMPST DECK BRD,Trex Naturals 1516873 Composite Decking Board,"Trex Composite Decking Board, Naturals",Naturals Composite Decking Board,,Series: Naturals,,,,,,,,,,,,,,,,,,,,,,,,,Composite Decking Board,Series,Naturals,,,,,,,,,,,,,,,,,,,,,,,,,,,,,,,,,,,,,,,,,,,,,,,,,,,,,,,,,,,,,,,,,,,,,,,,,,,,,,,,,,,,,,,,,,,,,,,,,,,,,,,,,,,,,,,,,,,,,,,,,,,,,,,,,,,,,,,,,,,,,,,,,,,,,,,,,,,,,,,,,,,,,,,,Trex_1516873.jpg,Trex_1516873_1.jpg,Trex_1516873_2.jpg,Trex_1516873_3.jpg,Trex_1516873_4.jpg,,,,,Trex_1516873_Specification_Sheet.pdf,,,,,,,,,,,,,,,,,,
,,,,,,,Building Materials,Decking & Railing,Composite Decking Boards,,1516874,1nx6-20' Golden Hour Grooved - Trex Enhance Naturals Decking,TREX,-- No Unilog Brand --,-- No DIB Brand --,Boise Cascade Building Materials (BOICA),Boise Cascade Company,Trex,,1516874,,Building & Hardware>Decking & Railing>Decking Boards,"Boise Cascade Company, Trex, Composite Decking Board, Naturals, 1516874",CMPST DECK BRD,Trex Naturals 1516874 Composite Decking Board,"Trex Composite Decking Board, Naturals",Naturals Composite Decking Board,,Series: Naturals,,,,,,,,,,,,,,,,,,,,,,,,,Composite Decking Board,Series,Naturals,,,,,,,,,,,,,,,,,,,,,,,,,,,,,,,,,,,,,,,,,,,,,,,,,,,,,,,,,,,,,,,,,,,,,,,,,,,,,,,,,,,,,,,,,,,,,,,,,,,,,,,,,,,,,,,,,,,,,,,,,,,,,,,,,,,,,,,,,,,,,,,,,,,,,,,,,,,,,,,,,,,,,,,,Trex_1516874.jpg,Trex_1516874_1.jpg,Trex_1516874_2.jpg,Trex_1516874_3.jpg,Trex_1516874_4.jpg,,,,,Trex_1516874_Specification_Sheet.pdf,,,,,,,,,,,,,,,,,,
,,,,,,,Building Materials,Decking & Railing,Composite Decking Boards,,1516879,1nx6-16' Pebble Beach Sq Edge - Trex Enhance Basics Decking,TREX,-- No Unilog Brand --,-- No DIB Brand --,Boise Cascade Building Materials (BOICA),Boise Cascade Company,Trex,,1516879,,Building & Hardware>Decking & Railing>Decking Boards,"Boise Cascade Company, Trex, Composite Decking Board, Enhance, 1516879",CMPST DECK BRD,Trex Enhance 1516879 Composite Decking Board,"Trex Composite Decking Board, Enhance",Enhance Composite Decking Board,,Series: Enhance,,,,,,,,,,,,,,,,,,,,,,,,,Composite Decking Board,Series,Enhance,,,,,,,,,,,,,,,,,,,,,,,,,,,,,,,,,,,,,,,,,,,,,,,,,,,,,,,,,,,,,,,,,,,,,,,,,,,,,,,,,,,,,,,,,,,,,,,,,,,,,,,,,,,,,,,,,,,,,,,,,,,,,,,,,,,,,,,,,,,,,,,,,,,,,,,,,,,,,,,,,,,,,,,,Trex_1516879.jpg,Trex_1516879_1.jpg,Trex_1516879_2.jpg,Trex_1516879_3.jpg,Trex_1516879_4.jpg,,,,,Trex_1516879_Specification_Sheet.pdf,,,,,,,,,,,,,,,,,,
,,,,,,,Building Materials,Decking & Railing,Composite Decking Boards,,1516880,1nx6-20' Pebble Beach Sq Edge - Trex Enhance Basics Decking,TREX,-- No Unilog Brand --,-- No DIB Brand --,Boise Cascade Building Materials (BOICA),Boise Cascade Company,Trex,,1516880,,Building & Hardware>Decking & Railing>Decking Boards,"Boise Cascade Company, Trex, Composite Decking Board, Enhance, 1516880",CMPST DECK BRD,Trex Enhance 1516880 Composite Decking Board,"Trex Composite Decking Board, Enhance",Enhance Composite Decking Board,,Series: Enhance,,,,,,,,,,,,,,,,,,,,,,,,,Composite Decking Board,Series,Enhance,,,,,,,,,,,,,,,,,,,,,,,,,,,,,,,,,,,,,,,,,,,,,,,,,,,,,,,,,,,,,,,,,,,,,,,,,,,,,,,,,,,,,,,,,,,,,,,,,,,,,,,,,,,,,,,,,,,,,,,,,,,,,,,,,,,,,,,,,,,,,,,,,,,,,,,,,,,,,,,,,,,,,,,,Trex_1516880.jpg,Trex_1516880_1.jpg,Trex_1516880_2.jpg,Trex_1516880_3.jpg,Trex_1516880_4.jpg,,,,,Trex_1516880_Specification_Sheet.pdf,,,,,,,,,,,,,,,,,,
,,,,,,,Building Materials,Decking & Railing,Composite Decking Boards,,1516881,1nx6-12' Pebble Beach Grooved - Trex Enhance Basics Decking,TREX,-- No Unilog Brand --,-- No DIB Brand --,Boise Cascade Building Materials (BOICA),Boise Cascade Company,Trex,,1516881,,Building & Hardware>Decking & Railing>Decking Boards,"Boise Cascade Company, Trex, Composite Decking Board, Enhance, 1516881",CMPST DECK BRD,Trex Enhance 1516881 Composite Decking Board,"Trex Composite Decking Board, Enhance",Enhance Composite Decking Board,,Series: Enhance,,,,,,,,,,,,,,,,,,,,,,,,,Composite Decking Board,Series,Enhance,,,,,,,,,,,,,,,,,,,,,,,,,,,,,,,,,,,,,,,,,,,,,,,,,,,,,,,,,,,,,,,,,,,,,,,,,,,,,,,,,,,,,,,,,,,,,,,,,,,,,,,,,,,,,,,,,,,,,,,,,,,,,,,,,,,,,,,,,,,,,,,,,,,,,,,,,,,,,,,,,,,,,,,,Trex_1516881.jpg,Trex_1516881_1.jpg,Trex_1516881_2.jpg,Trex_1516881_3.jpg,Trex_1516881_4.jpg,,,,,Trex_1516881_Specification_Sheet.pdf,,,,,,,,,,,,,,,,,,
,,,,,,,Building Materials,Decking & Railing,Composite Decking Boards,,1516882,1nx6-16' Pebble Beach Grooved - Trex Enhance Basics Decking,TREX,-- No Unilog Brand --,-- No DIB Brand --,Boise Cascade Building Materials (BOICA),Boise Cascade Company,Trex,,1516882,,Building & Hardware>Decking & Railing>Decking Boards,"Boise Cascade Company, Trex, Composite Decking Board, Enhance, 1516882",CMPST DECK BRD,Trex Enhance 1516882 Composite Decking Board,"Trex Composite Decking Board, Enhance",Enhance Composite Decking Board,,Series: Enhance,,,,,,,,,,,,,,,,,,,,,,,,,Composite Decking Board,Series,Enhance,,,,,,,,,,,,,,,,,,,,,,,,,,,,,,,,,,,,,,,,,,,,,,,,,,,,,,,,,,,,,,,,,,,,,,,,,,,,,,,,,,,,,,,,,,,,,,,,,,,,,,,,,,,,,,,,,,,,,,,,,,,,,,,,,,,,,,,,,,,,,,,,,,,,,,,,,,,,,,,,,,,,,,,,Trex_1516882.jpg,Trex_1516882_1.jpg,Trex_1516882_2.jpg,Trex_1516882_3.jpg,Trex_1516882_4.jpg,,,,,Trex_1516882_Specification_Sheet.pdf,,,,,,,,,,,,,,,,,,
,,,,,,,Building Materials,Decking & Railing,Composite Decking Boards,,1516883,1nx6-20' Pebble Beach Grooved - Trex Enhance Basics Decking,TREX,-- No Unilog Brand --,-- No DIB Brand --,Boise Cascade Building Materials (BOICA),Boise Cascade Company,Trex,,1516883,,Building & Hardware>Decking & Railing>Decking Boards,"Boise Cascade Company, Trex, Composite Decking Board, Enhance, 1516883",CMPST DECK BRD,Trex Enhance 1516883 Composite Decking Board,"Trex Composite Decking Board, Enhance",Enhance Composite Decking Board,,Series: Enhance,,,,,,,,,,,,,,,,,,,,,,,,,Composite Decking Board,Series,Enhance,,,,,,,,,,,,,,,,,,,,,,,,,,,,,,,,,,,,,,,,,,,,,,,,,,,,,,,,,,,,,,,,,,,,,,,,,,,,,,,,,,,,,,,,,,,,,,,,,,,,,,,,,,,,,,,,,,,,,,,,,,,,,,,,,,,,,,,,,,,,,,,,,,,,,,,,,,,,,,,,,,,,,,,,Trex_1516883.jpg,Trex_1516883_1.jpg,Trex_1516883_2.jpg,Trex_1516883_3.jpg,Trex_1516883_4.jpg,,,,,Trex_1516883_Specification_Sheet.pdf,,,,,,,,,,,,,,,,,,
,,,,,,,Building Materials,Decking & Railing,Composite Decking Boards,,543005016,7/8nx6-16' Malted Barley Sq Edge - Trex Select 2.0 Decking,TREX,-- No Unilog Brand --,-- No DIB Brand --,Boise Cascade Building Materials (BOICA),Boise Cascade Company,Trex,,543005016,,Building & Hardware>Decking & Railing>Decking Boards,"Boise Cascade Company, Trex, Composite Decking Board, Select, 543005016",CMPST DECK BRD,Trex Select 543005016 Composite Decking Board,"Trex Composite Decking Board, Select",Select Composite Decking Board,,Series: Select,,,,,,,,,,,,,,,,,,,,,,,,,Composite Decking Board,Series,Select,,,,,,,,,,,,,,,,,,,,,,,,,,,,,,,,,,,,,,,,,,,,,,,,,,,,,,,,,,,,,,,,,,,,,,,,,,,,,,,,,,,,,,,,,,,,,,,,,,,,,,,,,,,,,,,,,,,,,,,,,,,,,,,,,,,,,,,,,,,,,,,,,,,,,,,,,,,,,,,,,,,,,,,,Trex_543005016.jpg,Trex_543005016_1.jpg,Trex_543005016_2.jpg,Trex_543005016_3.jpg,Trex_543005016_4.jpg,,,,,Trex_543005016_Specification_Sheet.pdf,,,,,,,,,,,,,,,,,,
,,,,,,,Building Materials,Decking & Railing,Composite Decking Boards,,543005020,7/8nx6-20' Malted Barley Sq Edge - Trex Select 2.0 Decking,TREX,-- No Unilog Brand --,-- No DIB Brand --,Boise Cascade Building Materials (BOICA),Boise Cascade Company,Trex,,543005020,,Building & Hardware>Decking & Railing>Decking Boards,"Boise Cascade Company, Trex, Composite Decking Board, Select, 543005020",CMPST DECK BRD,Trex Select 543005020 Composite Decking Board,"Trex Composite Decking Board, Select",Select Composite Decking Board,,Series: Select,,,,,,,,,,,,,,,,,,,,,,,,,Composite Decking Board,Series,Select,,,,,,,,,,,,,,,,,,,,,,,,,,,,,,,,,,,,,,,,,,,,,,,,,,,,,,,,,,,,,,,,,,,,,,,,,,,,,,,,,,,,,,,,,,,,,,,,,,,,,,,,,,,,,,,,,,,,,,,,,,,,,,,,,,,,,,,,,,,,,,,,,,,,,,,,,,,,,,,,,,,,,,,,Trex_543005020.jpg,Trex_543005020_1.jpg,Trex_543005020_2.jpg,Trex_543005020_3.jpg,Trex_543005020_4.jpg,,,,,Trex_543005020_Specification_Sheet.pdf,,,,,,,,,,,,,,,,,,
,,,,,,,Building Materials,Decking & Railing,Composite Decking Boards,,543005412,7/8nx6-12' Malted Barley Grooved - Trex Select 2.0 Decking,TREX,-- No Unilog Brand --,-- No DIB Brand --,Boise Cascade Building Materials (BOICA),Boise Cascade Company,Trex,,543005412,,Building & Hardware>Decking & Railing>Decking Boards,"Boise Cascade Company, Trex, Composite Decking Board, Select, 543005412",CMPST DECK BRD,Trex Select 543005412 Composite Decking Board,"Trex Composite Decking Board, Select",Select Composite Decking Board,,Series: Select,,,,,,,,,,,,,,,,,,,,,,,,,Composite Decking Board,Series,Select,,,,,,,,,,,,,,,,,,,,,,,,,,,,,,,,,,,,,,,,,,,,,,,,,,,,,,,,,,,,,,,,,,,,,,,,,,,,,,,,,,,,,,,,,,,,,,,,,,,,,,,,,,,,,,,,,,,,,,,,,,,,,,,,,,,,,,,,,,,,,,,,,,,,,,,,,,,,,,,,,,,,,,,,Trex_543005412.jpg,Trex_543005412_1.jpg,Trex_543005412_2.jpg,Trex_543005412_3.jpg,Trex_543005412_4.jpg,,,,,Trex_543005412_Specification_Sheet.pdf,,,,,,,,,,,,,,,,,,
,,,,,,,Building Materials,Decking & Railing,Composite Decking Boards,,543005416,7/8nx6-16' Malted Barley Grooved - Trex Select 2.0 Decking,TREX,-- No Unilog Brand --,-- No DIB Brand --,Boise Cascade Building Materials (BOICA),Boise Cascade Company,Trex,,543005416,,Building & Hardware>Decking & Railing>Decking Boards,"Boise Cascade Company, Trex, Composite Decking Board, Select, 543005416",CMPST DECK BRD,Trex Select 543005416 Composite Decking Board,"Trex Composite Decking Board, Select",Select Composite Decking Board,,Series: Select,,,,,,,,,,,,,,,,,,,,,,,,,Composite Decking Board,Series,Select,,,,,,,,,,,,,,,,,,,,,,,,,,,,,,,,,,,,,,,,,,,,,,,,,,,,,,,,,,,,,,,,,,,,,,,,,,,,,,,,,,,,,,,,,,,,,,,,,,,,,,,,,,,,,,,,,,,,,,,,,,,,,,,,,,,,,,,,,,,,,,,,,,,,,,,,,,,,,,,,,,,,,,,,Trex_543005416.jpg,Trex_543005416_1.jpg,Trex_543005416_2.jpg,Trex_543005416_3.jpg,Trex_543005416_4.jpg,,,,,Trex_543005416_Specification_Sheet.pdf,,,,,,,,,,,,,,,,,,
,,,,,,,Building Materials,Decking & Railing,Composite Decking Boards,,543005420,7/8nx6-20' Malted Barley Grooved - Trex Select 2.0 Decking,TREX,-- No Unilog Brand --,-- No DIB Brand --,Boise Cascade Building Materials (BOICA),Boise Cascade Company,Trex,,543005420,,Building & Hardware>Decking & Railing>Decking Boards,"Boise Cascade Company, Trex, Composite Decking Board, Select, 543005420",CMPST DECK BRD,Trex Select 543005420 Composite Decking Board,"Trex Composite Decking Board, Select",Select Composite Decking Board,,Series: Select,,,,,,,,,,,,,,,,,,,,,,,,,Composite Decking Board,Series,Select,,,,,,,,,,,,,,,,,,,,,,,,,,,,,,,,,,,,,,,,,,,,,,,,,,,,,,,,,,,,,,,,,,,,,,,,,,,,,,,,,,,,,,,,,,,,,,,,,,,,,,,,,,,,,,,,,,,,,,,,,,,,,,,,,,,,,,,,,,,,,,,,,,,,,,,,,,,,,,,,,,,,,,,,Trex_543005420.jpg,Trex_543005420_1.jpg,Trex_543005420_2.jpg,Trex_543005420_3.jpg,Trex_543005420_4.jpg,,,,,Trex_543005420_Specification_Sheet.pdf,,,,,,,,,,,,,,,,,,
,,,,,,,Building Materials,Decking & Railing,Composite Decking Boards,,1516891,7/8nx6-16' Millstone Sq Edge - Trex Select 2.0 Decking,TREX,-- No Unilog Brand --,-- No DIB Brand --,Boise Cascade Building Materials (BOICA),Boise Cascade Company,Trex,,1516891,,Building & Hardware>Decking & Railing>Decking Boards,"Boise Cascade Company, Trex, Composite Decking Board, Select, 1516891",CMPST DECK BRD,Trex Select 1516891 Composite Decking Board,"Trex Composite Decking Board, Select",Select Composite Decking Board,,Series: Select,,,,,,,,,,,,,,,,,,,,,,,,,Composite Decking Board,Series,Select,,,,,,,,,,,,,,,,,,,,,,,,,,,,,,,,,,,,,,,,,,,,,,,,,,,,,,,,,,,,,,,,,,,,,,,,,,,,,,,,,,,,,,,,,,,,,,,,,,,,,,,,,,,,,,,,,,,,,,,,,,,,,,,,,,,,,,,,,,,,,,,,,,,,,,,,,,,,,,,,,,,,,,,,Trex_1516891.jpg,Trex_1516891_1.jpg,Trex_1516891_2.jpg,Trex_1516891_3.jpg,Trex_1516891_4.jpg,,,,,Trex_1516891_Specification_Sheet.pdf,,,,,,,,,,,,,,,,,,
,,,,,,,Building Materials,Decking & Railing,Composite Decking Boards,,1516892,7/8nx6-20' Millstone Sq Edge -Trex Select 2.0 Decking,TREX,-- No Unilog Brand --,-- No DIB Brand --,Boise Cascade Building Materials (BOICA),Boise Cascade Company,Trex,,1516892,,Building & Hardware>Decking & Railing>Decking Boards,"Boise Cascade Company, Trex, Composite Decking Board, Select, 1516892",CMPST DECK BRD,Trex Select 1516892 Composite Decking Board,"Trex Composite Decking Board, Select",Select Composite Decking Board,,Series: Select,,,,,,,,,,,,,,,,,,,,,,,,,Composite Decking Board,Series,Select,,,,,,,,,,,,,,,,,,,,,,,,,,,,,,,,,,,,,,,,,,,,,,,,,,,,,,,,,,,,,,,,,,,,,,,,,,,,,,,,,,,,,,,,,,,,,,,,,,,,,,,,,,,,,,,,,,,,,,,,,,,,,,,,,,,,,,,,,,,,,,,,,,,,,,,,,,,,,,,,,,,,,,,,Trex_1516892.jpg,Trex_1516892_1.jpg,Trex_1516892_2.jpg,Trex_1516892_3.jpg,Trex_1516892_4.jpg,,,,,Trex_1516892_Specification_Sheet.pdf,,,,,,,,,,,,,,,,,,
,,,,,,,Building Materials,Decking & Railing,Composite Decking Boards,,1516893,7/8nx6-12' Millstone Grooved - Trex Select 2.0 Decking,TREX,-- No Unilog Brand --,-- No DIB Brand --,Boise Cascade Building Materials (BOICA),Boise Cascade Company,Trex,,1516893,,Building & Hardware>Decking & Railing>Decking Boards,"Boise Cascade Company, Trex, Composite Decking Board, Select, 1516893",CMPST DECK BRD,Trex Select 1516893 Composite Decking Board,"Trex Composite Decking Board, Select",Select Composite Decking Board,,Series: Select,,,,,,,,,,,,,,,,,,,,,,,,,Composite Decking Board,Series,Select,,,,,,,,,,,,,,,,,,,,,,,,,,,,,,,,,,,,,,,,,,,,,,,,,,,,,,,,,,,,,,,,,,,,,,,,,,,,,,,,,,,,,,,,,,,,,,,,,,,,,,,,,,,,,,,,,,,,,,,,,,,,,,,,,,,,,,,,,,,,,,,,,,,,,,,,,,,,,,,,,,,,,,,,Trex_1516893.jpg,Trex_1516893_1.jpg,Trex_1516893_2.jpg,Trex_1516893_3.jpg,Trex_1516893_4.jpg,,,,,Trex_1516893_Specification_Sheet.pdf,,,,,,,,,,,,,,,,,,
,,,,,,,Building Materials,Decking & Railing,Composite Decking Boards,,1516894,7/8nx6-16' Millstone Grooved - Trex Select 2.0 Decking,TREX,-- No Unilog Brand --,-- No DIB Brand --,Boise Cascade Building Materials (BOICA),Boise Cascade Company,Trex,,1516894,,Building & Hardware>Decking & Railing>Decking Boards,"Boise Cascade Company, Trex, Composite Decking Board, Select, 1516894",CMPST DECK BRD,Trex Select 1516894 Composite Decking Board,"Trex Composite Decking Board, Select",Select Composite Decking Board,,Series: Select,,,,,,,,,,,,,,,,,,,,,,,,,Composite Decking Board,Series,Select,,,,,,,,,,,,,,,,,,,,,,,,,,,,,,,,,,,,,,,,,,,,,,,,,,,,,,,,,,,,,,,,,,,,,,,,,,,,,,,,,,,,,,,,,,,,,,,,,,,,,,,,,,,,,,,,,,,,,,,,,,,,,,,,,,,,,,,,,,,,,,,,,,,,,,,,,,,,,,,,,,,,,,,,Trex_1516894.jpg,Trex_1516894_1.jpg,Trex_1516894_2.jpg,Trex_1516894_3.jpg,Trex_1516894_4.jpg,,,,,Trex_1516894_Specification_Sheet.pdf,,,,,,,,,,,,,,,,,,
,,,,,,,Building Materials,Decking & Railing,Composite Decking Boards,,1516895,7/8nx6-20' Millstone Grooved - Trex Select 2.0 Decking,TREX,-- No Unilog Brand --,-- No DIB Brand --,Boise Cascade Building Materials (BOICA),Boise Cascade Company,Trex,,1516895,,Building & Hardware>Decking & Railing>Decking Boards,"Boise Cascade Company, Trex, Composite Decking Board, Select, 1516895",CMPST DECK BRD,Trex Select 1516895 Composite Decking Board,"Trex Composite Decking Board, Select",Select Composite Decking Board,,Series: Select,,,,,,,,,,,,,,,,,,,,,,,,,Composite Decking Board,Series,Select,,,,,,,,,,,,,,,,,,,,,,,,,,,,,,,,,,,,,,,,,,,,,,,,,,,,,,,,,,,,,,,,,,,,,,,,,,,,,,,,,,,,,,,,,,,,,,,,,,,,,,,,,,,,,,,,,,,,,,,,,,,,,,,,,,,,,,,,,,,,,,,,,,,,,,,,,,,,,,,,,,,,,,,,Trex_1516895.jpg,Trex_1516895_1.jpg,Trex_1516895_2.jpg,Trex_1516895_3.jpg,Trex_1516895_4.jpg,,,,,Trex_1516895_Specification_Sheet.pdf,,,,,,,,,,,,,,,,,,
,,,,,,,Building Materials,Decking & Railing,Composite Decking Boards,,543007016,7/8nx6-16' Whiskey Barrel Sq Edge - Trex Select 2.0 Decking,TREX,-- No Unilog Brand --,-- No DIB Brand --,Boise Cascade Building Materials (BOICA),Boise Cascade Company,Trex,,543007016,,Building & Hardware>Decking & Railing>Decking Boards,"Boise Cascade Company, Trex, Composite Decking Board, Select, 543007016",CMPST DECK BRD,Trex Select 543007016 Composite Decking Board,"Trex Composite Decking Board, Select",Select Composite Decking Board,,Series: Select,,,,,,,,,,,,,,,,,,,,,,,,,Composite Decking Board,Series,Select,,,,,,,,,,,,,,,,,,,,,,,,,,,,,,,,,,,,,,,,,,,,,,,,,,,,,,,,,,,,,,,,,,,,,,,,,,,,,,,,,,,,,,,,,,,,,,,,,,,,,,,,,,,,,,,,,,,,,,,,,,,,,,,,,,,,,,,,,,,,,,,,,,,,,,,,,,,,,,,,,,,,,,,,Trex_543007016.jpg,Trex_543007016_1.jpg,Trex_543007016_2.jpg,Trex_543007016_3.jpg,Trex_543007016_4.jpg,,,,,Trex_543007016_Specification_Sheet.pdf,,,,,,,,,,,,,,,,,,
,,,,,,,Building Materials,Decking & Railing,Composite Decking Boards,,543007020,7/8nx6-20' Whiskey Barrel Sq Edge - Trex Select 2.0 Decking,TREX,-- No Unilog Brand --,-- No DIB Brand --,Boise Cascade Building Materials (BOICA),Boise Cascade Company,Trex,,543007020,,Building & Hardware>Decking & Railing>Decking Boards,"Boise Cascade Company, Trex, Composite Decking Board, Select, 543007020",CMPST DECK BRD,Trex Select 543007020 Composite Decking Board,"Trex Composite Decking Board, Select",Select Composite Decking Board,,Series: Select,,,,,,,,,,,,,,,,,,,,,,,,,Composite Decking Board,Series,Select,,,,,,,,,,,,,,,,,,,,,,,,,,,,,,,,,,,,,,,,,,,,,,,,,,,,,,,,,,,,,,,,,,,,,,,,,,,,,,,,,,,,,,,,,,,,,,,,,,,,,,,,,,,,,,,,,,,,,,,,,,,,,,,,,,,,,,,,,,,,,,,,,,,,,,,,,,,,,,,,,,,,,,,,Trex_543007020.jpg,Trex_543007020_1.jpg,Trex_543007020_2.jpg,Trex_543007020_3.jpg,Trex_543007020_4.jpg,,,,,Trex_543007020_Specification_Sheet.pdf,,,,,,,,,,,,,,,,,,
,,,,,,,Building Materials,Decking & Railing,Composite Decking Boards,,543007412,7/8nx6-12' Whiskey Barrel Grooved - Trex Select 2.0 Decking,TREX,-- No Unilog Brand --,-- No DIB Brand --,Boise Cascade Building Materials (BOICA),Boise Cascade Company,Trex,,543007412,,Building & Hardware>Decking & Railing>Decking Boards,"Boise Cascade Company, Trex, Composite Decking Board, Select, 543007412",CMPST DECK BRD,Trex Select 543007412 Composite Decking Board,"Trex Composite Decking Board, Select",Select Composite Decking Board,,Series: Select,,,,,,,,,,,,,,,,,,,,,,,,,Composite Decking Board,Series,Select,,,,,,,,,,,,,,,,,,,,,,,,,,,,,,,,,,,,,,,,,,,,,,,,,,,,,,,,,,,,,,,,,,,,,,,,,,,,,,,,,,,,,,,,,,,,,,,,,,,,,,,,,,,,,,,,,,,,,,,,,,,,,,,,,,,,,,,,,,,,,,,,,,,,,,,,,,,,,,,,,,,,,,,,Trex_543007412.jpg,Trex_543007412_1.jpg,Trex_543007412_2.jpg,Trex_543007412_3.jpg,Trex_543007412_4.jpg,,,,,Trex_543007412_Specification_Sheet.pdf,,,,,,,,,,,,,,,,,,
,,,,,,,Building Materials,Decking & Railing,Composite Decking Boards,,543007416,7/8nx6-16' Whiskey Barrel Grooved - Trex Select 2.0 Decking,TREX,-- No Unilog Brand --,-- No DIB Brand --,Boise Cascade Building Materials (BOICA),Boise Cascade Company,Trex,,543007416,,Building & Hardware>Decking & Railing>Decking Boards,"Boise Cascade Company, Trex, Composite Decking Board, Select, 543007416",CMPST DECK BRD,Trex Select 543007416 Composite Decking Board,"Trex Composite Decking Board, Select",Select Composite Decking Board,,Series: Select,,,,,,,,,,,,,,,,,,,,,,,,,Composite Decking Board,Series,Select,,,,,,,,,,,,,,,,,,,,,,,,,,,,,,,,,,,,,,,,,,,,,,,,,,,,,,,,,,,,,,,,,,,,,,,,,,,,,,,,,,,,,,,,,,,,,,,,,,,,,,,,,,,,,,,,,,,,,,,,,,,,,,,,,,,,,,,,,,,,,,,,,,,,,,,,,,,,,,,,,,,,,,,,Trex_543007416.jpg,Trex_543007416_1.jpg,Trex_543007416_2.jpg,Trex_543007416_3.jpg,Trex_543007416_4.jpg,,,,,Trex_543007416_Specification_Sheet.pdf,,,,,,,,,,,,,,,,,,
,,,,,,,Building Materials,Decking & Railing,Composite Decking Boards,,543007420,7/8nx6-20' Whiskey Barrel Grooved - Trex Select 2.0 Decking,TREX,-- No Unilog Brand --,-- No DIB Brand --,Boise Cascade Building Materials (BOICA),Boise Cascade Company,Trex,,543007420,,Building & Hardware>Decking & Railing>Decking Boards,"Boise Cascade Company, Trex, Composite Decking Board, Select, 543007420",CMPST DECK BRD,Trex Select 543007420 Composite Decking Board,"Trex Composite Decking Board, Select",Select Composite Decking Board,,Series: Select,,,,,,,,,,,,,,,,,,,,,,,,,Composite Decking Board,Series,Select,,,,,,,,,,,,,,,,,,,,,,,,,,,,,,,,,,,,,,,,,,,,,,,,,,,,,,,,,,,,,,,,,,,,,,,,,,,,,,,,,,,,,,,,,,,,,,,,,,,,,,,,,,,,,,,,,,,,,,,,,,,,,,,,,,,,,,,,,,,,,,,,,,,,,,,,,,,,,,,,,,,,,,,,Trex_543007420.jpg,Trex_543007420_1.jpg,Trex_543007420_2.jpg,Trex_543007420_3.jpg,Trex_543007420_4.jpg,,,,,Trex_543007420_Specification_Sheet.pdf,,,,,,,,,,,,,,,,,,
,,,,,,,Building Materials,Decking & Railing,Fascia Boards,,ADR5117512CS,1x12-12' Coastline - Vintage Azek PVC Fascia,TIMBERTECH,-- No Unilog Brand --,-- No DIB Brand --,Parksite (6151),Parksite Inc,TimberTech,,ADR5117512CS,,Building & Hardware>Decking & Railing>Fascia,"Parksite Inc, TimberTech, Fascia Board, Vintage, ADR5117512CS",FSC BRD PVC,"TimberTech Vintage ADR5117512CS Fascia Board With 1 in x 12 in, PVC, Coastline","TimberTech Fascia Board, Vintage, 1 in x 12 in, PVC, Coastline","Vintage Fascia Board, 1 in x 12 in, PVC, Coastline",,Series: Vintage,Size: 1 in x 12 in,Material: PVC,Color: Coastline,,,,,,,,,,,,,,,,,,,,,,Fascia Board,Series,Vintage,,Size,1 in x 12 in,,Material,PVC,,Color,Coastline,,,,,,,,,,,,,,,,,,,,,,,,,,,,,,,,,,,,,,,,,,,,,,,,,,,,,,,,,,,,,,,,,,,,,,,,,,,,,,,,,,,,,,,,,,,,,,,,,,,,,,,,,,,,,,,,,,,,,,,,,,,,,,,,,,,,,,,,,,,,,,,,,,,,,,,,,,,,,,,TimberTech_ADR5117512CS.jpg,TimberTech_ADR5117512CS_1.jpg,TimberTech_ADR5117512CS_2.jpg,TimberTech_ADR5117512CS_3.jpg,TimberTech_ADR5117512CS_4.jpg,,,,,TimberTech_ADR5117512CS_Specification_Sheet.pdf,,,,,,,,,,,,,,,,,,
,,,,,,,Building Materials,Decking & Railing,Fascia Boards,,ADR5117512MH,1x12-12' Mahogany - Vintage Azek PVC Fascia,TIMBERTECH,-- No Unilog Brand --,-- No DIB Brand --,Parksite (6151),Parksite Inc,TimberTech,,ADR5117512MH,,Building & Hardware>Decking & Railing>Fascia,"Parksite Inc, TimberTech, Fascia Board, Vintage, ADR5117512MH",FSC BRD PVC,"TimberTech Vintage ADR5117512MH Fascia Board With 1 in x 12 in, PVC, Mahogany","TimberTech Fascia Board, Vintage, 1 in x 12 in, PVC, Mahogany","Vintage Fascia Board, 1 in x 12 in, PVC, Mahogany",,Series: Vintage,Size: 1 in x 12 in,Material: PVC,Color: Mahogany,,,,,,,,,,,,,,,,,,,,,,Fascia Board,Series,Vintage,,Size,1 in x 12 in,,Material,PVC,,Color,Mahogany,,,,,,,,,,,,,,,,,,,,,,,,,,,,,,,,,,,,,,,,,,,,,,,,,,,,,,,,,,,,,,,,,,,,,,,,,,,,,,,,,,,,,,,,,,,,,,,,,,,,,,,,,,,,,,,,,,,,,,,,,,,,,,,,,,,,,,,,,,,,,,,,,,,,,,,,,,,,,,,TimberTech_ADR5117512MH.jpg,TimberTech_ADR5117512MH_1.jpg,TimberTech_ADR5117512MH_2.jpg,TimberTech_ADR5117512MH_3.jpg,TimberTech_ADR5117512MH_4.jpg,,,,,TimberTech_ADR5117512MH_Specification_Sheet.pdf,,,,,,,,,,,,,,,,,,
,,,,,,,Building Materials,Decking & Railing,Fascia Boards,,ADR5117512WT,1x12-12' Weathered Teak - Vintage Azek PVC Fascia,TIMBERTECH,-- No Unilog Brand --,-- No DIB Brand --,Parksite (6151),Parksite Inc,TimberTech,,ADR5117512WT,,Building & Hardware>Decking & Railing>Fascia,"Parksite Inc, TimberTech, Fascia Board, Vintage, ADR5117512WT",FSC BRD PVC,"TimberTech Vintage ADR5117512WT Fascia Board With 1 in x 12 in, PVC","TimberTech Fascia Board, Vintage, 1 in x 12 in, PVC","Vintage Fascia Board, 1 in x 12 in, PVC",,Series: Vintage,Size: 1 in x 12 in,Material: PVC,,,,,,,,,,,,,,,,,,,,,,,Fascia Board,Series,Vintage,,Size,1 in x 12 in,,Material,PVC,,,,,,,,,,,,,,,,,,,,,,,,,,,,,,,,,,,,,,,,,,,,,,,,,,,,,,,,,,,,,,,,,,,,,,,,,,,,,,,,,,,,,,,,,,,,,,,,,,,,,,,,,,,,,,,,,,,,,,,,,,,,,,,,,,,,,,,,,,,,,,,,,,,,,,,,,,,,,,,,,,TimberTech_ADR5117512WT.jpg,TimberTech_ADR5117512WT_1.jpg,TimberTech_ADR5117512WT_2.jpg,TimberTech_ADR5117512WT_3.jpg,TimberTech_ADR5117512WT_4.jpg,,,,,TimberTech_ADR5117512WT_Specification_Sheet.pdf,,,,,,,,,,,,,,,,,,
,,,,,,,Building Materials,Decking & Railing,Fascia Boards,,ADR5117512AW,1x12-12' American Walnut - Landmark Azek PVC Fascia,TIMBERTECH,-- No Unilog Brand --,-- No DIB Brand --,Parksite (6151),Parksite Inc,TimberTech,,ADR5117512AW,,Building & Hardware>Decking & Railing>Fascia,"Parksite Inc, TimberTech, Fascia Board, Landmark, ADR5117512AW",FSC BRD PVC,"TimberTech Landmark ADR5117512AW Fascia Board With 1 in x 12 in, PVC","TimberTech Fascia Board, Landmark, 1 in x 12 in, PVC","Landmark Fascia Board, 1 in x 12 in, PVC",,Series: Landmark,Size: 1 in x 12 in,Material: PVC,,,,,,,,,,,,,,,,,,,,,,,Fascia Board,Series,Landmark,,Size,1 in x 12 in,,Material,PVC,,,,,,,,,,,,,,,,,,,,,,,,,,,,,,,,,,,,,,,,,,,,,,,,,,,,,,,,,,,,,,,,,,,,,,,,,,,,,,,,,,,,,,,,,,,,,,,,,,,,,,,,,,,,,,,,,,,,,,,,,,,,,,,,,,,,,,,,,,,,,,,,,,,,,,,,,,,,,,,,,,TimberTech_ADR5117512AW.jpg,TimberTech_ADR5117512AW_1.jpg,TimberTech_ADR5117512AW_2.jpg,TimberTech_ADR5117512AW_3.jpg,TimberTech_ADR5117512AW_4.jpg,,,,,TimberTech_ADR5117512AW_Specification_Sheet.pdf,,,,,,,,,,,,,,,,,,
,,,,,,,Building Materials,Decking & Railing,Fascia Boards,,ADR5117512CG,1x12-12' Castle Gate - Landmark Azek PVC Fascia,TIMBERTECH,-- No Unilog Brand --,-- No DIB Brand --,Parksite (6151),Parksite Inc,TimberTech,,ADR5117512CG,,Building & Hardware>Decking & Railing>Fascia,"Parksite Inc, TimberTech, Fascia Board, Landmark, ADR5117512CG",FSC BRD PVC,"TimberTech Landmark ADR5117512CG Fascia Board With 1 in x 12 in, PVC","TimberTech Fascia Board, Landmark, 1 in x 12 in, PVC","Landmark Fascia Board, 1 in x 12 in, PVC",,Series: Landmark,Size: 1 in x 12 in,Material: PVC,,,,,,,,,,,,,,,,,,,,,,,Fascia Board,Series,Landmark,,Size,1 in x 12 in,,Material,PVC,,,,,,,,,,,,,,,,,,,,,,,,,,,,,,,,,,,,,,,,,,,,,,,,,,,,,,,,,,,,,,,,,,,,,,,,,,,,,,,,,,,,,,,,,,,,,,,,,,,,,,,,,,,,,,,,,,,,,,,,,,,,,,,,,,,,,,,,,,,,,,,,,,,,,,,,,,,,,,,,,,TimberTech_ADR5117512CG.jpg,TimberTech_ADR5117512CG_1.jpg,TimberTech_ADR5117512CG_2.jpg,TimberTech_ADR5117512CG_3.jpg,TimberTech_ADR5117512CG_4.jpg,,,,,TimberTech_ADR5117512CG_Specification_Sheet.pdf,,,,,,,,,,,,,,,,,,
,,,,,,,Building Materials,Decking & Railing,Fascia Boards,,ADR5117512FW,1x12-12' French White Oak - Landmark Azek PVC Fascia,TIMBERTECH,-- No Unilog Brand --,-- No DIB Brand --,Parksite (6151),Parksite Inc,TimberTech,,ADR5117512FW,,Building & Hardware>Decking & Railing>Fascia,"Parksite Inc, TimberTech, Fascia Board, Landmark, ADR5117512FW",FSC BRD PVC,"TimberTech Landmark ADR5117512FW Fascia Board With 1 in x 12 in, PVC, White","TimberTech Fascia Board, Landmark, 1 in x 12 in, PVC, White","Landmark Fascia Board, 1 in x 12 in, PVC, White",,Series: Landmark,Size: 1 in x 12 in,Material: PVC,Color: White,,,,,,,,,,,,,,,,,,,,,,Fascia Board,Series,Landmark,,Size,1 in x 12 in,,Material,PVC,,Color,White,,,,,,,,,,,,,,,,,,,,,,,,,,,,,,,,,,,,,,,,,,,,,,,,,,,,,,,,,,,,,,,,,,,,,,,,,,,,,,,,,,,,,,,,,,,,,,,,,,,,,,,,,,,,,,,,,,,,,,,,,,,,,,,,,,,,,,,,,,,,,,,,,,,,,,,,,,,,,,,TimberTech_ADR5117512FW.jpg,TimberTech_ADR5117512FW_1.jpg,TimberTech_ADR5117512FW_2.jpg,TimberTech_ADR5117512FW_3.jpg,TimberTech_ADR5117512FW_4.jpg,,,,,TimberTech_ADR5117512FW_Specification_Sheet.pdf,,,,,,,,,,,,,,,,,,
,,,,,,,Building Materials,Decking & Railing,Fascia Boards,,1508395,1x8-12' Brownstone - Harvest Azek PVC Fascia,TIMBERTECH,-- No Unilog Brand --,-- No DIB Brand --,Parksite (6151),Parksite Inc,TimberTech,,1508395,,Building & Hardware>Decking & Railing>Fascia,"Parksite Inc, TimberTech, Fascia Board, Harvest, 1508395",FSC BRD PVC,"TimberTech Harvest 1508395 Fascia Board With 1 in x 8 in, PVC","TimberTech Fascia Board, Harvest, 1 in x 8 in, PVC","Harvest Fascia Board, 1 in x 8 in, PVC",,Series: Harvest,Size: 1 in x 8 in,Material: PVC,,,,,,,,,,,,,,,,,,,,,,,Fascia Board,Series,Harvest,,Size,1 in x 8 in,,Material,PVC,,,,,,,,,,,,,,,,,,,,,,,,,,,,,,,,,,,,,,,,,,,,,,,,,,,,,,,,,,,,,,,,,,,,,,,,,,,,,,,,,,,,,,,,,,,,,,,,,,,,,,,,,,,,,,,,,,,,,,,,,,,,,,,,,,,,,,,,,,,,,,,,,,,,,,,,,,,,,,,,,,TimberTech_1508395.jpg,TimberTech_1508395_1.jpg,TimberTech_1508395_2.jpg,TimberTech_1508395_3.jpg,TimberTech_1508395_4.jpg,,,,,TimberTech_1508395_Specification_Sheet.pdf,,,,,,,,,,,,,,,,,,
,,,,,,,Building Materials,Decking & Railing,Fascia Boards,,1508396,1x8-12' Slate Gray - Harvest Azek PVC Fascia,TIMBERTECH,-- No Unilog Brand --,-- No DIB Brand --,Parksite (6151),Parksite Inc,TimberTech,,1508396,,Building & Hardware>Decking & Railing>Fascia,"Parksite Inc, TimberTech, Fascia Board, Harvest, 1508396",FSC BRD PVC,"TimberTech Harvest 1508396 Fascia Board With 1 in x 8 in, PVC, Gray","TimberTech Fascia Board, Harvest, 1 in x 8 in, PVC, Gray","Harvest Fascia Board, 1 in x 8 in, PVC, Gray",,Series: Harvest,Size: 1 in x 8 in,Material: PVC,Color: Gray,,,,,,,,,,,,,,,,,,,,,,Fascia Board,Series,Harvest,,Size,1 in x 8 in,,Material,PVC,,Color,Gray,,,,,,,,,,,,,,,,,,,,,,,,,,,,,,,,,,,,,,,,,,,,,,,,,,,,,,,,,,,,,,,,,,,,,,,,,,,,,,,,,,,,,,,,,,,,,,,,,,,,,,,,,,,,,,,,,,,,,,,,,,,,,,,,,,,,,,,,,,,,,,,,,,,,,,,,,,,,,,,TimberTech_1508396.jpg,TimberTech_1508396_1.jpg,TimberTech_1508396_2.jpg,TimberTech_1508396_3.jpg,TimberTech_1508396_4.jpg,,,,,TimberTech_1508396_Specification_Sheet.pdf,,,,,,,,,,,,,,,,,,
,,,,,,,Building Materials,Decking & Railing,Fascia Boards,,ADCR5117512BS,1x12-12' Brownstone - Harvest Azek PVC Fascia,TIMBERTECH,-- No Unilog Brand --,-- No DIB Brand --,Parksite (6151),Parksite Inc,TimberTech,,ADCR5117512BS,,Building & Hardware>Decking & Railing>Fascia,"Parksite Inc, TimberTech, Fascia Board, Harvest, ADCR5117512BS",FSC BRD PVC,"TimberTech Harvest ADCR5117512BS Fascia Board With 1 in x 12 in, PVC","TimberTech Fascia Board, Harvest, 1 in x 12 in, PVC","Harvest Fascia Board, 1 in x 12 in, PVC",,Series: Harvest,Size: 1 in x 12 in,Material: PVC,,,,,,,,,,,,,,,,,,,,,,,Fascia Board,Series,Harvest,,Size,1 in x 12 in,,Material,PVC,,,,,,,,,,,,,,,,,,,,,,,,,,,,,,,,,,,,,,,,,,,,,,,,,,,,,,,,,,,,,,,,,,,,,,,,,,,,,,,,,,,,,,,,,,,,,,,,,,,,,,,,,,,,,,,,,,,,,,,,,,,,,,,,,,,,,,,,,,,,,,,,,,,,,,,,,,,,,,,,,,TimberTech_ADCR5117512BS.jpg,TimberTech_ADCR5117512BS_1.jpg,TimberTech_ADCR5117512BS_2.jpg,TimberTech_ADCR5117512BS_3.jpg,TimberTech_ADCR5117512BS_4.jpg,,,,,TimberTech_ADCR5117512BS_Specification_Sheet.pdf,,,,,,,,,,,,,,,,,,
,,,,,,,Building Materials,Decking & Railing,Fascia Boards,,ADCR5117512SG,1x12-12' Slate Gray - Harvest Azek PVC Fascia,TIMBERTECH,-- No Unilog Brand --,-- No DIB Brand --,Parksite (6151),Parksite Inc,TimberTech,,ADCR5117512SG,,Building & Hardware>Decking & Railing>Fascia,"Parksite Inc, TimberTech, Fascia Board, Harvest, ADCR5117512SG",FSC BRD PVC,"TimberTech Harvest ADCR5117512SG Fascia Board With 1 in x 12 in, PVC, Gray","TimberTech Fascia Board, Harvest, 1 in x 12 in, PVC, Gray","Harvest Fascia Board, 1 in x 12 in, PVC, Gray",,Series: Harvest,Size: 1 in x 12 in,Material: PVC,Color: Gray,,,,,,,,,,,,,,,,,,,,,,Fascia Board,Series,Harvest,,Size,1 in x 12 in,,Material,PVC,,Color,Gray,,,,,,,,,,,,,,,,,,,,,,,,,,,,,,,,,,,,,,,,,,,,,,,,,,,,,,,,,,,,,,,,,,,,,,,,,,,,,,,,,,,,,,,,,,,,,,,,,,,,,,,,,,,,,,,,,,,,,,,,,,,,,,,,,,,,,,,,,,,,,,,,,,,,,,,,,,,,,,,TimberTech_ADCR5117512SG.jpg,TimberTech_ADCR5117512SG_1.jpg,TimberTech_ADCR5117512SG_2.jpg,TimberTech_ADCR5117512SG_3.jpg,TimberTech_ADCR5117512SG_4.jpg,,,,,TimberTech_ADCR5117512SG_Specification_Sheet.pdf,,,,,,,,,,,,,,,,,,
,,,,,,,Building Materials,Decking & Railing,Composite Decking Boards,,543140908,1x8-12' Biscayne - Trex Lineage,TREX,-- No Unilog Brand --,-- No DIB Brand --,U S Lumber (3073),U.S. Lumber Group,Trex,,543140908,,Building & Hardware>Decking & Railing>Decking Boards,"U.S. Lumber Group, Trex, Composite Decking Board, Lineage, 543140908",CMPST DECK BRD,Trex Lineage 543140908 Composite Decking Board With 1 in x 8 in,"Trex Composite Decking Board, Lineage, 1 in x 8 in","Lineage Composite Decking Board, 1 in x 8 in",,Series: Lineage,Size: 1 in x 8 in,,,,,,,,,,,,,,,,,,,,,,,,Composite Decking Board,Series,Lineage,,Size,1 in x 8 in,,,,,,,,,,,,,,,,,,,,,,,,,,,,,,,,,,,,,,,,,,,,,,,,,,,,,,,,,,,,,,,,,,,,,,,,,,,,,,,,,,,,,,,,,,,,,,,,,,,,,,,,,,,,,,,,,,,,,,,,,,,,,,,,,,,,,,,,,,,,,,,,,,,,,,,,,,,,,,,,,,,,,Trex_543140908.jpg,Trex_543140908_1.jpg,Trex_543140908_2.jpg,Trex_543140908_3.jpg,Trex_543140908_4.jpg,,,,,Trex_543140908_Specification_Sheet.pdf,,,,,,,,,,,,,,,,,,
,,,,,,,Building Materials,Decking & Railing,Composite Decking Boards,,543142908,1x8-12' Carmel - Trex Lineage,TREX,-- No Unilog Brand --,-- No DIB Brand --,U S Lumber (3073),U.S. Lumber Group,Trex,,543142908,,Building & Hardware>Decking & Railing>Decking Boards,"U.S. Lumber Group, Trex, Composite Decking Board, Lineage, 543142908",CMPST DECK BRD,Trex Lineage 543142908 Composite Decking Board With 1 in x 8 in,"Trex Composite Decking Board, Lineage, 1 in x 8 in","Lineage Composite Decking Board, 1 in x 8 in",,Series: Lineage,Size: 1 in x 8 in,,,,,,,,,,,,,,,,,,,,,,,,Composite Decking Board,Series,Lineage,,Size,1 in x 8 in,,,,,,,,,,,,,,,,,,,,,,,,,,,,,,,,,,,,,,,,,,,,,,,,,,,,,,,,,,,,,,,,,,,,,,,,,,,,,,,,,,,,,,,,,,,,,,,,,,,,,,,,,,,,,,,,,,,,,,,,,,,,,,,,,,,,,,,,,,,,,,,,,,,,,,,,,,,,,,,,,,,,,Trex_543142908.jpg,Trex_543142908_1.jpg,Trex_543142908_2.jpg,Trex_543142908_3.jpg,Trex_543142908_4.jpg,,,,,Trex_543142908_Specification_Sheet.pdf,,,,,,,,,,,,,,,,,,
,,,,,,,Building Materials,Decking & Railing,Composite Decking Boards,,543143908,1x8-12' Jasper - Trex Lineage,TREX,-- No Unilog Brand --,-- No DIB Brand --,U S Lumber (3073),U.S. Lumber Group,Trex,,543143908,,Building & Hardware>Decking & Railing>Decking Boards,"U.S. Lumber Group, Trex, Composite Decking Board, Lineage, 543143908",CMPST DECK BRD,Trex Lineage 543143908 Composite Decking Board With 1 in x 8 in,"Trex Composite Decking Board, Lineage, 1 in x 8 in","Lineage Composite Decking Board, 1 in x 8 in",,Series: Lineage,Size: 1 in x 8 in,,,,,,,,,,,,,,,,,,,,,,,,Composite Decking Board,Series,Lineage,,Size,1 in x 8 in,,,,,,,,,,,,,,,,,,,,,,,,,,,,,,,,,,,,,,,,,,,,,,,,,,,,,,,,,,,,,,,,,,,,,,,,,,,,,,,,,,,,,,,,,,,,,,,,,,,,,,,,,,,,,,,,,,,,,,,,,,,,,,,,,,,,,,,,,,,,,,,,,,,,,,,,,,,,,,,,,,,,,Trex_543143908.jpg,Trex_543143908_1.jpg,Trex_543143908_2.jpg,Trex_543143908_3.jpg,Trex_543143908_4.jpg,,,,,Trex_543143908_Specification_Sheet.pdf,,,,,,,,,,,,,,,,,,
,,,,,,,Building Materials,Decking & Railing,Composite Decking Boards,,543140912,1x12-12' Biscayne - Trex Lineage,TREX,-- No Unilog Brand --,-- No DIB Brand --,U S Lumber (3073),U.S. Lumber Group,Trex,,543140912,,Building & Hardware>Decking & Railing>Decking Boards,"U.S. Lumber Group, Trex, Composite Decking Board, Lineage, 543140912",CMPST DECK BRD,Trex Lineage 543140912 Composite Decking Board With 1 in x 12 in,"Trex Composite Decking Board, Lineage, 1 in x 12 in","Lineage Composite Decking Board, 1 in x 12 in",,Series: Lineage,Size: 1 in x 12 in,,,,,,,,,,,,,,,,,,,,,,,,Composite Decking Board,Series,Lineage,,Size,1 in x 12 in,,,,,,,,,,,,,,,,,,,,,,,,,,,,,,,,,,,,,,,,,,,,,,,,,,,,,,,,,,,,,,,,,,,,,,,,,,,,,,,,,,,,,,,,,,,,,,,,,,,,,,,,,,,,,,,,,,,,,,,,,,,,,,,,,,,,,,,,,,,,,,,,,,,,,,,,,,,,,,,,,,,,,Trex_543140912.jpg,Trex_543140912_1.jpg,Trex_543140912_2.jpg,Trex_543140912_3.jpg,Trex_543140912_4.jpg,,,,,Trex_543140912_Specification_Sheet.pdf,,,,,,,,,,,,,,,,,,
,,,,,,,Building Materials,Decking & Railing,Composite Decking Boards,,543142912,1x12-12' Carmel - Trex Lineage,TREX,-- No Unilog Brand --,-- No DIB Brand --,U S Lumber (3073),U.S. Lumber Group,Trex,,543142912,,Building & Hardware>Decking & Railing>Decking Boards,"U.S. Lumber Group, Trex, Composite Decking Board, Lineage, 543142912",CMPST DECK BRD,Trex Lineage 543142912 Composite Decking Board With 1 in x 12 in,"Trex Composite Decking Board, Lineage, 1 in x 12 in","Lineage Composite Decking Board, 1 in x 12 in",,Series: Lineage,Size: 1 in x 12 in,,,,,,,,,,,,,,,,,,,,,,,,Composite Decking Board,Series,Lineage,,Size,1 in x 12 in,,,,,,,,,,,,,,,,,,,,,,,,,,,,,,,,,,,,,,,,,,,,,,,,,,,,,,,,,,,,,,,,,,,,,,,,,,,,,,,,,,,,,,,,,,,,,,,,,,,,,,,,,,,,,,,,,,,,,,,,,,,,,,,,,,,,,,,,,,,,,,,,,,,,,,,,,,,,,,,,,,,,,Trex_543142912.jpg,Trex_543142912_1.jpg,Trex_543142912_2.jpg,Trex_543142912_3.jpg,Trex_543142912_4.jpg,,,,,Trex_543142912_Specification_Sheet.pdf,,,,,,,,,,,,,,,,,,
,,,,,,,Building Materials,Decking & Railing,Composite Decking Boards,,543143912,1x12-12' Jasper - Trex Lineage,TREX,-- No Unilog Brand --,-- No DIB Brand --,U S Lumber (3073),U.S. Lumber Group,Trex,,543143912,,Building & Hardware>Decking & Railing>Decking Boards,"U.S. Lumber Group, Trex, Composite Decking Board, Lineage, 543143912",CMPST DECK BRD,Trex Lineage 543143912 Composite Decking Board With 1 in x 12 in,"Trex Composite Decking Board, Lineage, 1 in x 12 in","Lineage Composite Decking Board, 1 in x 12 in",,Series: Lineage,Size: 1 in x 12 in,,,,,,,,,,,,,,,,,,,,,,,,Composite Decking Board,Series,Lineage,,Size,1 in x 12 in,,,,,,,,,,,,,,,,,,,,,,,,,,,,,,,,,,,,,,,,,,,,,,,,,,,,,,,,,,,,,,,,,,,,,,,,,,,,,,,,,,,,,,,,,,,,,,,,,,,,,,,,,,,,,,,,,,,,,,,,,,,,,,,,,,,,,,,,,,,,,,,,,,,,,,,,,,,,,,,,,,,,,Trex_543143912.jpg,Trex_543143912_1.jpg,Trex_543143912_2.jpg,Trex_543143912_3.jpg,Trex_543143912_4.jpg,,,,,Trex_543143912_Specification_Sheet.pdf,,,,,,,,,,,,,,,,,,
,,,,,,,Building Materials,Decking & Railing,Composite Decking Boards,,1513715,1x12-12' Hatteras - Trex Lineage,TREX,-- No Unilog Brand --,-- No DIB Brand --,Boise Cascade Building Materials (BOICA),Boise Cascade Company,Trex,,1513715,,Building & Hardware>Decking & Railing>Decking Boards,"Boise Cascade Company, Trex, Composite Decking Board, Lineage, 1513715",CMPST DECK BRD,Trex Lineage 1513715 Composite Decking Board With 1 in x 12 in,"Trex Composite Decking Board, Lineage, 1 in x 12 in","Lineage Composite Decking Board, 1 in x 12 in",,Series: Lineage,Size: 1 in x 12 in,,,,,,,,,,,,,,,,,,,,,,,,Composite Decking Board,Series,Lineage,,Size,1 in x 12 in,,,,,,,,,,,,,,,,,,,,,,,,,,,,,,,,,,,,,,,,,,,,,,,,,,,,,,,,,,,,,,,,,,,,,,,,,,,,,,,,,,,,,,,,,,,,,,,,,,,,,,,,,,,,,,,,,,,,,,,,,,,,,,,,,,,,,,,,,,,,,,,,,,,,,,,,,,,,,,,,,,,,,Trex_1513715.jpg,Trex_1513715_1.jpg,Trex_1513715_2.jpg,Trex_1513715_3.jpg,Trex_1513715_4.jpg,,,,,Trex_1513715_Specification_Sheet.pdf,,,,,,,,,,,,,,,,,,
,,,,,,,Building Materials,Decking & Railing,Composite Decking Boards,,1513716,1x12-12' Salt Flat - Trex Lineage,TREX,-- No Unilog Brand --,-- No DIB Brand --,Boise Cascade Building Materials (BOICA),Boise Cascade Company,Trex,,1513716,,Building & Hardware>Decking & Railing>Decking Boards,"Boise Cascade Company, Trex, Composite Decking Board, Lineage, 1513716",CMPST DECK BRD,Trex Lineage 1513716 Composite Decking Board With 1 in x 12 in,"Trex Composite Decking Board, Lineage, 1 in x 12 in","Lineage Composite Decking Board, 1 in x 12 in",,Series: Lineage,Size: 1 in x 12 in,,,,,,,,,,,,,,,,,,,,,,,,Composite Decking Board,Series,Lineage,,Size,1 in x 12 in,,,,,,,,,,,,,,,,,,,,,,,,,,,,,,,,,,,,,,,,,,,,,,,,,,,,,,,,,,,,,,,,,,,,,,,,,,,,,,,,,,,,,,,,,,,,,,,,,,,,,,,,,,,,,,,,,,,,,,,,,,,,,,,,,,,,,,,,,,,,,,,,,,,,,,,,,,,,,,,,,,,,,Trex_1513716.jpg,Trex_1513716_1.jpg,Trex_1513716_2.jpg,Trex_1513716_3.jpg,Trex_1513716_4.jpg,,,,,Trex_1513716_Specification_Sheet.pdf,,,,,,,,,,,,,,,,,,
,,,,,,,Building Materials,Decking & Railing,Composite Decking Boards,,1513722,1x8-12' Honey Grove - Trex Enhance Naturals Fascia,TREX,-- No Unilog Brand --,-- No DIB Brand --,Boise Cascade Building Materials (BOICA),Boise Cascade Company,Trex,,1513722,,Building & Hardware>Decking & Railing>Decking Boards,"Boise Cascade Company, Trex, Composite Decking Board, Naturals, 1513722",CMPST DECK BRD,Trex Naturals 1513722 Composite Decking Board With 1 in x 8 in,"Trex Composite Decking Board, Naturals, 1 in x 8 in","Naturals Composite Decking Board, 1 in x 8 in",,Series: Naturals,Size: 1 in x 8 in,,,,,,,,,,,,,,,,,,,,,,,,Composite Decking Board,Series,Naturals,,Size,1 in x 8 in,,,,,,,,,,,,,,,,,,,,,,,,,,,,,,,,,,,,,,,,,,,,,,,,,,,,,,,,,,,,,,,,,,,,,,,,,,,,,,,,,,,,,,,,,,,,,,,,,,,,,,,,,,,,,,,,,,,,,,,,,,,,,,,,,,,,,,,,,,,,,,,,,,,,,,,,,,,,,,,,,,,,,Trex_1513722.jpg,Trex_1513722_1.jpg,Trex_1513722_2.jpg,Trex_1513722_3.jpg,Trex_1513722_4.jpg,,,,,Trex_1513722_Specification_Sheet.pdf,,,,,,,,,,,,,,,,,,
,,,,,,,Building Materials,Decking & Railing,Composite Decking Boards,,1513723,1x12-12' Honey Grove - Trex Enhance Naturals Fascia,TREX,-- No Unilog Brand --,-- No DIB Brand --,Boise Cascade Building Materials (BOICA),Boise Cascade Company,Trex,,1513723,,Building & Hardware>Decking & Railing>Decking Boards,"Boise Cascade Company, Trex, Composite Decking Board, Naturals, 1513723",CMPST DECK BRD,Trex Naturals 1513723 Composite Decking Board With 1 in x 12 in,"Trex Composite Decking Board, Naturals, 1 in x 12 in","Naturals Composite Decking Board, 1 in x 12 in",,Series: Naturals,Size: 1 in x 12 in,,,,,,,,,,,,,,,,,,,,,,,,Composite Decking Board,Series,Naturals,,Size,1 in x 12 in,,,,,,,,,,,,,,,,,,,,,,,,,,,,,,,,,,,,,,,,,,,,,,,,,,,,,,,,,,,,,,,,,,,,,,,,,,,,,,,,,,,,,,,,,,,,,,,,,,,,,,,,,,,,,,,,,,,,,,,,,,,,,,,,,,,,,,,,,,,,,,,,,,,,,,,,,,,,,,,,,,,,,Trex_1513723.jpg,Trex_1513723_1.jpg,Trex_1513723_2.jpg,Trex_1513723_3.jpg,Trex_1513723_4.jpg,,,,,Trex_1513723_Specification_Sheet.pdf,,,,,,,,,,,,,,,,,,
,,,,,,,Building Materials,Decking & Railing,Composite Decking Boards,,1513729,1x8-12' Tide Pool - Trex Enhance Basics Fascia,TREX,-- No Unilog Brand --,-- No DIB Brand --,Boise Cascade Building Materials (BOICA),Boise Cascade Company,Trex,,1513729,,Building & Hardware>Decking & Railing>Decking Boards,"Boise Cascade Company, Trex, Composite Decking Board, Enhance, 1513729",CMPST DECK BRD,Trex Enhance 1513729 Composite Decking Board With 1 in x 8 in,"Trex Composite Decking Board, Enhance, 1 in x 8 in","Enhance Composite Decking Board, 1 in x 8 in",,Series: Enhance,Size: 1 in x 8 in,,,,,,,,,,,,,,,,,,,,,,,,Composite Decking Board,Series,Enhance,,Size,1 in x 8 in,,,,,,,,,,,,,,,,,,,,,,,,,,,,,,,,,,,,,,,,,,,,,,,,,,,,,,,,,,,,,,,,,,,,,,,,,,,,,,,,,,,,,,,,,,,,,,,,,,,,,,,,,,,,,,,,,,,,,,,,,,,,,,,,,,,,,,,,,,,,,,,,,,,,,,,,,,,,,,,,,,,,,Trex_1513729.jpg,Trex_1513729_1.jpg,Trex_1513729_2.jpg,Trex_1513729_3.jpg,Trex_1513729_4.jpg,,,,,Trex_1513729_Specification_Sheet.pdf,,,,,,,,,,,,,,,,,,
,,,,,,,Building Materials,Decking & Railing,Composite Decking Boards,,1513730,1x12-12' Tide Pool - Trex Enhance Basics Fascia,TREX,-- No Unilog Brand --,-- No DIB Brand --,Boise Cascade Building Materials (BOICA),Boise Cascade Company,Trex,,1513730,,Building & Hardware>Decking & Railing>Decking Boards,"Boise Cascade Company, Trex, Composite Decking Board, Enhance, 1513730",CMPST DECK BRD,Trex Enhance 1513730 Composite Decking Board With 1 in x 12 in,"Trex Composite Decking Board, Enhance, 1 in x 12 in","Enhance Composite Decking Board, 1 in x 12 in",,Series: Enhance,Size: 1 in x 12 in,,,,,,,,,,,,,,,,,,,,,,,,Composite Decking Board,Series,Enhance,,Size,1 in x 12 in,,,,,,,,,,,,,,,,,,,,,,,,,,,,,,,,,,,,,,,,,,,,,,,,,,,,,,,,,,,,,,,,,,,,,,,,,,,,,,,,,,,,,,,,,,,,,,,,,,,,,,,,,,,,,,,,,,,,,,,,,,,,,,,,,,,,,,,,,,,,,,,,,,,,,,,,,,,,,,,,,,,,,Trex_1513730.jpg,Trex_1513730_1.jpg,Trex_1513730_2.jpg,Trex_1513730_3.jpg,Trex_1513730_4.jpg,,,,,Trex_1513730_Specification_Sheet.pdf,,,,,,,,,,,,,,,,,,
,,,,,,,Building Materials,Decking & Railing,Composite Decking Boards,,543076916,1x8-12' Cinnamon Cove - Trex Enhance Naturals Fascia,TREX,-- No Unilog Brand --,-- No DIB Brand --,Boise Cascade Building Materials (BOICA),Boise Cascade Company,Trex,,543076916,,Building & Hardware>Decking & Railing>Decking Boards,"Boise Cascade Company, Trex, Composite Decking Board, Naturals, 543076916",CMPST DECK BRD,Trex Naturals 543076916 Composite Decking Board With 1 in x 8 in,"Trex Composite Decking Board, Naturals, 1 in x 8 in","Naturals Composite Decking Board, 1 in x 8 in",,Series: Naturals,Size: 1 in x 8 in,,,,,,,,,,,,,,,,,,,,,,,,Composite Decking Board,Series,Naturals,,Size,1 in x 8 in,,,,,,,,,,,,,,,,,,,,,,,,,,,,,,,,,,,,,,,,,,,,,,,,,,,,,,,,,,,,,,,,,,,,,,,,,,,,,,,,,,,,,,,,,,,,,,,,,,,,,,,,,,,,,,,,,,,,,,,,,,,,,,,,,,,,,,,,,,,,,,,,,,,,,,,,,,,,,,,,,,,,,Trex_543076916.jpg,Trex_543076916_1.jpg,Trex_543076916_2.jpg,Trex_543076916_3.jpg,Trex_543076916_4.jpg,,,,,Trex_543076916_Specification_Sheet.pdf,,,,,,,,,,,,,,,,,,
,,,,,,,Building Materials,Decking & Railing,Composite Decking Boards,,1516876,1x8-12' Golden Hour - Trex Enhance Naturals Fascia,TREX,-- No Unilog Brand --,-- No DIB Brand --,Boise Cascade Building Materials (BOICA),Boise Cascade Company,Trex,,1516876,,Building & Hardware>Decking & Railing>Decking Boards,"Boise Cascade Company, Trex, Composite Decking Board, Naturals, 1516876",CMPST DECK BRD,Trex Naturals 1516876 Composite Decking Board With 1 in x 8 in,"Trex Composite Decking Board, Naturals, 1 in x 8 in","Naturals Composite Decking Board, 1 in x 8 in",,Series: Naturals,Size: 1 in x 8 in,,,,,,,,,,,,,,,,,,,,,,,,Composite Decking Board,Series,Naturals,,Size,1 in x 8 in,,,,,,,,,,,,,,,,,,,,,,,,,,,,,,,,,,,,,,,,,,,,,,,,,,,,,,,,,,,,,,,,,,,,,,,,,,,,,,,,,,,,,,,,,,,,,,,,,,,,,,,,,,,,,,,,,,,,,,,,,,,,,,,,,,,,,,,,,,,,,,,,,,,,,,,,,,,,,,,,,,,,,Trex_1516876.jpg,Trex_1516876_1.jpg,Trex_1516876_2.jpg,Trex_1516876_3.jpg,Trex_1516876_4.jpg,,,,,Trex_1516876_Specification_Sheet.pdf,,,,,,,,,,,,,,,,,,
,,,,,,,Building Materials,Decking & Railing,Composite Decking Boards,,543076936,1x12-12' Cinnamon Cove - Trex Enhance Naturals Fascia,TREX,-- No Unilog Brand --,-- No DIB Brand --,Boise Cascade Building Materials (BOICA),Boise Cascade Company,Trex,,543076936,,Building & Hardware>Decking & Railing>Decking Boards,"Boise Cascade Company, Trex, Composite Decking Board, Naturals, 543076936",CMPST DECK BRD,Trex Naturals 543076936 Composite Decking Board With 1 in x 12 in,"Trex Composite Decking Board, Naturals, 1 in x 12 in","Naturals Composite Decking Board, 1 in x 12 in",,Series: Naturals,Size: 1 in x 12 in,,,,,,,,,,,,,,,,,,,,,,,,Composite Decking Board,Series,Naturals,,Size,1 in x 12 in,,,,,,,,,,,,,,,,,,,,,,,,,,,,,,,,,,,,,,,,,,,,,,,,,,,,,,,,,,,,,,,,,,,,,,,,,,,,,,,,,,,,,,,,,,,,,,,,,,,,,,,,,,,,,,,,,,,,,,,,,,,,,,,,,,,,,,,,,,,,,,,,,,,,,,,,,,,,,,,,,,,,,Trex_543076936.jpg,Trex_543076936_1.jpg,Trex_543076936_2.jpg,Trex_543076936_3.jpg,Trex_543076936_4.jpg,,,,,Trex_543076936_Specification_Sheet.pdf,,,,,,,,,,,,,,,,,,
,,,,,,,Building Materials,Decking & Railing,Composite Decking Boards,,1516878,1x12-12' Golden Hour - Trex Enhance Naturals Fascia,TREX,-- No Unilog Brand --,-- No DIB Brand --,Boise Cascade Building Materials (BOICA),Boise Cascade Company,Trex,,1516878,,Building & Hardware>Decking & Railing>Decking Boards,"Boise Cascade Company, Trex, Composite Decking Board, Naturals, 1516878",CMPST DECK BRD,Trex Naturals 1516878 Composite Decking Board With 1 in x 12 in,"Trex Composite Decking Board, Naturals, 1 in x 12 in","Naturals Composite Decking Board, 1 in x 12 in",,Series: Naturals,Size: 1 in x 12 in,,,,,,,,,,,,,,,,,,,,,,,,Composite Decking Board,Series,Naturals,,Size,1 in x 12 in,,,,,,,,,,,,,,,,,,,,,,,,,,,,,,,,,,,,,,,,,,,,,,,,,,,,,,,,,,,,,,,,,,,,,,,,,,,,,,,,,,,,,,,,,,,,,,,,,,,,,,,,,,,,,,,,,,,,,,,,,,,,,,,,,,,,,,,,,,,,,,,,,,,,,,,,,,,,,,,,,,,,,Trex_1516878.jpg,Trex_1516878_1.jpg,Trex_1516878_2.jpg,Trex_1516878_3.jpg,Trex_1516878_4.jpg,,,,,Trex_1516878_Specification_Sheet.pdf,,,,,,,,,,,,,,,,,,
,,,,,,,Building Materials,Decking & Railing,Composite Decking Boards,,1516884,1x8-12' Pebble Beach - Trex Enhance Basics Fascia,TREX,-- No Unilog Brand --,-- No DIB Brand --,Boise Cascade Building Materials (BOICA),Boise Cascade Company,Trex,,1516884,,Building & Hardware>Decking & Railing>Decking Boards,"Boise Cascade Company, Trex, Composite Decking Board, Enhance, 1516884",CMPST DECK BRD,Trex Enhance 1516884 Composite Decking Board With 1 in x 8 in,"Trex Composite Decking Board, Enhance, 1 in x 8 in","Enhance Composite Decking Board, 1 in x 8 in",,Series: Enhance,Size: 1 in x 8 in,,,,,,,,,,,,,,,,,,,,,,,,Composite Decking Board,Series,Enhance,,Size,1 in x 8 in,,,,,,,,,,,,,,,,,,,,,,,,,,,,,,,,,,,,,,,,,,,,,,,,,,,,,,,,,,,,,,,,,,,,,,,,,,,,,,,,,,,,,,,,,,,,,,,,,,,,,,,,,,,,,,,,,,,,,,,,,,,,,,,,,,,,,,,,,,,,,,,,,,,,,,,,,,,,,,,,,,,,,Trex_1516884.jpg,Trex_1516884_1.jpg,Trex_1516884_2.jpg,Trex_1516884_3.jpg,Trex_1516884_4.jpg,,,,,Trex_1516884_Specification_Sheet.pdf,,,,,,,,,,,,,,,,,,
,,,,,,,Building Materials,Decking & Railing,Composite Decking Boards,,1516885,1x12-12' Pebble Beach - Trex Enhance Basics Fascia,TREX,-- No Unilog Brand --,-- No DIB Brand --,Boise Cascade Building Materials (BOICA),Boise Cascade Company,Trex,,1516885,,Building & Hardware>Decking & Railing>Decking Boards,"Boise Cascade Company, Trex, Composite Decking Board, Enhance, 1516885",CMPST DECK BRD,Trex Enhance 1516885 Composite Decking Board With 1 in x 12 in,"Trex Composite Decking Board, Enhance, 1 in x 12 in","Enhance Composite Decking Board, 1 in x 12 in",,Series: Enhance,Size: 1 in x 12 in,,,,,,,,,,,,,,,,,,,,,,,,Composite Decking Board,Series,Enhance,,Size,1 in x 12 in,,,,,,,,,,,,,,,,,,,,,,,,,,,,,,,,,,,,,,,,,,,,,,,,,,,,,,,,,,,,,,,,,,,,,,,,,,,,,,,,,,,,,,,,,,,,,,,,,,,,,,,,,,,,,,,,,,,,,,,,,,,,,,,,,,,,,,,,,,,,,,,,,,,,,,,,,,,,,,,,,,,,,Trex_1516885.jpg,Trex_1516885_1.jpg,Trex_1516885_2.jpg,Trex_1516885_3.jpg,Trex_1516885_4.jpg,,,,,Trex_1516885_Specification_Sheet.pdf,,,,,,,,,,,,,,,,,,
,,,,,,,Building Materials,Decking & Railing,Fascia Boards,,543005916,1x8-12' Malted Barley - Trex Select 2.0 Fascia,TREX,-- No Unilog Brand --,-- No DIB Brand --,Boise Cascade Building Materials (BOICA),Boise Cascade Company,Trex,,543005916,,Building & Hardware>Decking & Railing>Fascia,"Boise Cascade Company, Trex, Fascia Board, Select, 543005916",FSC BRD,Trex Select 543005916 Fascia Board With 1 in x 8 in,"Trex Fascia Board, Select, 1 in x 8 in","Select Fascia Board, 1 in x 8 in",,Series: Select,Size: 1 in x 8 in,,,,,,,,,,,,,,,,,,,,,,,,Fascia Board,Series,Select,,Size,1 in x 8 in,,,,,,,,,,,,,,,,,,,,,,,,,,,,,,,,,,,,,,,,,,,,,,,,,,,,,,,,,,,,,,,,,,,,,,,,,,,,,,,,,,,,,,,,,,,,,,,,,,,,,,,,,,,,,,,,,,,,,,,,,,,,,,,,,,,,,,,,,,,,,,,,,,,,,,,,,,,,,,,,,,,,,Trex_543005916.jpg,Trex_543005916_1.jpg,Trex_543005916_2.jpg,Trex_543005916_3.jpg,Trex_543005916_4.jpg,,,,,Trex_543005916_Specification_Sheet.pdf,,,,,,,,,,,,,,,,,,
,,,,,,,Building Materials,Decking & Railing,Fascia Boards,,1516902,1x8-12' Millstone - Trex Select 2.0 Fascia,TREX,-- No Unilog Brand --,-- No DIB Brand --,Boise Cascade Building Materials (BOICA),Boise Cascade Company,Trex,,1516902,,Building & Hardware>Decking & Railing>Fascia,"Boise Cascade Company, Trex, Fascia Board, Select, 1516902",FSC BRD,Trex Select 1516902 Fascia Board With 1 in x 8 in,"Trex Fascia Board, Select, 1 in x 8 in","Select Fascia Board, 1 in x 8 in",,Series: Select,Size: 1 in x 8 in,,,,,,,,,,,,,,,,,,,,,,,,Fascia Board,Series,Select,,Size,1 in x 8 in,,,,,,,,,,,,,,,,,,,,,,,,,,,,,,,,,,,,,,,,,,,,,,,,,,,,,,,,,,,,,,,,,,,,,,,,,,,,,,,,,,,,,,,,,,,,,,,,,,,,,,,,,,,,,,,,,,,,,,,,,,,,,,,,,,,,,,,,,,,,,,,,,,,,,,,,,,,,,,,,,,,,,Trex_1516902.jpg,Trex_1516902_1.jpg,Trex_1516902_2.jpg,Trex_1516902_3.jpg,Trex_1516902_4.jpg,,,,,Trex_1516902_Specification_Sheet.pdf,,,,,,,,,,,,,,,,,,
,,,,,,,Building Materials,Decking & Railing,Fascia Boards,,543007916,1x8-12' Whiskey Barrel - Trex Select 2.0 Fascia,TREX,-- No Unilog Brand --,-- No DIB Brand --,Boise Cascade Building Materials (BOICA),Boise Cascade Company,Trex,,543007916,,Building & Hardware>Decking & Railing>Fascia,"Boise Cascade Company, Trex, Fascia Board, Select, 543007916",FSC BRD,Trex Select 543007916 Fascia Board With 1 in x 8 in,"Trex Fascia Board, Select, 1 in x 8 in","Select Fascia Board, 1 in x 8 in",,Series: Select,Size: 1 in x 8 in,,,,,,,,,,,,,,,,,,,,,,,,Fascia Board,Series,Select,,Size,1 in x 8 in,,,,,,,,,,,,,,,,,,,,,,,,,,,,,,,,,,,,,,,,,,,,,,,,,,,,,,,,,,,,,,,,,,,,,,,,,,,,,,,,,,,,,,,,,,,,,,,,,,,,,,,,,,,,,,,,,,,,,,,,,,,,,,,,,,,,,,,,,,,,,,,,,,,,,,,,,,,,,,,,,,,,,Trex_543007916.jpg,Trex_543007916_1.jpg,Trex_543007916_2.jpg,Trex_543007916_3.jpg,Trex_543007916_4.jpg,,,,,Trex_543007916_Specification_Sheet.pdf,,,,,,,,,,,,,,,,,,
,,,,,,,Building Materials,Decking & Railing,Fascia Boards,,543005936,1x12-12' Malted Barley - Trex Select 2.0 Fascia,TREX,-- No Unilog Brand --,-- No DIB Brand --,Boise Cascade Building Materials (BOICA),Boise Cascade Company,Trex,,543005936,,Building & Hardware>Decking & Railing>Fascia,"Boise Cascade Company, Trex, Fascia Board, Select, 543005936",FSC BRD,Trex Select 543005936 Fascia Board With 1 in x 12 in,"Trex Fascia Board, Select, 1 in x 12 in","Select Fascia Board, 1 in x 12 in",,Series: Select,Size: 1 in x 12 in,,,,,,,,,,,,,,,,,,,,,,,,Fascia Board,Series,Select,,Size,1 in x 12 in,,,,,,,,,,,,,,,,,,,,,,,,,,,,,,,,,,,,,,,,,,,,,,,,,,,,,,,,,,,,,,,,,,,,,,,,,,,,,,,,,,,,,,,,,,,,,,,,,,,,,,,,,,,,,,,,,,,,,,,,,,,,,,,,,,,,,,,,,,,,,,,,,,,,,,,,,,,,,,,,,,,,,Trex_543005936.jpg,Trex_543005936_1.jpg,Trex_543005936_2.jpg,Trex_543005936_3.jpg,Trex_543005936_4.jpg,,,,,Trex_543005936_Specification_Sheet.pdf,,,,,,,,,,,,,,,,,,
,,,,,,,Building Materials,Decking & Railing,Fascia Boards,,1516905,1x12-12' Millstone - Trex Select 2.0 Fascia,TREX,-- No Unilog Brand --,-- No DIB Brand --,Boise Cascade Building Materials (BOICA),Boise Cascade Company,Trex,,1516905,,Building & Hardware>Decking & Railing>Fascia,"Boise Cascade Company, Trex, Fascia Board, Select, 1516905",FSC BRD,Trex Select 1516905 Fascia Board With 1 in x 12 in,"Trex Fascia Board, Select, 1 in x 12 in","Select Fascia Board, 1 in x 12 in",,Series: Select,Size: 1 in x 12 in,,,,,,,,,,,,,,,,,,,,,,,,Fascia Board,Series,Select,,Size,1 in x 12 in,,,,,,,,,,,,,,,,,,,,,,,,,,,,,,,,,,,,,,,,,,,,,,,,,,,,,,,,,,,,,,,,,,,,,,,,,,,,,,,,,,,,,,,,,,,,,,,,,,,,,,,,,,,,,,,,,,,,,,,,,,,,,,,,,,,,,,,,,,,,,,,,,,,,,,,,,,,,,,,,,,,,,Trex_1516905.jpg,Trex_1516905_1.jpg,Trex_1516905_2.jpg,Trex_1516905_3.jpg,Trex_1516905_4.jpg,,,,,Trex_1516905_Specification_Sheet.pdf,,,,,,,,,,,,,,,,,,
,,,,,,,Building Materials,Decking & Railing,Fascia Boards,,543007936,1x12-12' Whiskey Barrel - Trex Select 2.0 Fascia,TREX,-- No Unilog Brand --,-- No DIB Brand --,Boise Cascade Building Materials (BOICA),Boise Cascade Company,Trex,,543007936,,Building & Hardware>Decking & Railing>Fascia,"Boise Cascade Company, Trex, Fascia Board, Select, 543007936",FSC BRD,Trex Select 543007936 Fascia Board With 1 in x 12 in,"Trex Fascia Board, Select, 1 in x 12 in","Select Fascia Board, 1 in x 12 in",,Series: Select,Size: 1 in x 12 in,,,,,,,,,,,,,,,,,,,,,,,,Fascia Board,Series,Select,,Size,1 in x 12 in,,,,,,,,,,,,,,,,,,,,,,,,,,,,,,,,,,,,,,,,,,,,,,,,,,,,,,,,,,,,,,,,,,,,,,,,,,,,,,,,,,,,,,,,,,,,,,,,,,,,,,,,,,,,,,,,,,,,,,,,,,,,,,,,,,,,,,,,,,,,,,,,,,,,,,,,,,,,,,,,,,,,,Trex_543007936.jpg,Trex_543007936_1.jpg,Trex_543007936_2.jpg,Trex_543007936_3.jpg,Trex_543007936_4.jpg,,,,,Trex_543007936_Specification_Sheet.pdf,,,,,,,,,,,,,,,,,,
,,,,,,,Building Materials,Decking & Railing,Composite Decking Boards,,543144908,1x8-12' Island Mist - Trex Lineage,TREX,-- No Unilog Brand --,-- No DIB Brand --,U S Lumber (3073),U.S. Lumber Group,Trex,,543144908,,Building & Hardware>Decking & Railing>Decking Boards,"U.S. Lumber Group, Trex, Composite Decking Board, Lineage, 543144908",CMPST DECK BRD,Trex Lineage 543144908 Composite Decking Board With 1 in x 8 in,"Trex Composite Decking Board, Lineage, 1 in x 8 in","Lineage Composite Decking Board, 1 in x 8 in",,Series: Lineage,Size: 1 in x 8 in,,,,,,,,,,,,,,,,,,,,,,,,Composite Decking Board,Series,Lineage,,Size,1 in x 8 in,,,,,,,,,,,,,,,,,,,,,,,,,,,,,,,,,,,,,,,,,,,,,,,,,,,,,,,,,,,,,,,,,,,,,,,,,,,,,,,,,,,,,,,,,,,,,,,,,,,,,,,,,,,,,,,,,,,,,,,,,,,,,,,,,,,,,,,,,,,,,,,,,,,,,,,,,,,,,,,,,,,,,Trex_543144908.jpg,Trex_543144908_1.jpg,Trex_543144908_2.jpg,Trex_543144908_3.jpg,Trex_543144908_4.jpg,,,,,Trex_543144908_Specification_Sheet.pdf,,,,,,,,,,,,,,,,,,
,,,,,,,Building Materials,Decking & Railing,Composite Decking Boards,,543141908,1x8-12' Rainier - Trex Lineage,TREX,-- No Unilog Brand --,-- No DIB Brand --,U S Lumber (3073),U.S. Lumber Group,Trex,,543141908,,Building & Hardware>Decking & Railing>Decking Boards,"U.S. Lumber Group, Trex, Composite Decking Board, Lineage, 543141908",CMPST DECK BRD,Trex Lineage 543141908 Composite Decking Board With 1 in x 8 in,"Trex Composite Decking Board, Lineage, 1 in x 8 in","Lineage Composite Decking Board, 1 in x 8 in",,Series: Lineage,Size: 1 in x 8 in,,,,,,,,,,,,,,,,,,,,,,,,Composite Decking Board,Series,Lineage,,Size,1 in x 8 in,,,,,,,,,,,,,,,,,,,,,,,,,,,,,,,,,,,,,,,,,,,,,,,,,,,,,,,,,,,,,,,,,,,,,,,,,,,,,,,,,,,,,,,,,,,,,,,,,,,,,,,,,,,,,,,,,,,,,,,,,,,,,,,,,,,,,,,,,,,,,,,,,,,,,,,,,,,,,,,,,,,,,Trex_543141908.jpg,Trex_543141908_1.jpg,Trex_543141908_2.jpg,Trex_543141908_3.jpg,Trex_543141908_4.jpg,,,,,Trex_543141908_Specification_Sheet.pdf,,,,,,,,,,,,,,,,,,
,,,,,,,Building Materials,Decking & Railing,Composite Decking Boards,,543144912,1x12-12' Island Mist - Trex Lineage,TREX,-- No Unilog Brand --,-- No DIB Brand --,U S Lumber (3073),U.S. Lumber Group,Trex,,543144912,,Building & Hardware>Decking & Railing>Decking Boards,"U.S. Lumber Group, Trex, Composite Decking Board, Lineage, 543144912",CMPST DECK BRD,Trex Lineage 543144912 Composite Decking Board With 1 in x 12 in,"Trex Composite Decking Board, Lineage, 1 in x 12 in","Lineage Composite Decking Board, 1 in x 12 in",,Series: Lineage,Size: 1 in x 12 in,,,,,,,,,,,,,,,,,,,,,,,,Composite Decking Board,Series,Lineage,,Size,1 in x 12 in,,,,,,,,,,,,,,,,,,,,,,,,,,,,,,,,,,,,,,,,,,,,,,,,,,,,,,,,,,,,,,,,,,,,,,,,,,,,,,,,,,,,,,,,,,,,,,,,,,,,,,,,,,,,,,,,,,,,,,,,,,,,,,,,,,,,,,,,,,,,,,,,,,,,,,,,,,,,,,,,,,,,,Trex_543144912.jpg,Trex_543144912_1.jpg,Trex_543144912_2.jpg,Trex_543144912_3.jpg,Trex_543144912_4.jpg,,,,,Trex_543144912_Specification_Sheet.pdf,,,,,,,,,,,,,,,,,,
,,,,,,,Building Materials,Decking & Railing,Composite Decking Boards,,543141912,1x12-12' Rainier - Trex Lineage,TREX,-- No Unilog Brand --,-- No DIB Brand --,U S Lumber (3073),U.S. Lumber Group,Trex,,543141912,,Building & Hardware>Decking & Railing>Decking Boards,"U.S. Lumber Group, Trex, Composite Decking Board, Lineage, 543141912",CMPST DECK BRD,Trex Lineage 543141912 Composite Decking Board With 1 in x 12 in,"Trex Composite Decking Board, Lineage, 1 in x 12 in","Lineage Composite Decking Board, 1 in x 12 in",,Series: Lineage,Size: 1 in x 12 in,,,,,,,,,,,,,,,,,,,,,,,,Composite Decking Board,Series,Lineage,,Size,1 in x 12 in,,,,,,,,,,,,,,,,,,,,,,,,,,,,,,,,,,,,,,,,,,,,,,,,,,,,,,,,,,,,,,,,,,,,,,,,,,,,,,,,,,,,,,,,,,,,,,,,,,,,,,,,,,,,,,,,,,,,,,,,,,,,,,,,,,,,,,,,,,,,,,,,,,,,,,,,,,,,,,,,,,,,,Trex_543141912.jpg,Trex_543141912_1.jpg,Trex_543141912_2.jpg,Trex_543141912_3.jpg,Trex_543141912_4.jpg,,,,,Trex_543141912_Specification_Sheet.pdf,,,,,,,,,,,,,,,,,,
,,,,,,,Building Materials,Decking & Railing,Composite Decking Boards,,1513713,1x8-12' Hatteras - Trex Lineage,TREX,-- No Unilog Brand --,-- No DIB Brand --,Boise Cascade Building Materials (BOICA),Boise Cascade Company,Trex,,1513713,,Building & Hardware>Decking & Railing>Decking Boards,"Boise Cascade Company, Trex, Composite Decking Board, Lineage, 1513713",CMPST DECK BRD,Trex Lineage 1513713 Composite Decking Board With 1 in x 8 in,"Trex Composite Decking Board, Lineage, 1 in x 8 in","Lineage Composite Decking Board, 1 in x 8 in",,Series: Lineage,Size: 1 in x 8 in,,,,,,,,,,,,,,,,,,,,,,,,Composite Decking Board,Series,Lineage,,Size,1 in x 8 in,,,,,,,,,,,,,,,,,,,,,,,,,,,,,,,,,,,,,,,,,,,,,,,,,,,,,,,,,,,,,,,,,,,,,,,,,,,,,,,,,,,,,,,,,,,,,,,,,,,,,,,,,,,,,,,,,,,,,,,,,,,,,,,,,,,,,,,,,,,,,,,,,,,,,,,,,,,,,,,,,,,,,Trex_1513713.jpg,Trex_1513713_1.jpg,Trex_1513713_2.jpg,Trex_1513713_3.jpg,Trex_1513713_4.jpg,,,,,Trex_1513713_Specification_Sheet.pdf,,,,,,,,,,,,,,,,,,
,,,,,,,Building Materials,Decking & Railing,Composite Decking Boards,,1513714,1x8-12' Salt Flat - Trex Lineage,TREX,-- No Unilog Brand --,-- No DIB Brand --,Boise Cascade Building Materials (BOICA),Boise Cascade Company,Trex,,1513714,,Building & Hardware>Decking & Railing>Decking Boards,"Boise Cascade Company, Trex, Composite Decking Board, Lineage, 1513714",CMPST DECK BRD,Trex Lineage 1513714 Composite Decking Board With 1 in x 8 in,"Trex Composite Decking Board, Lineage, 1 in x 8 in","Lineage Composite Decking Board, 1 in x 8 in",,Series: Lineage,Size: 1 in x 8 in,,,,,,,,,,,,,,,,,,,,,,,,Composite Decking Board,Series,Lineage,,Size,1 in x 8 in,,,,,,,,,,,,,,,,,,,,,,,,,,,,,,,,,,,,,,,,,,,,,,,,,,,,,,,,,,,,,,,,,,,,,,,,,,,,,,,,,,,,,,,,,,,,,,,,,,,,,,,,,,,,,,,,,,,,,,,,,,,,,,,,,,,,,,,,,,,,,,,,,,,,,,,,,,,,,,,,,,,,,Trex_1513714.jpg,Trex_1513714_1.jpg,Trex_1513714_2.jpg,Trex_1513714_3.jpg,Trex_1513714_4.jpg,,,,,Trex_1513714_Specification_Sheet.pdf,,,,,,,,,,,,,,,,,,
,,,,,,,Building Materials,Decking & Railing,Posts & Post Sleeves,,73012503,4x4 Wh Heritage Post Trim RDI,-- Unbranded --,-- No Unilog Brand --,-- No DIB Brand --,-,Heritage,Heritage,,73012503,,Building & Hardware>Decking & Railing>Posts & Post Sleeves,"Heritage, Heritage, Post Sleeve, Heritage, 73012503",PST SLV,"Heritage Heritage 73012503 Post Sleeve With 4 in x 4 in, White","Heritage Post Sleeve, Heritage, 4 in x 4 in, White","Heritage Post Sleeve, 4 in x 4 in, White",,Series: Heritage,Size: 4 in x 4 in,Finish: White,,,,,,,,,,,,,,,,,,,,,,,Post Sleeve,Series,Heritage,,Size,4 in x 4 in,,Finish,White,,,,,,,,,,,,,,,,,,,,,,,,,,,,,,,,,,,,,,,,,,,,,,,,,,,,,,,,,,,,,,,,,,,,,,,,,,,,,,,,,,,,,,,,,,,,,,,,,,,,,,,,,,,,,,,,,,,,,,,,,,,,,,,,,,,,,,,,,,,,,,,,,,,,,,,,,,,,,,,,,,Heritage_73012503.jpg,Heritage_73012503_1.jpg,Heritage_73012503_2.jpg,Heritage_73012503_3.jpg,Heritage_73012503_4.jpg,,,,,Heritage_73012503_Specification_Sheet.pdf,,,,,,,,,,,,,,,,,,
,,,,,,,Building Materials,Decking & Railing,Posts & Post Sleeves,,73018131,6x6 Wh Elite Post Trim 4pc RDI,-- Unbranded --,-- No Unilog Brand --,-- No DIB Brand --,-,,,,73018131,,Building & Hardware>Decking & Railing>Posts & Post Sleeves,"Post Sleeve, Elite, 73018131",PST SLV,"Elite 73018131 Post Sleeve With 6 in x 6 in, White, 4 pc","Post Sleeve, Elite, 6 in x 6 in, White, 4 pc","Elite Post Sleeve, 6 in x 6 in, White, 4 pc",,Series: Elite,Size: 6 in x 6 in,Finish: White,Package Quantity: 4 pc,,,,,,,,,,,,,,,,,,,,,,Post Sleeve,Series,Elite,,Size,6 in x 6 in,,Finish,White,,Package Quantity,4,pc,,,,,,,,,,,,,,,,,,,,,,,,,,,,,,,,,,,,,,,,,,,,,,,,,,,,,,,,,,,,,,,,,,,,,,,,,,,,,,,,,,,,,,,,,,,,,,,,,,,,,,,,,,,,,,,,,,,,,,,,,,,,,,,,,,,,,,,,,,,,,,,,,,,,,,,,,,,,,,,,,,,,,,,,,,,,,,,,,,,,,,,,,
,,,,,,,Building Materials,Decking & Railing,Posts & Post Sleeves,,73018091,4x4 Wh Elite Post Trim RDI,-- Unbranded --,-- No Unilog Brand --,-- No DIB Brand --,-,,,,73018091,,Building & Hardware>Decking & Railing>Posts & Post Sleeves,"Post Sleeve, Elite, 73018091",PST SLV,"Elite 73018091 Post Sleeve With 4 in x 4 in, White","Post Sleeve, Elite, 4 in x 4 in, White","Elite Post Sleeve, 4 in x 4 in, White",,Series: Elite,Size: 4 in x 4 in,Finish: White,,,,,,,,,,,,,,,,,,,,,,,Post Sleeve,Series,Elite,,Size,4 in x 4 in,,Finish,White,,,,,,,,,,,,,,,,,,,,,,,,,,,,,,,,,,,,,,,,,,,,,,,,,,,,,,,,,,,,,,,,,,,,,,,,,,,,,,,,,,,,,,,,,,,,,,,,,,,,,,,,,,,,,,,,,,,,,,,,,,,,,,,,,,,,,,,,,,,,,,,,,,,,,,,,,,,,,,,,,,,,,,,,,,,,,,,,,,,,,,,,,,,,,
,,,,,,,Building Materials,Decking & Railing,Posts & Post Sleeves,,73018066,Clay 6x6 Elite Post Trim RDI - 4pc,-- Unbranded --,-- No Unilog Brand --,-- No DIB Brand --,-,,,,73018066,,Building & Hardware>Decking & Railing>Posts & Post Sleeves,"Post Sleeve, Elite, 73018066",PST SLV,"Elite 73018066 Post Sleeve With 6 in x 6 in, 4 pc","Post Sleeve, Elite, 6 in x 6 in, 4 pc","Elite Post Sleeve, 6 in x 6 in, 4 pc",,Series: Elite,Size: 6 in x 6 in,Package Quantity: 4 pc,,,,,,,,,,,,,,,,,,,,,,,Post Sleeve,Series,Elite,,Size,6 in x 6 in,,Package Quantity,4,pc,,,,,,,,,,,,,,,,,,,,,,,,,,,,,,,,,,,,,,,,,,,,,,,,,,,,,,,,,,,,,,,,,,,,,,,,,,,,,,,,,,,,,,,,,,,,,,,,,,,,,,,,,,,,,,,,,,,,,,,,,,,,,,,,,,,,,,,,,,,,,,,,,,,,,,,,,,,,,,,,,,,,,,,,,,,,,,,,,,,,,,,,,,,,
,,,,,,,Building Materials,Decking & Railing,Posts & Post Sleeves,,73018076,4x4 Wh Flat Post Cap RDI,-- Unbranded --,-- No Unilog Brand --,-- No DIB Brand --,-,,,,73018076,,Building & Hardware>Decking & Railing>Posts & Post Sleeves,"Post Sleeve, 73018076",PST SLV,"73018076 Post Sleeve With 4 in x 4 in, White","Post Sleeve, 4 in x 4 in, White","Post Sleeve, 4 in x 4 in, White",,Size: 4 in x 4 in,Finish: White,,,,,,,,,,,,,,,,,,,,,,,,Post Sleeve,Size,4 in x 4 in,,Finish,White,,,,,,,,,,,,,,,,,,,,,,,,,,,,,,,,,,,,,,,,,,,,,,,,,,,,,,,,,,,,,,,,,,,,,,,,,,,,,,,,,,,,,,,,,,,,,,,,,,,,,,,,,,,,,,,,,,,,,,,,,,,,,,,,,,,,,,,,,,,,,,,,,,,,,,,,,,,,,,,,,,,,,,,,,,,,,,,,,,,,,,,,,,,,,,,,
,,,,,,,Building Materials,Decking & Railing,Posts & Post Sleeves,,61109087,Wh 4x4-39 Blank Post RDI,-- Unbranded --,-- No Unilog Brand --,-- No DIB Brand --,-,,,,61109087,,Building & Hardware>Decking & Railing>Posts & Post Sleeves,"Post Sleeve, 61109087",PST SLV,"61109087 Post Sleeve With 4 in x 4 in, White","Post Sleeve, 4 in x 4 in, White","Post Sleeve, 4 in x 4 in, White",,Size: 4 in x 4 in,Finish: White,,,,,,,,,,,,,,,,,,,,,,,,Post Sleeve,Size,4 in x 4 in,,Finish,White,,,,,,,,,,,,,,,,,,,,,,,,,,,,,,,,,,,,,,,,,,,,,,,,,,,,,,,,,,,,,,,,,,,,,,,,,,,,,,,,,,,,,,,,,,,,,,,,,,,,,,,,,,,,,,,,,,,,,,,,,,,,,,,,,,,,,,,,,,,,,,,,,,,,,,,,,,,,,,,,,,,,,,,,,,,,,,,,,,,,,,,,,,,,,,,,
,,,,,,,Building Materials,Decking & Railing,Posts & Post Sleeves,,73018731,Wh 6x6-108 Post Sleeve RDI,-- Unbranded --,-- No Unilog Brand --,-- No DIB Brand --,-,,,,73018731,,Building & Hardware>Decking & Railing>Posts & Post Sleeves,"Post Sleeve, 73018731",PST SLV,"73018731 Post Sleeve With 6 in x 6 in, White","Post Sleeve, 6 in x 6 in, White","Post Sleeve, 6 in x 6 in, White",,Size: 6 in x 6 in,Finish: White,,,,,,,,,,,,,,,,,,,,,,,,Post Sleeve,Size,6 in x 6 in,,Finish,White,,,,,,,,,,,,,,,,,,,,,,,,,,,,,,,,,,,,,,,,,,,,,,,,,,,,,,,,,,,,,,,,,,,,,,,,,,,,,,,,,,,,,,,,,,,,,,,,,,,,,,,,,,,,,,,,,,,,,,,,,,,,,,,,,,,,,,,,,,,,,,,,,,,,,,,,,,,,,,,,,,,,,,,,,,,,,,,,,,,,,,,,,,,,,,,,
,,,,,,,Building Materials,Decking & Railing,Posts & Post Sleeves,,61109090,Wh 4x4-108 Post Sleeve RDI,-- Unbranded --,-- No Unilog Brand --,-- No DIB Brand --,-,,,,61109090,,Building & Hardware>Decking & Railing>Posts & Post Sleeves,"Post Sleeve, 61109090",PST SLV,"61109090 Post Sleeve With 4 in x 4 in, White","Post Sleeve, 4 in x 4 in, White","Post Sleeve, 4 in x 4 in, White",,Size: 4 in x 4 in,Finish: White,,,,,,,,,,,,,,,,,,,,,,,,Post Sleeve,Size,4 in x 4 in,,Finish,White,,,,,,,,,,,,,,,,,,,,,,,,,,,,,,,,,,,,,,,,,,,,,,,,,,,,,,,,,,,,,,,,,,,,,,,,,,,,,,,,,,,,,,,,,,,,,,,,,,,,,,,,,,,,,,,,,,,,,,,,,,,,,,,,,,,,,,,,,,,,,,,,,,,,,,,,,,,,,,,,,,,,,,,,,,,,,,,,,,,,,,,,,,,,,,,,
,,,,,,,Building Materials,Decking & Railing,Posts & Post Sleeves,,73053603,Clay 4x4-108 Post Sleeve RDI,-- Unbranded --,-- No Unilog Brand --,-- No DIB Brand --,-,,,,73053603,,Building & Hardware>Decking & Railing>Posts & Post Sleeves,"Post Sleeve, 73053603",PST SLV,73053603 Post Sleeve With 4 in x 4 in,"Post Sleeve, 4 in x 4 in","Post Sleeve, 4 in x 4 in",,Size: 4 in x 4 in,,,,,,,,,,,,,,,,,,,,,,,,,Post Sleeve,Size,4 in x 4 in,,,,,,,,,,,,,,,,,,,,,,,,,,,,,,,,,,,,,,,,,,,,,,,,,,,,,,,,,,,,,,,,,,,,,,,,,,,,,,,,,,,,,,,,,,,,,,,,,,,,,,,,,,,,,,,,,,,,,,,,,,,,,,,,,,,,,,,,,,,,,,,,,,,,,,,,,,,,,,,,,,,,,,,,,,,,,,,,,,,,,,,,,,,,,,,,,,,
,,,,,,,Building Materials,Decking & Railing,Posts & Post Sleeves,,73053608,Clay 6x6-108 Post Sleeve RDI,-- Unbranded --,-- No Unilog Brand --,-- No DIB Brand --,-,,,,73053608,,Building & Hardware>Decking & Railing>Posts & Post Sleeves,"Post Sleeve, 73053608",PST SLV,73053608 Post Sleeve With 6 in x 6 in,"Post Sleeve, 6 in x 6 in","Post Sleeve, 6 in x 6 in",,Size: 6 in x 6 in,,,,,,,,,,,,,,,,,,,,,,,,,Post Sleeve,Size,6 in x 6 in,,,,,,,,,,,,,,,,,,,,,,,,,,,,,,,,,,,,,,,,,,,,,,,,,,,,,,,,,,,,,,,,,,,,,,,,,,,,,,,,,,,,,,,,,,,,,,,,,,,,,,,,,,,,,,,,,,,,,,,,,,,,,,,,,,,,,,,,,,,,,,,,,,,,,,,,,,,,,,,,,,,,,,,,,,,,,,,,,,,,,,,,,,,,,,,,,,,
,,,,,,,Building Materials,Decking & Railing,Posts & Post Sleeves,,543340896,"4x4-37"" Black Alum Post Sleeve Select Alum Railing - w/Cap & Skirt",TREX,-- No Unilog Brand --,-- No DIB Brand --,Boise Cascade Building Materials (BOICA),Boise Cascade Company,Trex,,543340896,,Building & Hardware>Decking & Railing>Posts & Post Sleeves,"Boise Cascade Company, Trex, Post Sleeve, Select, 543340896",PST SLV ALUM,"Trex Select 543340896 Post Sleeve With 4 in x 4 in, Aluminum, Black","Trex Post Sleeve, Select, 4 in x 4 in, Aluminum, Black","Select Post Sleeve, 4 in x 4 in, Aluminum, Black",,Series: Select,Size: 4 in x 4 in,Material: Aluminum,Color: Black,,,,,,,,,,,,,,,,,,,,,,Post Sleeve,Series,Select,,Size,4 in x 4 in,,Material,Aluminum,,Color,Black,,,,,,,,,,,,,,,,,,,,,,,,,,,,,,,,,,,,,,,,,,,,,,,,,,,,,,,,,,,,,,,,,,,,,,,,,,,,,,,,,,,,,,,,,,,,,,,,,,,,,,,,,,,,,,,,,,,,,,,,,,,,,,,,,,,,,,,,,,,,,,,,,,,,,,,,,,,,,,,Trex_543340896.jpg,Trex_543340896_1.jpg,Trex_543340896_2.jpg,Trex_543340896_3.jpg,Trex_543340896_4.jpg,,,,,Trex_543340896_Specification_Sheet.pdf,,,,,,,,,,,,,,,,,,
,,,,,,,Building Materials,Decking & Railing,Posts & Post Sleeves,,543340898,"4x4-43"" Black Alum Post Sleeve Select Alum Railing w/Cap & Skirt",TREX,-- No Unilog Brand --,-- No DIB Brand --,Boise Cascade Building Materials (BOICA),Boise Cascade Company,Trex,,543340898,,Building & Hardware>Decking & Railing>Posts & Post Sleeves,"Boise Cascade Company, Trex, Post Sleeve, Select, 543340898",PST SLV ALUM,"Trex Select 543340898 Post Sleeve With 4 in x 4 in, Aluminum, Black","Trex Post Sleeve, Select, 4 in x 4 in, Aluminum, Black","Select Post Sleeve, 4 in x 4 in, Aluminum, Black",,Series: Select,Size: 4 in x 4 in,Material: Aluminum,Color: Black,,,,,,,,,,,,,,,,,,,,,,Post Sleeve,Series,Select,,Size,4 in x 4 in,,Material,Aluminum,,Color,Black,,,,,,,,,,,,,,,,,,,,,,,,,,,,,,,,,,,,,,,,,,,,,,,,,,,,,,,,,,,,,,,,,,,,,,,,,,,,,,,,,,,,,,,,,,,,,,,,,,,,,,,,,,,,,,,,,,,,,,,,,,,,,,,,,,,,,,,,,,,,,,,,,,,,,,,,,,,,,,,Trex_543340898.jpg,Trex_543340898_1.jpg,Trex_543340898_2.jpg,Trex_543340898_3.jpg,Trex_543340898_4.jpg,,,,,Trex_543340898_Specification_Sheet.pdf,,,,,,,,,,,,,,,,,,
,,,,,,,Building Materials,Decking & Railing,Posts & Post Sleeves,,73272TBK,6x6-10' Black Alum Deco - Support Post,DSI Westbury,-- No Unilog Brand --,-- No DIB Brand --,Palmer Donavin Mfg Company (PALDO),Palmer Donavin Manufacturing Co,DSI Westbury,,73272TBK,,Building & Hardware>Decking & Railing>Posts & Post Sleeves,"Palmer Donavin Manufacturing Co, DSI Westbury, Post Sleeve, 73272TBK",PST SLV ALUM,"DSI Westbury 73272TBK Post Sleeve With 6 in x 6 in, Aluminum, Black","DSI Westbury Post Sleeve, 6 in x 6 in, Aluminum, Black","Post Sleeve, 6 in x 6 in, Aluminum, Black",,Size: 6 in x 6 in,Material: Aluminum,Color: Black,,,,,,,,,,,,,,,,,,,,,,,Post Sleeve,Size,6 in x 6 in,,Material,Aluminum,,Color,Black,,,,,,,,,,,,,,,,,,,,,,,,,,,,,,,,,,,,,,,,,,,,,,,,,,,,,,,,,,,,,,,,,,,,,,,,,,,,,,,,,,,,,,,,,,,,,,,,,,,,,,,,,,,,,,,,,,,,,,,,,,,,,,,,,,,,,,,,,,,,,,,,,,,,,,,,,,,,,,,,,,DSIWestbury_73272TBK.jpg,DSIWestbury_73272TBK_1.jpg,DSIWestbury_73272TBK_2.jpg,DSIWestbury_73272TBK_3.jpg,DSIWestbury_73272TBK_4.jpg,,,,,DSIWestbury_73272TBK_Specification_Sheet.pdf,,,,,,,,,,,,,,,,,,
,,,,,,,Building Materials,Decking & Railing,Balusters,,543302127,6' Wh Select T-Rail Kit Stair - w/Sq Composite Balusters,TREX,-- No Unilog Brand --,-- No DIB Brand --,U S Lumber (3073),U.S. Lumber Group,Trex,,543302127,,Building & Hardware>Decking & Railing>Balusters,"U.S. Lumber Group, Trex, Baluster, Select, 543302127",BALU COMP,"Trex Select 543302127 Baluster With Composite, White","Trex Baluster, Select, Composite, White","Select Baluster, Composite, White",,Series: Select,Material: Composite,Finish: White,,,,,,,,,,,,,,,,,,,,,,,Baluster,Series,Select,,Material,Composite,,Finish,White,,,,,,,,,,,,,,,,,,,,,,,,,,,,,,,,,,,,,,,,,,,,,,,,,,,,,,,,,,,,,,,,,,,,,,,,,,,,,,,,,,,,,,,,,,,,,,,,,,,,,,,,,,,,,,,,,,,,,,,,,,,,,,,,,,,,,,,,,,,,,,,,,,,,,,,,,,,,,,,,,,Trex_543302127.jpg,Trex_543302127_1.jpg,Trex_543302127_2.jpg,Trex_543302127_3.jpg,Trex_543302127_4.jpg,,,,,Trex_543302127_Specification_Sheet.pdf,,,,,,,,,,,,,,,,,,
,,,,,,,Building Materials,Decking & Railing,Balusters,,543302147,8' Wh Select T-Rail Kit Stair - w/Sq Composite Balusters,TREX,-- No Unilog Brand --,-- No DIB Brand --,U S Lumber (3073),U.S. Lumber Group,Trex,,543302147,,Building & Hardware>Decking & Railing>Balusters,"U.S. Lumber Group, Trex, Baluster, Select, 543302147",BALU COMP,"Trex Select 543302147 Baluster With Composite, White","Trex Baluster, Select, Composite, White","Select Baluster, Composite, White",,Series: Select,Material: Composite,Finish: White,,,,,,,,,,,,,,,,,,,,,,,Baluster,Series,Select,,Material,Composite,,Finish,White,,,,,,,,,,,,,,,,,,,,,,,,,,,,,,,,,,,,,,,,,,,,,,,,,,,,,,,,,,,,,,,,,,,,,,,,,,,,,,,,,,,,,,,,,,,,,,,,,,,,,,,,,,,,,,,,,,,,,,,,,,,,,,,,,,,,,,,,,,,,,,,,,,,,,,,,,,,,,,,,,,Trex_543302147.jpg,Trex_543302147_1.jpg,Trex_543302147_2.jpg,Trex_543302147_3.jpg,Trex_543302147_4.jpg,,,,,Trex_543302147_Specification_Sheet.pdf,,,,,,,,,,,,,,,,,,
,,,,,,,Building Materials,Decking & Railing,Deck Railing Kits,,73019599,Finyline Wh 6' Str Rail Kit Sq,-- Unbranded --,-- No Unilog Brand --,-- No DIB Brand --,-,Finyline,Finyline,,73019599,,Building & Hardware>Decking & Railing>Railing Systems,"Finyline, Finyline, Railing Kit, 73019599",RLG KIT,Finyline 73019599 Railing Kit With White,"Finyline Railing Kit, White","Railing Kit, White",,Finish: White,,,,,,,,,,,,,,,,,,,,,,,,,Railing Kit,Finish,White,,,,,,,,,,,,,,,,,,,,,,,,,,,,,,,,,,,,,,,,,,,,,,,,,,,,,,,,,,,,,,,,,,,,,,,,,,,,,,,,,,,,,,,,,,,,,,,,,,,,,,,,,,,,,,,,,,,,,,,,,,,,,,,,,,,,,,,,,,,,,,,,,,,,,,,,,,,,,,,,,,,,,,,,Finyline_73019599.jpg,Finyline_73019599_1.jpg,Finyline_73019599_2.jpg,Finyline_73019599_3.jpg,Finyline_73019599_4.jpg,,,,,Finyline_73019599_Specification_Sheet.pdf,,,,,,,,,,,,,,,,,,
,,,,,,,Building Materials,Decking & Railing,Deck Railing Kits,,73019648,Finyline Wh 8' Str Rail Kit Sq,-- Unbranded --,-- No Unilog Brand --,-- No DIB Brand --,-,Finyline,Finyline,,73019648,,Building & Hardware>Decking & Railing>Railing Systems,"Finyline, Finyline, Railing Kit, 73019648",RLG KIT,Finyline 73019648 Railing Kit With White,"Finyline Railing Kit, White","Railing Kit, White",,Finish: White,,,,,,,,,,,,,,,,,,,,,,,,,Railing Kit,Finish,White,,,,,,,,,,,,,,,,,,,,,,,,,,,,,,,,,,,,,,,,,,,,,,,,,,,,,,,,,,,,,,,,,,,,,,,,,,,,,,,,,,,,,,,,,,,,,,,,,,,,,,,,,,,,,,,,,,,,,,,,,,,,,,,,,,,,,,,,,,,,,,,,,,,,,,,,,,,,,,,,,,,,,,,,Finyline_73019648.jpg,Finyline_73019648_1.jpg,Finyline_73019648_2.jpg,Finyline_73019648_3.jpg,Finyline_73019648_4.jpg,,,,,Finyline_73019648_Specification_Sheet.pdf,,,,,,,,,,,,,,,,,,
,,,,,,,Building Materials,Decking & Railing,Balusters,,73019598,Finyline Wh 6' Str Rail Kit Rd - w/Black Alum Balusters,-- Unbranded --,-- No Unilog Brand --,-- No DIB Brand --,-,Finyline,Finyline,,73019598,,Building & Hardware>Decking & Railing>Balusters,"Finyline, Finyline, Baluster, 73019598",BALU ALUM,"Finyline 73019598 Baluster With Aluminum, Black, White","Finyline Baluster, Aluminum, Black, White","Baluster, Aluminum, Black, White",,Material: Aluminum,Color: Black,Finish: White,,,,,,,,,,,,,,,,,,,,,,,Baluster,Material,Aluminum,,Color,Black,,Finish,White,,,,,,,,,,,,,,,,,,,,,,,,,,,,,,,,,,,,,,,,,,,,,,,,,,,,,,,,,,,,,,,,,,,,,,,,,,,,,,,,,,,,,,,,,,,,,,,,,,,,,,,,,,,,,,,,,,,,,,,,,,,,,,,,,,,,,,,,,,,,,,,,,,,,,,,,,,,,,,,,,,Finyline_73019598.jpg,Finyline_73019598_1.jpg,Finyline_73019598_2.jpg,Finyline_73019598_3.jpg,Finyline_73019598_4.jpg,,,,,Finyline_73019598_Specification_Sheet.pdf,,,,,,,,,,,,,,,,,,
,,,,,,,Building Materials,Decking & Railing,Balusters,,73019647,Finyline Wh 8' Str Rail Kit Rd - w/Black Alum Balusters,-- Unbranded --,-- No Unilog Brand --,-- No DIB Brand --,-,Finyline,Finyline,,73019647,,Building & Hardware>Decking & Railing>Balusters,"Finyline, Finyline, Baluster, 73019647",BALU ALUM,"Finyline 73019647 Baluster With Aluminum, Black, White","Finyline Baluster, Aluminum, Black, White","Baluster, Aluminum, Black, White",,Material: Aluminum,Color: Black,Finish: White,,,,,,,,,,,,,,,,,,,,,,,Baluster,Material,Aluminum,,Color,Black,,Finish,White,,,,,,,,,,,,,,,,,,,,,,,,,,,,,,,,,,,,,,,,,,,,,,,,,,,,,,,,,,,,,,,,,,,,,,,,,,,,,,,,,,,,,,,,,,,,,,,,,,,,,,,,,,,,,,,,,,,,,,,,,,,,,,,,,,,,,,,,,,,,,,,,,,,,,,,,,,,,,,,,,,Finyline_73019647.jpg,Finyline_73019647_1.jpg,Finyline_73019647_2.jpg,Finyline_73019647_3.jpg,Finyline_73019647_4.jpg,,,,,Finyline_73019647_Specification_Sheet.pdf,,,,,,,,,,,,,,,,,,
,,,,,,,Building Materials,Decking & Railing,Balusters,,543300257,6' Black Select Classic Stair - Rail w/Rnd Black Alum Baluster,TREX,-- No Unilog Brand --,-- No DIB Brand --,Boise Cascade Building Materials (BOICA),Boise Cascade Company,Trex,,543300257,,Building & Hardware>Decking & Railing>Balusters,"Boise Cascade Company, Trex, Baluster, Classic, 543300257",BALU ALUM,"Trex Classic 543300257 Baluster With Aluminum, Black","Trex Baluster, Classic, Aluminum, Black","Classic Baluster, Aluminum, Black",,Series: Classic,Material: Aluminum,Color: Black,,,,,,,,,,,,,,,,,,,,,,,Baluster,Series,Classic,,Material,Aluminum,,Color,Black,,,,,,,,,,,,,,,,,,,,,,,,,,,,,,,,,,,,,,,,,,,,,,,,,,,,,,,,,,,,,,,,,,,,,,,,,,,,,,,,,,,,,,,,,,,,,,,,,,,,,,,,,,,,,,,,,,,,,,,,,,,,,,,,,,,,,,,,,,,,,,,,,,,,,,,,,,,,,,,,,,Trex_543300257.jpg,Trex_543300257_1.jpg,Trex_543300257_2.jpg,Trex_543300257_3.jpg,Trex_543300257_4.jpg,,,,,Trex_543300257_Specification_Sheet.pdf,,,,,,,,,,,,,,,,,,
,,,,,,,Building Materials,Decking & Railing,Balusters,,543300277,8' Black Select Classic Stair - Rail w/Rnd Black Alum Baluster,TREX,-- No Unilog Brand --,-- No DIB Brand --,Boise Cascade Building Materials (BOICA),Boise Cascade Company,Trex,,543300277,,Building & Hardware>Decking & Railing>Balusters,"Boise Cascade Company, Trex, Baluster, Classic, 543300277",BALU ALUM,"Trex Classic 543300277 Baluster With Aluminum, Black","Trex Baluster, Classic, Aluminum, Black","Classic Baluster, Aluminum, Black",,Series: Classic,Material: Aluminum,Color: Black,,,,,,,,,,,,,,,,,,,,,,,Baluster,Series,Classic,,Material,Aluminum,,Color,Black,,,,,,,,,,,,,,,,,,,,,,,,,,,,,,,,,,,,,,,,,,,,,,,,,,,,,,,,,,,,,,,,,,,,,,,,,,,,,,,,,,,,,,,,,,,,,,,,,,,,,,,,,,,,,,,,,,,,,,,,,,,,,,,,,,,,,,,,,,,,,,,,,,,,,,,,,,,,,,,,,,Trex_543300277.jpg,Trex_543300277_1.jpg,Trex_543300277_2.jpg,Trex_543300277_3.jpg,Trex_543300277_4.jpg,,,,,Trex_543300277_Specification_Sheet.pdf,,,,,,,,,,,,,,,,,,
,,,,,,,Building Materials,Decking & Railing,Posts & Post Sleeves,,SPB-44BPL,"Patriot 4""x4""x37""/43"" Adjustable Self Leveling Support Post",-- Unbranded --,-- No Unilog Brand --,-- No DIB Brand --,-,,,,SPB-44BPL,,Building & Hardware>Decking & Railing>Posts & Post Sleeves,"Post Sleeve, SPB-44BPL",PST SLV,SPB-44BPL Post Sleeve With 4 in,"Post Sleeve, 4 in","Post Sleeve, 4 in",,Size: 4 in,,,,,,,,,,,,,,,,,,,,,,,,,Post Sleeve,Size,4 in,,,,,,,,,,,,,,,,,,,,,,,,,,,,,,,,,,,,,,,,,,,,,,,,,,,,,,,,,,,,,,,,,,,,,,,,,,,,,,,,,,,,,,,,,,,,,,,,,,,,,,,,,,,,,,,,,,,,,,,,,,,,,,,,,,,,,,,,,,,,,,,,,,,,,,,,,,,,,,,,,,,,,,,,,,,,,,,,,,,,,,,,,,,,,,,,,,,
,,,,,,,Building Materials,Decking & Railing,Decking Tape & Protection,,925219,"2""x50' Deck Joist Tape - Protecto Wrap",-- Unbranded --,-- No Unilog Brand --,-- No DIB Brand --,Palmer Donavin Mfg Company (PALDO),Palmer Donavin Manufacturing Co,Protecto Wrap,,925219,,Building & Hardware>Decking & Railing>Decking Accessories,"Palmer Donavin Manufacturing Co, Protecto Wrap, Deck Joist Tape, 925219",DCK JST TPE,Protecto Wrap 925219 Deck Joist Tape With 2 in x 50 in,"Protecto Wrap Deck Joist Tape, 2 in x 50 in","Deck Joist Tape, 2 in x 50 in",,Size: 2 in x 50 in,,,,,,,,,,,,,,,,,,,,,,,,,Deck Joist Tape,Size,2 in x 50 in,,,,,,,,,,,,,,,,,,,,,,,,,,,,,,,,,,,,,,,,,,,,,,,,,,,,,,,,,,,,,,,,,,,,,,,,,,,,,,,,,,,,,,,,,,,,,,,,,,,,,,,,,,,,,,,,,,,,,,,,,,,,,,,,,,,,,,,,,,,,,,,,,,,,,,,,,,,,,,,,,,,,,,,,ProtectoWrap_925219.jpg,ProtectoWrap_925219_1.jpg,ProtectoWrap_925219_2.jpg,ProtectoWrap_925219_3.jpg,ProtectoWrap_925219_4.jpg,,,,,ProtectoWrap_925219_Specification_Sheet.pdf,,,,,,,,,,,,,,,,,,
,,,,,,,Windows & Doors,Doors,Attic Access Doors,,27233,24x48 WH Attic Access Door,AJM,-- No Unilog Brand --,-- No DIB Brand --,A J Manufacturing Inc (AJMAN),A.J. Manufacturing Inc,AJM,,27233,,Doors & Windows>Doors>Access Panels,"A.J. Manufacturing Inc, AJM, Attic Access Door, 27233",ATTIC ACCESS DOOR,"AJM 27233 Attic Access Door With 24 in x 48 in, White","AJM Attic Access Door, 24 in x 48 in, White","Attic Access Door, 24 in x 48 in, White",,Size: 24 in x 48 in,Finish: White,,,,,,,,,,,,,,,,,,,,,,,,Attic Access Door,Size,24 in x 48 in,,Finish,White,,,,,,,,,,,,,,,,,,,,,,,,,,,,,,,,,,,,,,,,,,,,,,,,,,,,,,,,,,,,,,,,,,,,,,,,,,,,,,,,,,,,,,,,,,,,,,,,,,,,,,,,,,,,,,,,,,,,,,,,,,,,,,,,,,,,,,,,,,,,,,,,,,,,,,,,,,,,,,,,,,,,,AJM_27233.jpg,AJM_27233_1.jpg,AJM_27233_2.jpg,AJM_27233_3.jpg,AJM_27233_4.jpg,,,,,AJM_27233_Specification_Sheet.pdf,,,,,,,,,,,,,,,,,,
,,,,,,,Windows & Doors,Doors,Patio Doors,,1517602,6068R Gliding Patio Dr 4500 United Blk Ext/WH Int LowE Arg w/J,United Window & Door,-- No Unilog Brand --,-- No DIB Brand --,United Window & Door Manufacturing (UNIWI),United Window & Door Manufacturing LLC,United Window & Door,,1517602,,Doors & Windows>Doors>Patio Doors,"United Window & Door, Patio Door, 1517602",PATIO DOOR,United Window & Door 1517602 Patio Door With White,"United Window & Door Patio Door, White","Patio Door, White",,Finish: White,,,,,,,,,,,,,,,,,,,,,,,,,Patio Door,Finish,White,,,,,,,,,,,,,,,,,,,,,,,,,,,,,,,,,,,,,,,,,,,,,,,,,,,,,,,,,,,,,,,,,,,,,,,,,,,,,,,,,,,,,,,,,,,,,,,,,,,,,,,,,,,,,,,,,,,,,,,,,,,,,,,,,,,,,,,,,,,,,,,,,,,,,,,,,,,,,,,,,,,,,,,,UnitedWindowDoor_1517602.jpg,UnitedWindowDoor_1517602_1.jpg,UnitedWindowDoor_1517602_2.jpg,UnitedWindowDoor_1517602_3.jpg,UnitedWindowDoor_1517602_4.jpg,,,,,UnitedWindowDoor_1517602_Specification_Sheet.pdf,,,,,,,,,,,,,,,,,,
,,,,,,,Windows & Doors,Doors,Patio Doors,,1517603,6068L Gliding Patio Dr 4500 United Blk Ext/WH Int LowE Arg w/J,United Window & Door,-- No Unilog Brand --,-- No DIB Brand --,United Window & Door Manufacturing (UNIWI),United Window & Door Manufacturing LLC,United Window & Door,,1517603,,Doors & Windows>Doors>Patio Doors,"United Window & Door, Patio Door, 1517603",PATIO DOOR,United Window & Door 1517603 Patio Door With White,"United Window & Door Patio Door, White","Patio Door, White",,Finish: White,,,,,,,,,,,,,,,,,,,,,,,,,Patio Door,Finish,White,,,,,,,,,,,,,,,,,,,,,,,,,,,,,,,,,,,,,,,,,,,,,,,,,,,,,,,,,,,,,,,,,,,,,,,,,,,,,,,,,,,,,,,,,,,,,,,,,,,,,,,,,,,,,,,,,,,,,,,,,,,,,,,,,,,,,,,,,,,,,,,,,,,,,,,,,,,,,,,,,,,,,,,,UnitedWindowDoor_1517603.jpg,UnitedWindowDoor_1517603_1.jpg,UnitedWindowDoor_1517603_2.jpg,UnitedWindowDoor_1517603_3.jpg,UnitedWindowDoor_1517603_4.jpg,,,,,UnitedWindowDoor_1517603_Specification_Sheet.pdf,,,,,,,,,,,,,,,,,,
,,,,,,,Windows & Doors,Doors,Patio Doors,,1517604,6068L Gliding Patio Dr 4500 United White LowE Arg w/J,United Window & Door,-- No Unilog Brand --,-- No DIB Brand --,United Window & Door Manufacturing (UNIWI),United Window & Door Manufacturing LLC,United Window & Door,,1517604,,Doors & Windows>Doors>Patio Doors,"United Window & Door, Patio Door, 1517604",PATIO DOOR,United Window & Door 1517604 Patio Door With White,"United Window & Door Patio Door, White","Patio Door, White",,Color: White,,,,,,,,,,,,,,,,,,,,,,,,,Patio Door,Color,White,,,,,,,,,,,,,,,,,,,,,,,,,,,,,,,,,,,,,,,,,,,,,,,,,,,,,,,,,,,,,,,,,,,,,,,,,,,,,,,,,,,,,,,,,,,,,,,,,,,,,,,,,,,,,,,,,,,,,,,,,,,,,,,,,,,,,,,,,,,,,,,,,,,,,,,,,,,,,,,,,,,,,,,,UnitedWindowDoor_1517604.jpg,UnitedWindowDoor_1517604_1.jpg,UnitedWindowDoor_1517604_2.jpg,UnitedWindowDoor_1517604_3.jpg,UnitedWindowDoor_1517604_4.jpg,,,,,UnitedWindowDoor_1517604_Specification_Sheet.pdf,,,,,,,,,,,,,,,,,,
,,,,,,,Windows & Doors,Doors,Patio Doors,,1517605,6068R Gliding Patio Dr 4500 United White LowE Arg w/J,United Window & Door,-- No Unilog Brand --,-- No DIB Brand --,United Window & Door Manufacturing (UNIWI),United Window & Door Manufacturing LLC,United Window & Door,,1517605,,Doors & Windows>Doors>Patio Doors,"United Window & Door, Patio Door, 1517605",PATIO DOOR,United Window & Door 1517605 Patio Door With White,"United Window & Door Patio Door, White","Patio Door, White",,Color: White,,,,,,,,,,,,,,,,,,,,,,,,,Patio Door,Color,White,,,,,,,,,,,,,,,,,,,,,,,,,,,,,,,,,,,,,,,,,,,,,,,,,,,,,,,,,,,,,,,,,,,,,,,,,,,,,,,,,,,,,,,,,,,,,,,,,,,,,,,,,,,,,,,,,,,,,,,,,,,,,,,,,,,,,,,,,,,,,,,,,,,,,,,,,,,,,,,,,,,,,,,,UnitedWindowDoor_1517605.jpg,UnitedWindowDoor_1517605_1.jpg,UnitedWindowDoor_1517605_2.jpg,UnitedWindowDoor_1517605_3.jpg,UnitedWindowDoor_1517605_4.jpg,,,,,UnitedWindowDoor_1517605_Specification_Sheet.pdf,,,,,,,,,,,,,,,,,,
,,,,,,,Windows & Doors,Skylights,Fixed Skylights,,FS C01 2004S,"FS C01 Velux Fxd Skylt Gry/Wh - w/Solar Shade RO 21""x26-7/8""",-- Unbranded --,-- No Unilog Brand --,-- No DIB Brand --,Velux America Inc (VELAM),VELUX America Inc,VELUX,,FS C01 2004S,,Doors & Windows>Skylights>Fixed Skylights,"VELUX America Inc, VELUX, Skylight, FS C01 2004S",SKYLIGHT,"VELUX FS C01 2004S Skylight With 21 in x 26-7/8 in, White","VELUX Skylight, 21 in x 26-7/8 in, White","Skylight, 21 in x 26-7/8 in, White",,Size: 21 in x 26-7/8 in,Finish: White,,,,,,,,,,,,,,,,,,,,,,,,Skylight,Size,21 in x 26-7/8 in,,Finish,White,,,,,,,,,,,,,,,,,,,,,,,,,,,,,,,,,,,,,,,,,,,,,,,,,,,,,,,,,,,,,,,,,,,,,,,,,,,,,,,,,,,,,,,,,,,,,,,,,,,,,,,,,,,,,,,,,,,,,,,,,,,,,,,,,,,,,,,,,,,,,,,,,,,,,,,,,,,,,,,,,,,,,VELUX_FSC012004S.jpg,VELUX_FSC012004S_1.jpg,VELUX_FSC012004S_2.jpg,VELUX_FSC012004S_3.jpg,VELUX_FSC012004S_4.jpg,,,,,VELUX_FSC012004S_Specification_Sheet.pdf,,,,,,,,,,,,,,,,,,
,,,,,,,Windows & Doors,Skylights,Fixed Skylights,,FS C04 2004S,"FS C04 Velux Fxd Skylt Gry/Wh - w/Solar Shade RO 21""x37-7/8""",-- Unbranded --,-- No Unilog Brand --,-- No DIB Brand --,Velux America Inc (VELAM),VELUX America Inc,VELUX,,FS C04 2004S,,Doors & Windows>Skylights>Fixed Skylights,"VELUX America Inc, VELUX, Skylight, FS C04 2004S",SKYLIGHT,"VELUX FS C04 2004S Skylight With 21 in x 37-7/8 in, White","VELUX Skylight, 21 in x 37-7/8 in, White","Skylight, 21 in x 37-7/8 in, White",,Size: 21 in x 37-7/8 in,Finish: White,,,,,,,,,,,,,,,,,,,,,,,,Skylight,Size,21 in x 37-7/8 in,,Finish,White,,,,,,,,,,,,,,,,,,,,,,,,,,,,,,,,,,,,,,,,,,,,,,,,,,,,,,,,,,,,,,,,,,,,,,,,,,,,,,,,,,,,,,,,,,,,,,,,,,,,,,,,,,,,,,,,,,,,,,,,,,,,,,,,,,,,,,,,,,,,,,,,,,,,,,,,,,,,,,,,,,,,,VELUX_FSC042004S.jpg,VELUX_FSC042004S_1.jpg,VELUX_FSC042004S_2.jpg,VELUX_FSC042004S_3.jpg,VELUX_FSC042004S_4.jpg,,,,,VELUX_FSC042004S_Specification_Sheet.pdf,,,,,,,,,,,,,,,,,,
,,,,,,,Windows & Doors,Skylights,Fixed Skylights,,FS C06 2004S,"FS C06 Velux Fxd Skylt Gry/Wh - w/Solar Shade RO 21""x45-7/8""",-- Unbranded --,-- No Unilog Brand --,-- No DIB Brand --,Velux America Inc (VELAM),VELUX America Inc,VELUX,,FS C06 2004S,,Doors & Windows>Skylights>Fixed Skylights,"VELUX America Inc, VELUX, Skylight, FS C06 2004S",SKYLIGHT,"VELUX FS C06 2004S Skylight With 21 in x 45-7/8 in, White","VELUX Skylight, 21 in x 45-7/8 in, White","Skylight, 21 in x 45-7/8 in, White",,Size: 21 in x 45-7/8 in,Finish: White,,,,,,,,,,,,,,,,,,,,,,,,Skylight,Size,21 in x 45-7/8 in,,Finish,White,,,,,,,,,,,,,,,,,,,,,,,,,,,,,,,,,,,,,,,,,,,,,,,,,,,,,,,,,,,,,,,,,,,,,,,,,,,,,,,,,,,,,,,,,,,,,,,,,,,,,,,,,,,,,,,,,,,,,,,,,,,,,,,,,,,,,,,,,,,,,,,,,,,,,,,,,,,,,,,,,,,,,VELUX_FSC062004S.jpg,VELUX_FSC062004S_1.jpg,VELUX_FSC062004S_2.jpg,VELUX_FSC062004S_3.jpg,VELUX_FSC062004S_4.jpg,,,,,VELUX_FSC062004S_Specification_Sheet.pdf,,,,,,,,,,,,,,,,,,
,,,,,,,Windows & Doors,Windows,Hopper Windows,,1501831,31.5x14.75 Bsmt ecoLitePlus WH - Hopper DLA w/Screen,PROVIA,-- No Unilog Brand --,-- No DIB Brand --,ProVia (PRODO),ProVia,ProVia,,1501831,,Doors & Windows>Windows>Hopper Windows,"ProVia, ProVia, Hopper Window, Ecoliteplus, 1501831",HOPPER WINDOW,"ProVia Ecoliteplus 1501831 Hopper Window With .5 in x 14 in, White","ProVia Hopper Window, Ecoliteplus, .5 in x 14 in, White","Ecoliteplus Hopper Window, .5 in x 14 in, White",,Series: Ecoliteplus,Size: .5 in x 14 in,Finish: White,,,,,,,,,,,,,,,,,,,,,,,Hopper Window,Series,Ecoliteplus,,Size,.5 in x 14 in,,Finish,White,,,,,,,,,,,,,,,,,,,,,,,,,,,,,,,,,,,,,,,,,,,,,,,,,,,,,,,,,,,,,,,,,,,,,,,,,,,,,,,,,,,,,,,,,,,,,,,,,,,,,,,,,,,,,,,,,,,,,,,,,,,,,,,,,,,,,,,,,,,,,,,,,,,,,,,,,,,,,,,,,,ProVia_1501831.jpg,ProVia_1501831_1.jpg,ProVia_1501831_2.jpg,ProVia_1501831_3.jpg,ProVia_1501831_4.jpg,,,,,ProVia_1501831_Specification_Sheet.pdf,,,,,,,,,,,,,,,,,,
,,,,,,,Windows & Doors,Windows,Hopper Windows,,1501832,31.5x22.75 Bsmt ecoLitePlus WH - Hopper DLA w/Screen,PROVIA,-- No Unilog Brand --,-- No DIB Brand --,ProVia (PRODO),ProVia,ProVia,,1501832,,Doors & Windows>Windows>Hopper Windows,"ProVia, ProVia, Hopper Window, Ecoliteplus, 1501832",HOPPER WINDOW,"ProVia Ecoliteplus 1501832 Hopper Window With .5 in x 22 in, White","ProVia Hopper Window, Ecoliteplus, .5 in x 22 in, White","Ecoliteplus Hopper Window, .5 in x 22 in, White",,Series: Ecoliteplus,Size: .5 in x 22 in,Finish: White,,,,,,,,,,,,,,,,,,,,,,,Hopper Window,Series,Ecoliteplus,,Size,.5 in x 22 in,,Finish,White,,,,,,,,,,,,,,,,,,,,,,,,,,,,,,,,,,,,,,,,,,,,,,,,,,,,,,,,,,,,,,,,,,,,,,,,,,,,,,,,,,,,,,,,,,,,,,,,,,,,,,,,,,,,,,,,,,,,,,,,,,,,,,,,,,,,,,,,,,,,,,,,,,,,,,,,,,,,,,,,,,ProVia_1501832.jpg,ProVia_1501832_1.jpg,ProVia_1501832_2.jpg,ProVia_1501832_3.jpg,ProVia_1501832_4.jpg,,,,,ProVia_1501832_Specification_Sheet.pdf,,,,,,,,,,,,,,,,,,
,,,,,,,Windows & Doors,Windows,Sliding Windows,,1515974,3030 Slider 3900 United Black WH Int LowE-2 w/Half Scrn w/J,United Window & Door,-- No Unilog Brand --,-- No DIB Brand --,-,United Window & Door,United Window & Door,,1515974,,Doors & Windows>Windows>Sliding Windows,"United Window & Door, United Window & Door, Sliding Window, 1515974",SLIDING WINDOW,"United Window & Door 1515974 Sliding Window With Black, White","United Window & Door Sliding Window, Black, White","Sliding Window, Black, White",,Color: Black,Finish: White,,,,,,,,,,,,,,,,,,,,,,,,Sliding Window,Color,Black,,Finish,White,,,,,,,,,,,,,,,,,,,,,,,,,,,,,,,,,,,,,,,,,,,,,,,,,,,,,,,,,,,,,,,,,,,,,,,,,,,,,,,,,,,,,,,,,,,,,,,,,,,,,,,,,,,,,,,,,,,,,,,,,,,,,,,,,,,,,,,,,,,,,,,,,,,,,,,,,,,,,,,,,,,,,UnitedWindowDoor_1515974.jpg,UnitedWindowDoor_1515974_1.jpg,UnitedWindowDoor_1515974_2.jpg,UnitedWindowDoor_1515974_3.jpg,UnitedWindowDoor_1515974_4.jpg,,,,,UnitedWindowDoor_1515974_Specification_Sheet.pdf,,,,,,,,,,,,,,,,,,
,,,,,,,Building Materials,Drywall & Gypsum,Drywall Panels,,640383,"1/2"" 54""x10 Drywall Easi-Lite",-- Unbranded --,-- No Unilog Brand --,-- No DIB Brand --,Certainteed Gypsum (2765),CertainTeed Gypsum Inc,CertainTeed,,640383,,Building Materials>Drywall & Gypsum>Drywall Sheets,"CertainTeed Gypsum Inc, CertainTeed, Drywall Panel, 640383",DRWL PNL,CertainTeed 640383 Drywall Panel With 54 in x 10 in,"CertainTeed Drywall Panel, 54 in x 10 in","Drywall Panel, 54 in x 10 in",,Size: 54 in x 10 in,,,,,,,,,,,,,,,,,,,,,,,,,Drywall Panel,Size,54 in x 10 in,,,,,,,,,,,,,,,,,,,,,,,,,,,,,,,,,,,,,,,,,,,,,,,,,,,,,,,,,,,,,,,,,,,,,,,,,,,,,,,,,,,,,,,,,,,,,,,,,,,,,,,,,,,,,,,,,,,,,,,,,,,,,,,,,,,,,,,,,,,,,,,,,,,,,,,,,,,,,,,,,,,,,,,,CertainTeed_640383.jpg,CertainTeed_640383_1.jpg,CertainTeed_640383_2.jpg,CertainTeed_640383_3.jpg,CertainTeed_640383_4.jpg,,,,,CertainTeed_640383_Specification_Sheet.pdf,,,,,,,,,,,,,,,,,,
,,,,,,,Building Materials,Drywall & Gypsum,Drywall Panels,,653258,"5/8"" 4x9 Drywall Firelite",-- Unbranded --,-- No Unilog Brand --,-- No DIB Brand --,Certainteed Gypsum (2765),CertainTeed Gypsum Inc,CertainTeed,,653258,,Building Materials>Drywall & Gypsum>Drywall Sheets,"CertainTeed Gypsum Inc, CertainTeed, Drywall Panel, 653258",DRWL PNL,CertainTeed 653258 Drywall Panel With 4 in x 9 in,"CertainTeed Drywall Panel, 4 in x 9 in","Drywall Panel, 4 in x 9 in",,Size: 4 in x 9 in,,,,,,,,,,,,,,,,,,,,,,,,,Drywall Panel,Size,4 in x 9 in,,,,,,,,,,,,,,,,,,,,,,,,,,,,,,,,,,,,,,,,,,,,,,,,,,,,,,,,,,,,,,,,,,,,,,,,,,,,,,,,,,,,,,,,,,,,,,,,,,,,,,,,,,,,,,,,,,,,,,,,,,,,,,,,,,,,,,,,,,,,,,,,,,,,,,,,,,,,,,,,,,,,,,,,CertainTeed_653258.jpg,CertainTeed_653258_1.jpg,CertainTeed_653258_2.jpg,CertainTeed_653258_3.jpg,CertainTeed_653258_4.jpg,,,,,CertainTeed_653258_Specification_Sheet.pdf,,,,,,,,,,,,,,,,,,
,,,,,,,Hardware,Door Hardware,Thresholds,,413S-DBA-36,"413S 36"" Alum Threshold DBZ",HAGER,-- No Unilog Brand --,-- No DIB Brand --,Hager Hinge Co (4189),Hager Hinge Company,HAGER,,413S-DBA-36,,Building & Hardware>Door Hardware>Thresholds & Weather Stripping,"Hager Hinge Company, HAGER, Threshold, 413S-DBA-36",THRESHOLD ALUM,HAGER 413S-DBA-36 Threshold With Aluminum,"HAGER Threshold, Aluminum","Threshold, Aluminum",,Material: Aluminum,,,,,,,,,,,,,,,,,,,,,,,,,Threshold,Material,Aluminum,,,,,,,,,,,,,,,,,,,,,,,,,,,,,,,,,,,,,,,,,,,,,,,,,,,,,,,,,,,,,,,,,,,,,,,,,,,,,,,,,,,,,,,,,,,,,,,,,,,,,,,,,,,,,,,,,,,,,,,,,,,,,,,,,,,,,,,,,,,,,,,,,,,,,,,,,,,,,,,,,,,,,,,,HAGER_413S-DBA-36.jpg,HAGER_413S-DBA-36_1.jpg,HAGER_413S-DBA-36_2.jpg,HAGER_413S-DBA-36_3.jpg,HAGER_413S-DBA-36_4.jpg,,,,,HAGER_413S-DBA-36_Specification_Sheet.pdf,,,,,,,,,,,,,,,,,,
,,,,,,,Hardware,Door Hardware,Thresholds,,413S-DBA-72,"413S 72"" Alum Threshold DBZ",HAGER,-- No Unilog Brand --,-- No DIB Brand --,Hager Hinge Co (4189),Hager Hinge Company,HAGER,,413S-DBA-72,,Building & Hardware>Door Hardware>Thresholds & Weather Stripping,"Hager Hinge Company, HAGER, Threshold, 413S-DBA-72",THRESHOLD ALUM,HAGER 413S-DBA-72 Threshold With Aluminum,"HAGER Threshold, Aluminum","Threshold, Aluminum",,Material: Aluminum,,,,,,,,,,,,,,,,,,,,,,,,,Threshold,Material,Aluminum,,,,,,,,,,,,,,,,,,,,,,,,,,,,,,,,,,,,,,,,,,,,,,,,,,,,,,,,,,,,,,,,,,,,,,,,,,,,,,,,,,,,,,,,,,,,,,,,,,,,,,,,,,,,,,,,,,,,,,,,,,,,,,,,,,,,,,,,,,,,,,,,,,,,,,,,,,,,,,,,,,,,,,,,HAGER_413S-DBA-72.jpg,HAGER_413S-DBA-72_1.jpg,HAGER_413S-DBA-72_2.jpg,HAGER_413S-DBA-72_3.jpg,HAGER_413S-DBA-72_4.jpg,,,,,HAGER_413S-DBA-72_Specification_Sheet.pdf,,,,,,,,,,,,,,,,,,
,,,,,,,Building Materials,Structural Building Materials,Insulated Sheathing,,1511506,4'x65' Zip Rainscreen,-- Unbranded --,-- No Unilog Brand --,-- No DIB Brand --,Huber Eng Wood LLC (3158),Huber Engineered Woods LLC,Huber Engineered Woods,,1511506,,Building Materials>Structural>Insulated Sheathing,"Huber Engineered Woods, Insulated Sheathing Board, 1511506",INSULATED SHEATHING BRD,Huber Engineered Woods 1511506 Insulated Sheathing Board,Huber Engineered Woods Insulated Sheathing Board,Insulated Sheathing Board,,,,,,,,,,,,,,,,,,,,,,,,,,,Insulated Sheathing Board,,,,,,,,,,,,,,,,,,,,,,,,,,,,,,,,,,,,,,,,,,,,,,,,,,,,,,,,,,,,,,,,,,,,,,,,,,,,,,,,,,,,,,,,,,,,,,,,,,,,,,,,,,,,,,,,,,,,,,,,,,,,,,,,,,,,,,,,,,,,,,,,,,,,,,,,,,,,,,,,,,,,,,,,,,HuberEngineeredWoods_1511506.jpg,HuberEngineeredWoods_1511506_1.jpg,HuberEngineeredWoods_1511506_2.jpg,HuberEngineeredWoods_1511506_3.jpg,HuberEngineeredWoods_1511506_4.jpg,,,,,HuberEngineeredWoods_1511506_Specification_Sheet.pdf,,,,,,,,,,,,,,,,,,
,,,,,,,Building Materials,Siding & Trim,Wood Siding,,1513577,1x8-12' Doug Fir STK Smooth 1S2E,COMMODITY - UNBRANDED,-- No Unilog Brand --,-- No DIB Brand --,Westwood Lumber Sales (WESLU),Westwood Lumber Sales,,,1513577,,Building Materials>Exterior>Wood Siding,"Westwood Lumber Sales, Wood Siding Board, 1513577",WOD SDNG BRD,1513577 Wood Siding Board With 1 in x 8 in,"Wood Siding Board, 1 in x 8 in","Wood Siding Board, 1 in x 8 in",,Size: 1 in x 8 in,,,,,,,,,,,,,,,,,,,,,,,,,Wood Siding Board,Size,1 in x 8 in,,,,,,,,,,,,,,,,,,,,,,,,,,,,,,,,,,,,,,,,,,,,,,,,,,,,,,,,,,,,,,,,,,,,,,,,,,,,,,,,,,,,,,,,,,,,,,,,,,,,,,,,,,,,,,,,,,,,,,,,,,,,,,,,,,,,,,,,,,,,,,,,,,,,,,,,,,,,,,,,,,,,,,,,,,,,,,,,,,,,,,,,,,,,,,,,,,,
,,,,,,,Building Materials,Siding & Trim,Wood Siding,,1513578,1x8-16' Doug Fir STK Smooth 1S2E,COMMODITY - UNBRANDED,-- No Unilog Brand --,-- No DIB Brand --,Westwood Lumber Sales (WESLU),Westwood Lumber Sales,,,1513578,,Building Materials>Exterior>Wood Siding,"Westwood Lumber Sales, Wood Siding Board, 1513578",WOD SDNG BRD,1513578 Wood Siding Board With 1 in x 8 in,"Wood Siding Board, 1 in x 8 in","Wood Siding Board, 1 in x 8 in",,Size: 1 in x 8 in,,,,,,,,,,,,,,,,,,,,,,,,,Wood Siding Board,Size,1 in x 8 in,,,,,,,,,,,,,,,,,,,,,,,,,,,,,,,,,,,,,,,,,,,,,,,,,,,,,,,,,,,,,,,,,,,,,,,,,,,,,,,,,,,,,,,,,,,,,,,,,,,,,,,,,,,,,,,,,,,,,,,,,,,,,,,,,,,,,,,,,,,,,,,,,,,,,,,,,,,,,,,,,,,,,,,,,,,,,,,,,,,,,,,,,,,,,,,,,,,
,,,,,,,Building Materials,Siding & Trim,Wood Siding,,1513579,1x12-12 'Doug Fir STK Smooth 1S2E,COMMODITY - UNBRANDED,-- No Unilog Brand --,-- No DIB Brand --,Westwood Lumber Sales (WESLU),Westwood Lumber Sales,,,1513579,,Building Materials>Exterior>Wood Siding,"Westwood Lumber Sales, Wood Siding Board, 1513579",WOD SDNG BRD,1513579 Wood Siding Board With 1 in x 12 in,"Wood Siding Board, 1 in x 12 in","Wood Siding Board, 1 in x 12 in",,Size: 1 in x 12 in,,,,,,,,,,,,,,,,,,,,,,,,,Wood Siding Board,Size,1 in x 12 in,,,,,,,,,,,,,,,,,,,,,,,,,,,,,,,,,,,,,,,,,,,,,,,,,,,,,,,,,,,,,,,,,,,,,,,,,,,,,,,,,,,,,,,,,,,,,,,,,,,,,,,,,,,,,,,,,,,,,,,,,,,,,,,,,,,,,,,,,,,,,,,,,,,,,,,,,,,,,,,,,,,,,,,,,,,,,,,,,,,,,,,,,,,,,,,,,,,
,,,,,,,Building Materials,Siding & Trim,Wood Siding,,1513580,1x12-16' Doug Fir STK Smooth 1S2E,COMMODITY - UNBRANDED,-- No Unilog Brand --,-- No DIB Brand --,Westwood Lumber Sales (WESLU),Westwood Lumber Sales,,,1513580,,Building Materials>Exterior>Wood Siding,"Westwood Lumber Sales, Wood Siding Board, 1513580",WOD SDNG BRD,1513580 Wood Siding Board With 1 in x 12 in,"Wood Siding Board, 1 in x 12 in","Wood Siding Board, 1 in x 12 in",,Size: 1 in x 12 in,,,,,,,,,,,,,,,,,,,,,,,,,Wood Siding Board,Size,1 in x 12 in,,,,,,,,,,,,,,,,,,,,,,,,,,,,,,,,,,,,,,,,,,,,,,,,,,,,,,,,,,,,,,,,,,,,,,,,,,,,,,,,,,,,,,,,,,,,,,,,,,,,,,,,,,,,,,,,,,,,,,,,,,,,,,,,,,,,,,,,,,,,,,,,,,,,,,,,,,,,,,,,,,,,,,,,,,,,,,,,,,,,,,,,,,,,,,,,,,,
,,,,,,,Building Materials,Structural Building Materials,Sheathing & Panels,,1501767,"3/4"" 4x8T&G Huber Blue PlusOSB - Sub Floor",-- Unbranded --,-- No Unilog Brand --,-- No DIB Brand --,-,Huber Engineered Woods,Huber Engineered Woods,,1501767,,Building Materials>Structural>Sheathing & Paneling,"Huber Engineered Woods, Huber Engineered Woods, Sheathing Panel, 1501767",SHEATHING PNL,Huber Engineered Woods 1501767 Sheathing Panel With 4 in x 8 in,"Huber Engineered Woods Sheathing Panel, 4 in x 8 in","Sheathing Panel, 4 in x 8 in",,Size: 4 in x 8 in,,,,,,,,,,,,,,,,,,,,,,,,,Sheathing Panel,Size,4 in x 8 in,,,,,,,,,,,,,,,,,,,,,,,,,,,,,,,,,,,,,,,,,,,,,,,,,,,,,,,,,,,,,,,,,,,,,,,,,,,,,,,,,,,,,,,,,,,,,,,,,,,,,,,,,,,,,,,,,,,,,,,,,,,,,,,,,,,,,,,,,,,,,,,,,,,,,,,,,,,,,,,,,,,,,,,,HuberEngineeredWoods_1501767.jpg,HuberEngineeredWoods_1501767_1.jpg,HuberEngineeredWoods_1501767_2.jpg,HuberEngineeredWoods_1501767_3.jpg,HuberEngineeredWoods_1501767_4.jpg,,,,,HuberEngineeredWoods_1501767_Specification_Sheet.pdf,,,,,,,,,,,,,,,,,,
,,,,,,,Building Materials,Roofing & Waterproofing,Metal Roofing,,PP-8BL,8' Premier Rib XL Black,-- Unbranded --,-- No Unilog Brand --,-- No DIB Brand --,Premier Metals (PREME),Premier Metals Inc,Premier Metals,,PP-8BL,,Building Materials>Roofing>Metal Roofing,"Premier Metals Inc, Premier Metals, Metal Roofing Panel, PP-8BL",MTL RFG PNL,Premier Metals PP-8BL Metal Roofing Panel With Black,"Premier Metals Metal Roofing Panel, Black","Metal Roofing Panel, Black",,Color: Black,,,,,,,,,,,,,,,,,,,,,,,,,Metal Roofing Panel,Color,Black,,,,,,,,,,,,,,,,,,,,,,,,,,,,,,,,,,,,,,,,,,,,,,,,,,,,,,,,,,,,,,,,,,,,,,,,,,,,,,,,,,,,,,,,,,,,,,,,,,,,,,,,,,,,,,,,,,,,,,,,,,,,,,,,,,,,,,,,,,,,,,,,,,,,,,,,,,,,,,,,,,,,,,,,PremierMetals_PP-8BL.jpg,PremierMetals_PP-8BL_1.jpg,PremierMetals_PP-8BL_2.jpg,PremierMetals_PP-8BL_3.jpg,PremierMetals_PP-8BL_4.jpg,,,,,PremierMetals_PP-8BL_Specification_Sheet.pdf,,,,,,,,,,,,,,,,,,
,,,,,,,Building Materials,Roofing & Waterproofing,Metal Roofing,,PP-10BL,10' Premier Rib XL Black,-- Unbranded --,-- No Unilog Brand --,-- No DIB Brand --,Premier Metals (PREME),Premier Metals Inc,Premier Metals,,PP-10BL,,Building Materials>Roofing>Metal Roofing,"Premier Metals Inc, Premier Metals, Metal Roofing Panel, PP-10BL",MTL RFG PNL,Premier Metals PP-10BL Metal Roofing Panel With Black,"Premier Metals Metal Roofing Panel, Black","Metal Roofing Panel, Black",,Color: Black,,,,,,,,,,,,,,,,,,,,,,,,,Metal Roofing Panel,Color,Black,,,,,,,,,,,,,,,,,,,,,,,,,,,,,,,,,,,,,,,,,,,,,,,,,,,,,,,,,,,,,,,,,,,,,,,,,,,,,,,,,,,,,,,,,,,,,,,,,,,,,,,,,,,,,,,,,,,,,,,,,,,,,,,,,,,,,,,,,,,,,,,,,,,,,,,,,,,,,,,,,,,,,,,,PremierMetals_PP-10BL.jpg,PremierMetals_PP-10BL_1.jpg,PremierMetals_PP-10BL_2.jpg,PremierMetals_PP-10BL_3.jpg,PremierMetals_PP-10BL_4.jpg,,,,,PremierMetals_PP-10BL_Specification_Sheet.pdf,,,,,,,,,,,,,,,,,,
,,,,,,,Building Materials,Roofing & Waterproofing,Metal Roofing,,PP-12BL,12' Premier Rib XL Black,-- Unbranded --,-- No Unilog Brand --,-- No DIB Brand --,Premier Metals (PREME),Premier Metals Inc,Premier Metals,,PP-12BL,,Building Materials>Roofing>Metal Roofing,"Premier Metals Inc, Premier Metals, Metal Roofing Panel, PP-12BL",MTL RFG PNL,Premier Metals PP-12BL Metal Roofing Panel With Black,"Premier Metals Metal Roofing Panel, Black","Metal Roofing Panel, Black",,Color: Black,,,,,,,,,,,,,,,,,,,,,,,,,Metal Roofing Panel,Color,Black,,,,,,,,,,,,,,,,,,,,,,,,,,,,,,,,,,,,,,,,,,,,,,,,,,,,,,,,,,,,,,,,,,,,,,,,,,,,,,,,,,,,,,,,,,,,,,,,,,,,,,,,,,,,,,,,,,,,,,,,,,,,,,,,,,,,,,,,,,,,,,,,,,,,,,,,,,,,,,,,,,,,,,,,PremierMetals_PP-12BL.jpg,PremierMetals_PP-12BL_1.jpg,PremierMetals_PP-12BL_2.jpg,PremierMetals_PP-12BL_3.jpg,PremierMetals_PP-12BL_4.jpg,,,,,PremierMetals_PP-12BL_Specification_Sheet.pdf,,,,,,,,,,,,,,,,,,
,,,,,,,Building Materials,Roofing & Waterproofing,Metal Roofing,,PP-8CH,8' Premier Rib XL Charcoal,-- Unbranded --,-- No Unilog Brand --,-- No DIB Brand --,Premier Metals (PREME),Premier Metals Inc,Premier Metals,,PP-8CH,,Building Materials>Roofing>Metal Roofing,"Premier Metals Inc, Premier Metals, Metal Roofing Panel, PP-8CH",MTL RFG PNL,Premier Metals PP-8CH Metal Roofing Panel With Charcoal,"Premier Metals Metal Roofing Panel, Charcoal","Metal Roofing Panel, Charcoal",,Color: Charcoal,,,,,,,,,,,,,,,,,,,,,,,,,Metal Roofing Panel,Color,Charcoal,,,,,,,,,,,,,,,,,,,,,,,,,,,,,,,,,,,,,,,,,,,,,,,,,,,,,,,,,,,,,,,,,,,,,,,,,,,,,,,,,,,,,,,,,,,,,,,,,,,,,,,,,,,,,,,,,,,,,,,,,,,,,,,,,,,,,,,,,,,,,,,,,,,,,,,,,,,,,,,,,,,,,,,,PremierMetals_PP-8CH.jpg,PremierMetals_PP-8CH_1.jpg,PremierMetals_PP-8CH_2.jpg,PremierMetals_PP-8CH_3.jpg,PremierMetals_PP-8CH_4.jpg,,,,,PremierMetals_PP-8CH_Specification_Sheet.pdf,,,,,,,,,,,,,,,,,,
,,,,,,,Building Materials,Roofing & Waterproofing,Metal Roofing,,PP-10CH,10' Premier Rib XL Charcoal,-- Unbranded --,-- No Unilog Brand --,-- No DIB Brand --,Premier Metals (PREME),Premier Metals Inc,Premier Metals,,PP-10CH,,Building Materials>Roofing>Metal Roofing,"Premier Metals Inc, Premier Metals, Metal Roofing Panel, PP-10CH",MTL RFG PNL,Premier Metals PP-10CH Metal Roofing Panel With Charcoal,"Premier Metals Metal Roofing Panel, Charcoal","Metal Roofing Panel, Charcoal",,Color: Charcoal,,,,,,,,,,,,,,,,,,,,,,,,,Metal Roofing Panel,Color,Charcoal,,,,,,,,,,,,,,,,,,,,,,,,,,,,,,,,,,,,,,,,,,,,,,,,,,,,,,,,,,,,,,,,,,,,,,,,,,,,,,,,,,,,,,,,,,,,,,,,,,,,,,,,,,,,,,,,,,,,,,,,,,,,,,,,,,,,,,,,,,,,,,,,,,,,,,,,,,,,,,,,,,,,,,,,PremierMetals_PP-10CH.jpg,PremierMetals_PP-10CH_1.jpg,PremierMetals_PP-10CH_2.jpg,PremierMetals_PP-10CH_3.jpg,PremierMetals_PP-10CH_4.jpg,,,,,PremierMetals_PP-10CH_Specification_Sheet.pdf,,,,,,,,,,,,,,,,,,
,,,,,,,Building Materials,Roofing & Waterproofing,Metal Roofing,,PP-12CH,12' Premier Rib XL Charcoal,-- Unbranded --,-- No Unilog Brand --,-- No DIB Brand --,Premier Metals (PREME),Premier Metals Inc,Premier Metals,,PP-12CH,,Building Materials>Roofing>Metal Roofing,"Premier Metals Inc, Premier Metals, Metal Roofing Panel, PP-12CH",MTL RFG PNL,Premier Metals PP-12CH Metal Roofing Panel With Charcoal,"Premier Metals Metal Roofing Panel, Charcoal","Metal Roofing Panel, Charcoal",,Color: Charcoal,,,,,,,,,,,,,,,,,,,,,,,,,Metal Roofing Panel,Color,Charcoal,,,,,,,,,,,,,,,,,,,,,,,,,,,,,,,,,,,,,,,,,,,,,,,,,,,,,,,,,,,,,,,,,,,,,,,,,,,,,,,,,,,,,,,,,,,,,,,,,,,,,,,,,,,,,,,,,,,,,,,,,,,,,,,,,,,,,,,,,,,,,,,,,,,,,,,,,,,,,,,,,,,,,,,,PremierMetals_PP-12CH.jpg,PremierMetals_PP-12CH_1.jpg,PremierMetals_PP-12CH_2.jpg,PremierMetals_PP-12CH_3.jpg,PremierMetals_PP-12CH_4.jpg,,,,,PremierMetals_PP-12CH_Specification_Sheet.pdf,,,,,,,,,,,,,,,,,,
,,,,,,,Building Materials,Roofing & Waterproofing,Metal Roofing,,PP-8WH,8' Premier Rib XL White,-- Unbranded --,-- No Unilog Brand --,-- No DIB Brand --,Premier Metals (PREME),Premier Metals Inc,Premier Metals,,PP-8WH,,Building Materials>Roofing>Metal Roofing,"Premier Metals Inc, Premier Metals, Metal Roofing Panel, PP-8WH",MTL RFG PNL,Premier Metals PP-8WH Metal Roofing Panel With White,"Premier Metals Metal Roofing Panel, White","Metal Roofing Panel, White",,Color: White,,,,,,,,,,,,,,,,,,,,,,,,,Metal Roofing Panel,Color,White,,,,,,,,,,,,,,,,,,,,,,,,,,,,,,,,,,,,,,,,,,,,,,,,,,,,,,,,,,,,,,,,,,,,,,,,,,,,,,,,,,,,,,,,,,,,,,,,,,,,,,,,,,,,,,,,,,,,,,,,,,,,,,,,,,,,,,,,,,,,,,,,,,,,,,,,,,,,,,,,,,,,,,,,PremierMetals_PP-8WH.jpg,PremierMetals_PP-8WH_1.jpg,PremierMetals_PP-8WH_2.jpg,PremierMetals_PP-8WH_3.jpg,PremierMetals_PP-8WH_4.jpg,,,,,PremierMetals_PP-8WH_Specification_Sheet.pdf,,,,,,,,,,,,,,,,,,
,,,,,,,Building Materials,Roofing & Waterproofing,Metal Roofing,,PP-10WH,10' Premier Rib XL White,-- Unbranded --,-- No Unilog Brand --,-- No DIB Brand --,Premier Metals (PREME),Premier Metals Inc,Premier Metals,,PP-10WH,,Building Materials>Roofing>Metal Roofing,"Premier Metals Inc, Premier Metals, Metal Roofing Panel, PP-10WH",MTL RFG PNL,Premier Metals PP-10WH Metal Roofing Panel With White,"Premier Metals Metal Roofing Panel, White","Metal Roofing Panel, White",,Color: White,,,,,,,,,,,,,,,,,,,,,,,,,Metal Roofing Panel,Color,White,,,,,,,,,,,,,,,,,,,,,,,,,,,,,,,,,,,,,,,,,,,,,,,,,,,,,,,,,,,,,,,,,,,,,,,,,,,,,,,,,,,,,,,,,,,,,,,,,,,,,,,,,,,,,,,,,,,,,,,,,,,,,,,,,,,,,,,,,,,,,,,,,,,,,,,,,,,,,,,,,,,,,,,,PremierMetals_PP-10WH.jpg,PremierMetals_PP-10WH_1.jpg,PremierMetals_PP-10WH_2.jpg,PremierMetals_PP-10WH_3.jpg,PremierMetals_PP-10WH_4.jpg,,,,,PremierMetals_PP-10WH_Specification_Sheet.pdf,,,,,,,,,,,,,,,,,,
,,,,,,,Building Materials,Roofing & Waterproofing,Underlayment,,1504345,OC Duration TruDef Wburg Gray (BDL),-- Unbranded --,-- No Unilog Brand --,-- No DIB Brand --,Palmer Donavin Mfg Company (PALDO),Palmer Donavin Manufacturing Co,,,1504345,,Building Materials>Roofing>Underlayment,"Palmer Donavin Manufacturing Co, Roofing Felt, 1504345",RFG FLT,"1504345 Roofing Felt With Gray, Oil Rubbed Bronze","Roofing Felt, Gray, Oil Rubbed Bronze","Roofing Felt, Gray, Oil Rubbed Bronze",,Color: Gray,Finish: Oil Rubbed Bronze,,,,,,,,,,,,,,,,,,,,,,,,Roofing Felt,Color,Gray,,Finish,Oil Rubbed Bronze,,,,,,,,,,,,,,,,,,,,,,,,,,,,,,,,,,,,,,,,,,,,,,,,,,,,,,,,,,,,,,,,,,,,,,,,,,,,,,,,,,,,,,,,,,,,,,,,,,,,,,,,,,,,,,,,,,,,,,,,,,,,,,,,,,,,,,,,,,,,,,,,,,,,,,,,,,,,,,,,,,,,,,,,,,,,,,,,,,,,,,,,,,,,,,,,
,,,,,,,Building Materials,Roofing & Waterproofing,Ice & Water Shield,,2733,3'x65' Henry Eaveguard - Ice Guard,-- Unbranded --,-- No Unilog Brand --,-- No DIB Brand --,Palmer Donavin Mfg Company (PALDO),Palmer Donavin Manufacturing Co,,,2733,,Building Materials>Roofing>Ice & Water Shield,"Palmer Donavin Manufacturing Co, Underlayment, 2733",UNDL,2733 Underlayment,Underlayment,Underlayment,,,,,,,,,,,,,,,,,,,,,,,,,,,Underlayment,,,,,,,,,,,,,,,,,,,,,,,,,,,,,,,,,,,,,,,,,,,,,,,,,,,,,,,,,,,,,,,,,,,,,,,,,,,,,,,,,,,,,,,,,,,,,,,,,,,,,,,,,,,,,,,,,,,,,,,,,,,,,,,,,,,,,,,,,,,,,,,,,,,,,,,,,,,,,,,,,,,,,,,,,,,,,,,,,,,,,,,,,,,,,,,,,,,,,
,,,,,,,Building Materials,Roofing & Waterproofing,Ice & Water Shield,,7547,Ice Guard OC Weathr Lk Mat 2sq,-- Unbranded --,-- No Unilog Brand --,-- No DIB Brand --,-,,,,7547,,Building Materials>Roofing>Ice & Water Shield,"Underlayment, 7547",UNDL,7547 Underlayment With Oil Rubbed Bronze,"Underlayment, Oil Rubbed Bronze","Underlayment, Oil Rubbed Bronze",,Finish: Oil Rubbed Bronze,,,,,,,,,,,,,,,,,,,,,,,,,Underlayment,Finish,Oil Rubbed Bronze,,,,,,,,,,,,,,,,,,,,,,,,,,,,,,,,,,,,,,,,,,,,,,,,,,,,,,,,,,,,,,,,,,,,,,,,,,,,,,,,,,,,,,,,,,,,,,,,,,,,,,,,,,,,,,,,,,,,,,,,,,,,,,,,,,,,,,,,,,,,,,,,,,,,,,,,,,,,,,,,,,,,,,,,,,,,,,,,,,,,,,,,,,,,,,,,,,,
,,,,,,,Building Materials,Siding & Trim,Fiber Cement Siding,,8912220,"7-1/4""x12' Hardie Sdg Smooth - Primed HardiePlank",JAMESHARDIE,-- No Unilog Brand --,-- No DIB Brand --,Boise Cascade Building Materials (BOICA),Boise Cascade Company,James Hardie,,8912220,,Building Materials>Exterior>Fiber Cement Siding,"Boise Cascade Company, James Hardie, Fiber Cement Panel, 8912220",FBR CMNT PNL,James Hardie 8912220 Fiber Cement Panel With 7-1/4 in x 12 in,"James Hardie Fiber Cement Panel, 7-1/4 in x 12 in","Fiber Cement Panel, 7-1/4 in x 12 in",,Size: 7-1/4 in x 12 in,,,,,,,,,,,,,,,,,,,,,,,,,Fiber Cement Panel,Size,7-1/4 in x 12 in,,,,,,,,,,,,,,,,,,,,,,,,,,,,,,,,,,,,,,,,,,,,,,,,,,,,,,,,,,,,,,,,,,,,,,,,,,,,,,,,,,,,,,,,,,,,,,,,,,,,,,,,,,,,,,,,,,,,,,,,,,,,,,,,,,,,,,,,,,,,,,,,,,,,,,,,,,,,,,,,,,,,,,,,JamesHardie_8912220.jpg,JamesHardie_8912220_1.jpg,JamesHardie_8912220_2.jpg,JamesHardie_8912220_3.jpg,JamesHardie_8912220_4.jpg,,,,,JamesHardie_8912220_Specification_Sheet.pdf,,,,,,,,,,,,,,,,,,
,,,,,,,Building Materials,Siding & Trim,Fiber Cement Siding,,8904015,4'x10' HardiePanel Smooth - Primed,JAMESHARDIE,-- No Unilog Brand --,-- No DIB Brand --,Boise Cascade Building Materials (BOICA),Boise Cascade Company,James Hardie,,8904015,,Building Materials>Exterior>Fiber Cement Siding,"Boise Cascade Company, James Hardie, Fiber Cement Panel, 8904015",FBR CMNT PNL,James Hardie 8904015 Fiber Cement Panel,James Hardie Fiber Cement Panel,Fiber Cement Panel,,,,,,,,,,,,,,,,,,,,,,,,,,,Fiber Cement Panel,,,,,,,,,,,,,,,,,,,,,,,,,,,,,,,,,,,,,,,,,,,,,,,,,,,,,,,,,,,,,,,,,,,,,,,,,,,,,,,,,,,,,,,,,,,,,,,,,,,,,,,,,,,,,,,,,,,,,,,,,,,,,,,,,,,,,,,,,,,,,,,,,,,,,,,,,,,,,,,,,,,,,,,,,,JamesHardie_8904015.jpg,JamesHardie_8904015_1.jpg,JamesHardie_8904015_2.jpg,JamesHardie_8904015_3.jpg,JamesHardie_8904015_4.jpg,,,,,JamesHardie_8904015_Specification_Sheet.pdf,,,,,,,,,,,,,,,,,,
,,,,,,,Building Materials,Siding & Trim,Engineered Wood Siding,,25796,"6""x16' Smart Lap Sdg Cedar",LP SMARTSIDE,-- No Unilog Brand --,-- No DIB Brand --,U S Lumber (3073),U.S. Lumber Group,LP® SmartSide®,,25796,,Building Materials>Exterior>Engineered Wood Siding,"U.S. Lumber Group, LP® SmartSide®, Siding Panel, 25796",SDNG PNL,"LP® SmartSide® 25796 Siding Panel With 6 in x 16 in, Cedar","LP® SmartSide® Siding Panel, 6 in x 16 in, Cedar","Siding Panel, 6 in x 16 in, Cedar",,Size: 6 in x 16 in,Material: Cedar,,,,,,,,,,,,,,,,,,,,,,,,Siding Panel,Size,6 in x 16 in,,Material,Cedar,,,,,,,,,,,,,,,,,,,,,,,,,,,,,,,,,,,,,,,,,,,,,,,,,,,,,,,,,,,,,,,,,,,,,,,,,,,,,,,,,,,,,,,,,,,,,,,,,,,,,,,,,,,,,,,,,,,,,,,,,,,,,,,,,,,,,,,,,,,,,,,,,,,,,,,,,,,,,,,,,,,,,LPSmartSide_25796.jpg,LPSmartSide_25796_1.jpg,LPSmartSide_25796_2.jpg,LPSmartSide_25796_3.jpg,LPSmartSide_25796_4.jpg,,,,,LPSmartSide_25796_Specification_Sheet.pdf,,,,,,,,,,,,,,,,,,
,,,,,,,Building Materials,Siding & Trim,Engineered Wood Siding,,40503,"3/8"" 16""x16' Smart Pan Cedar - No-Groove Sq Edge B&B",LP SMARTSIDE,-- No Unilog Brand --,-- No DIB Brand --,U S Lumber (3073),U.S. Lumber Group,LP® SmartSide®,,40503,,Building Materials>Exterior>Engineered Wood Siding,"U.S. Lumber Group, LP® SmartSide®, Siding Panel, 40503",SDNG PNL,"LP® SmartSide® 40503 Siding Panel With 16 in x 16 in, Cedar","LP® SmartSide® Siding Panel, 16 in x 16 in, Cedar","Siding Panel, 16 in x 16 in, Cedar",,Size: 16 in x 16 in,Material: Cedar,,,,,,,,,,,,,,,,,,,,,,,,Siding Panel,Size,16 in x 16 in,,Material,Cedar,,,,,,,,,,,,,,,,,,,,,,,,,,,,,,,,,,,,,,,,,,,,,,,,,,,,,,,,,,,,,,,,,,,,,,,,,,,,,,,,,,,,,,,,,,,,,,,,,,,,,,,,,,,,,,,,,,,,,,,,,,,,,,,,,,,,,,,,,,,,,,,,,,,,,,,,,,,,,,,,,,,,,LPSmartSide_40503.jpg,LPSmartSide_40503_1.jpg,LPSmartSide_40503_2.jpg,LPSmartSide_40503_3.jpg,LPSmartSide_40503_4.jpg,,,,,LPSmartSide_40503_Specification_Sheet.pdf,,,,,,,,,,,,,,,,,,
,,,,,,,Building Materials,Siding & Trim,Engineered Wood Siding,,25825,"3/8"" 4x10 Smart Pan Cedar - No-Groove w/Shiplap Edges",LP SMARTSIDE,-- No Unilog Brand --,-- No DIB Brand --,U S Lumber (3073),U.S. Lumber Group,LP® SmartSide®,,25825,,Building Materials>Exterior>Engineered Wood Siding,"U.S. Lumber Group, LP® SmartSide®, Siding Panel, 25825",SDNG PNL,"LP® SmartSide® 25825 Siding Panel With 4 in x 10 in, Cedar","LP® SmartSide® Siding Panel, 4 in x 10 in, Cedar","Siding Panel, 4 in x 10 in, Cedar",,Size: 4 in x 10 in,Material: Cedar,,,,,,,,,,,,,,,,,,,,,,,,Siding Panel,Size,4 in x 10 in,,Material,Cedar,,,,,,,,,,,,,,,,,,,,,,,,,,,,,,,,,,,,,,,,,,,,,,,,,,,,,,,,,,,,,,,,,,,,,,,,,,,,,,,,,,,,,,,,,,,,,,,,,,,,,,,,,,,,,,,,,,,,,,,,,,,,,,,,,,,,,,,,,,,,,,,,,,,,,,,,,,,,,,,,,,,,,LPSmartSide_25825.jpg,LPSmartSide_25825_1.jpg,LPSmartSide_25825_2.jpg,LPSmartSide_25825_3.jpg,LPSmartSide_25825_4.jpg,,,,,LPSmartSide_25825_Specification_Sheet.pdf,,,,,,,,,,,,,,,,,,
,,,,,,,Building Materials,Siding & Trim,Wood Siding,,25822,"3/8"" 12""x16' Smart Vented Soff - Cedar Soffit",LP SMARTSIDE,-- No Unilog Brand --,-- No DIB Brand --,U S Lumber (3073),U.S. Lumber Group,LP® SmartSide®,,25822,,Building Materials>Exterior>Wood Siding,"U.S. Lumber Group, LP® SmartSide®, Wood Siding Board, 25822",WOD SDNG BRD,"LP® SmartSide® 25822 Wood Siding Board With 12 in x 16 in, Cedar","LP® SmartSide® Wood Siding Board, 12 in x 16 in, Cedar","Wood Siding Board, 12 in x 16 in, Cedar",,Size: 12 in x 16 in,Material: Cedar,,,,,,,,,,,,,,,,,,,,,,,,Wood Siding Board,Size,12 in x 16 in,,Material,Cedar,,,,,,,,,,,,,,,,,,,,,,,,,,,,,,,,,,,,,,,,,,,,,,,,,,,,,,,,,,,,,,,,,,,,,,,,,,,,,,,,,,,,,,,,,,,,,,,,,,,,,,,,,,,,,,,,,,,,,,,,,,,,,,,,,,,,,,,,,,,,,,,,,,,,,,,,,,,,,,,,,,,,,LPSmartSide_25822.jpg,LPSmartSide_25822_1.jpg,LPSmartSide_25822_2.jpg,LPSmartSide_25822_3.jpg,LPSmartSide_25822_4.jpg,,,,,LPSmartSide_25822_Specification_Sheet.pdf,,,,,,,,,,,,,,,,,,
,,,,,,,Building Materials,Decking & Railing,ADA Railing,,543650101,Black Alum ADA Wall Mount Trex,TREX,-- No Unilog Brand --,-- No DIB Brand --,Boise Cascade Building Materials (BOICA),Boise Cascade Company,Trex,,543650101,,Building & Hardware>Decking & Railing>ADA Railing,"Boise Cascade Company, Trex, ADA Railing, 543650101, Wall",ADA RLG WALL ALUM,"Trex 543650101 ADA Railing With Wall Mounting, Aluminum, Black","Trex ADA Railing, Wall Mounting, Aluminum, Black","ADA Railing, Wall Mounting, Aluminum, Black",,Mounting Type: Wall,Material: Aluminum,Color: Black,,,,,,,,,,,,,,,,,,,,,,,ADA Railing,Mounting Type,Wall,,Material,Aluminum,,Color,Black,,,,,,,,,,,,,,,,,,,,,,,,,,,,,,,,,,,,,,,,,,,,,,,,,,,,,,,,,,,,,,,,,,,,,,,,,,,,,,,,,,,,,,,,,,,,,,,,,,,,,,,,,,,,,,,,,,,,,,,,,,,,,,,,,,,,,,,,,,,,,,,,,,,,,,,,,,,,,,,,,,Trex_543650101.jpg,Trex_543650101_1.jpg,Trex_543650101_2.jpg,Trex_543650101_3.jpg,Trex_543650101_4.jpg,,,,,Trex_543650101_Specification_Sheet.pdf,,,,,,,,,,,,,,,,,,
,,,,,,,Building Materials,Decking & Railing,ADA Railing,,543650010,Black Alum ADA Int End Cap - Trex,TREX,-- No Unilog Brand --,-- No DIB Brand --,Boise Cascade Building Materials (BOICA),Boise Cascade Company,Trex,,543650010,,Building & Hardware>Decking & Railing>ADA Railing,"Boise Cascade Company, Trex, ADA Railing, 543650010",ADA RLG ALUM,"Trex 543650010 ADA Railing With Aluminum, Black","Trex ADA Railing, Aluminum, Black","ADA Railing, Aluminum, Black",,Material: Aluminum,Color: Black,,,,,,,,,,,,,,,,,,,,,,,,ADA Railing,Material,Aluminum,,Color,Black,,,,,,,,,,,,,,,,,,,,,,,,,,,,,,,,,,,,,,,,,,,,,,,,,,,,,,,,,,,,,,,,,,,,,,,,,,,,,,,,,,,,,,,,,,,,,,,,,,,,,,,,,,,,,,,,,,,,,,,,,,,,,,,,,,,,,,,,,,,,,,,,,,,,,,,,,,,,,,,,,,,,,Trex_543650010.jpg,Trex_543650010_1.jpg,Trex_543650010_2.jpg,Trex_543650010_3.jpg,Trex_543650010_4.jpg,,,,,Trex_543650010_Specification_Sheet.pdf,,,,,,,,,,,,,,,,,,
,,,,,,,Building Materials,Decking & Railing,ADA Railing,,543650048,8' Black Alum ADA Rail Trex,TREX,-- No Unilog Brand --,-- No DIB Brand --,Boise Cascade Building Materials (BOICA),Boise Cascade Company,Trex,,543650048,,Building & Hardware>Decking & Railing>ADA Railing,"Boise Cascade Company, Trex, ADA Railing, 543650048",ADA RLG ALUM,"Trex 543650048 ADA Railing With Aluminum, Black","Trex ADA Railing, Aluminum, Black","ADA Railing, Aluminum, Black",,Material: Aluminum,Color: Black,,,,,,,,,,,,,,,,,,,,,,,,ADA Railing,Material,Aluminum,,Color,Black,,,,,,,,,,,,,,,,,,,,,,,,,,,,,,,,,,,,,,,,,,,,,,,,,,,,,,,,,,,,,,,,,,,,,,,,,,,,,,,,,,,,,,,,,,,,,,,,,,,,,,,,,,,,,,,,,,,,,,,,,,,,,,,,,,,,,,,,,,,,,,,,,,,,,,,,,,,,,,,,,,,,,Trex_543650048.jpg,Trex_543650048_1.jpg,Trex_543650048_2.jpg,Trex_543650048_3.jpg,Trex_543650048_4.jpg,,,,,Trex_543650048_Specification_Sheet.pdf,,,,,,,,,,,,,,,,,,
,,,,,,,Building Materials,Structural Building Materials,Insulated Sheathing,,1506969,"1-1/2"" 4x8 Huber Zip R6.6 - Insulated R-Sheathing",-- Unbranded --,-- No Unilog Brand --,-- No DIB Brand --,-,Huber Engineered Woods,Huber Engineered Woods,,1506969,,Building Materials>Structural>Insulated Sheathing,"Huber Engineered Woods, Insulated Sheathing Board, 1506969",INSULATED SHEATHING BRD,Huber Engineered Woods 1506969 Insulated Sheathing Board With 4 in x 8 in,"Huber Engineered Woods Insulated Sheathing Board, 4 in x 8 in","Insulated Sheathing Board, 4 in x 8 in",,Size: 4 in x 8 in,,,,,,,,,,,,,,,,,,,,,,,,,Insulated Sheathing Board,Size,4 in x 8 in,,,,,,,,,,,,,,,,,,,,,,,,,,,,,,,,,,,,,,,,,,,,,,,,,,,,,,,,,,,,,,,,,,,,,,,,,,,,,,,,,,,,,,,,,,,,,,,,,,,,,,,,,,,,,,,,,,,,,,,,,,,,,,,,,,,,,,,,,,,,,,,,,,,,,,,,,,,,,,,,,,,,,,,,HuberEngineeredWoods_1506969.jpg,HuberEngineeredWoods_1506969_1.jpg,HuberEngineeredWoods_1506969_2.jpg,HuberEngineeredWoods_1506969_3.jpg,HuberEngineeredWoods_1506969_4.jpg,,,,,HuberEngineeredWoods_1506969_Specification_Sheet.pdf,,,,,,,,,,,,,,,,,,
,,,,,,,Building Materials,Structural Building Materials,Insulated Sheathing,,1514681,"1"" 4x8 Huber Zip R3.6 - Insulated R-Sheathing",-- Unbranded --,-- No Unilog Brand --,-- No DIB Brand --,-,Huber Engineered Woods,Huber Engineered Woods,,1514681,,Building Materials>Structural>Insulated Sheathing,"Huber Engineered Woods, Insulated Sheathing Board, 1514681",INSULATED SHEATHING BRD,Huber Engineered Woods 1514681 Insulated Sheathing Board With 4 in x 8 in,"Huber Engineered Woods Insulated Sheathing Board, 4 in x 8 in","Insulated Sheathing Board, 4 in x 8 in",,Size: 4 in x 8 in,,,,,,,,,,,,,,,,,,,,,,,,,Insulated Sheathing Board,Size,4 in x 8 in,,,,,,,,,,,,,,,,,,,,,,,,,,,,,,,,,,,,,,,,,,,,,,,,,,,,,,,,,,,,,,,,,,,,,,,,,,,,,,,,,,,,,,,,,,,,,,,,,,,,,,,,,,,,,,,,,,,,,,,,,,,,,,,,,,,,,,,,,,,,,,,,,,,,,,,,,,,,,,,,,,,,,,,,HuberEngineeredWoods_1514681.jpg,HuberEngineeredWoods_1514681_1.jpg,HuberEngineeredWoods_1514681_2.jpg,HuberEngineeredWoods_1514681_3.jpg,HuberEngineeredWoods_1514681_4.jpg,,,,,HuberEngineeredWoods_1514681_Specification_Sheet.pdf,,,,,,,,,,,,,,,,,,
,,,,,,,Building Materials,Structural Building Materials,Insulated Sheathing,,1514726,"2"" 4x8 Huber Zip R9.6 - Insulated R-Sheathing",-- Unbranded --,-- No Unilog Brand --,-- No DIB Brand --,-,Huber Engineered Woods,Huber Engineered Woods,,1514726,,Building Materials>Structural>Insulated Sheathing,"Huber Engineered Woods, Insulated Sheathing Board, 1514726",INSULATED SHEATHING BRD,Huber Engineered Woods 1514726 Insulated Sheathing Board With 4 in x 8 in,"Huber Engineered Woods Insulated Sheathing Board, 4 in x 8 in","Insulated Sheathing Board, 4 in x 8 in",,Size: 4 in x 8 in,,,,,,,,,,,,,,,,,,,,,,,,,Insulated Sheathing Board,Size,4 in x 8 in,,,,,,,,,,,,,,,,,,,,,,,,,,,,,,,,,,,,,,,,,,,,,,,,,,,,,,,,,,,,,,,,,,,,,,,,,,,,,,,,,,,,,,,,,,,,,,,,,,,,,,,,,,,,,,,,,,,,,,,,,,,,,,,,,,,,,,,,,,,,,,,,,,,,,,,,,,,,,,,,,,,,,,,,HuberEngineeredWoods_1514726.jpg,HuberEngineeredWoods_1514726_1.jpg,HuberEngineeredWoods_1514726_2.jpg,HuberEngineeredWoods_1514726_3.jpg,HuberEngineeredWoods_1514726_4.jpg,,,,,HuberEngineeredWoods_1514726_Specification_Sheet.pdf,,,,,,,,,,,,,,,,,,
,,,,,,,Building Materials,Drywall & Gypsum,Ceiling Tiles,,1728ABL,2x2 Black Fine Fissured 1728BL,-- Unbranded --,-- No Unilog Brand --,-- No DIB Brand --,Palmer Donavin Mfg Company (PALDO),Palmer Donavin Manufacturing Co,,,1728ABL,,Building Materials>Ceiling Systems>Ceiling Tiles,"Palmer Donavin Manufacturing Co, Ceiling Tile, 1728ABL",CLG TLE,"1728ABL Ceiling Tile With 2 in x 2 in, Black, 1728 bl","Ceiling Tile, 2 in x 2 in, Black, 1728 bl","Ceiling Tile, 2 in x 2 in, Black, 1728 bl",,Size: 2 in x 2 in,Color: Black,Package Quantity: 1728 bl,,,,,,,,,,,,,,,,,,,,,,,Ceiling Tile,Size,2 in x 2 in,,Color,Black,,Package Quantity,1728,bl,,,,,,,,,,,,,,,,,,,,,,,,,,,,,,,,,,,,,,,,,,,,,,,,,,,,,,,,,,,,,,,,,,,,,,,,,,,,,,,,,,,,,,,,,,,,,,,,,,,,,,,,,,,,,,,,,,,,,,,,,,,,,,,,,,,,,,,,,,,,,,,,,,,,,,,,,,,,,,,,,,,,,,,,,,,,,,,,,,,,,,,,,,,,
,,,,,,,Power Tools,Power Tool Accessories,Batteries & Chargers,,402-R,402R 12V12AH 8D Battery,-- Unbranded --,-- No Unilog Brand --,-- No DIB Brand --,MillerTech Energy Solutions (MILTE),MillerTech Energy Solutions,,,402-R,,Building & Hardware>Power Tools>Accessories>Batteries & Chargers,"MillerTech Energy Solutions, Battery, 402-R",BATT,402-R Battery,Battery,Battery,,,,,,,,,,,,,,,,,,,,,,,,,,,Battery,,,,,,,,,,,,,,,,,,,,,,,,,,,,,,,,,,,,,,,,,,,,,,,,,,,,,,,,,,,,,,,,,,,,,,,,,,,,,,,,,,,,,,,,,,,,,,,,,,,,,,,,,,,,,,,,,,,,,,,,,,,,,,,,,,,,,,,,,,,,,,,,,,,,,,,,,,,,,,,,,,,,,,,,,,,,,,,,,,,,,,,,,,,,,,,,,,,,,
,,,,,,,Electrical,Wiring,Power Supplies,,SL1672,SL1672 Jumpstart & Pwr Supply,-- Unbranded --,-- No Unilog Brand --,Schumacher,-,Schumacher,Schumacher,,SL1672,,Electrical>Wiring & Cable>Power Supplies,"Schumacher, Schumacher, Power Supply, SL1672",POWER SUPPLY,Schumacher SL1672 Power Supply,Schumacher Power Supply,Power Supply,,,,,,,,,,,,,,,,,,,,,,,,,,,Power Supply,,,,,,,,,,,,,,,,,,,,,,,,,,,,,,,,,,,,,,,,,,,,,,,,,,,,,,,,,,,,,,,,,,,,,,,,,,,,,,,,,,,,,,,,,,,,,,,,,,,,,,,,,,,,,,,,,,,,,,,,,,,,,,,,,,,,,,,,,,,,,,,,,,,,,,,,,,,,,,,,,,,,,,,,,,Schumacher_SL1672.jpg,Schumacher_SL1672_1.jpg,Schumacher_SL1672_2.jpg,Schumacher_SL1672_3.jpg,Schumacher_SL1672_4.jpg,,,,,Schumacher_SL1672_Specification_Sheet.pdf,,,,,,,,,,,,,,,,,,
,,,,,,,Power Tools,Power Tool Accessories,Tool Storage & Organization,,BM-DW20-YLW-6,BM-DW20-YLW-6 Dewalt - Battery Mounts 6pk,-- Unbranded --,-- No Unilog Brand --,StealthMounts,Metalmark Industrial Inc (METIN),Metalmark Industrial Inc,StealthMounts,,BM-DW20-YLW-6,,Building & Hardware>Power Tools>Accessories>Tool Storage & Organization,"Metalmark Industrial Inc, StealthMounts, Battery Mount, BM-DW20-YLW-6",BATT MNT,StealthMounts BM-DW20-YLW-6 Battery Mount With 6 pk,"StealthMounts Battery Mount, 6 pk","Battery Mount, 6 pk",,Package Quantity: 6 pk,,,,,,,,,,,,,,,,,,,,,,,,,Battery Mount,Package Quantity,6,pk,,,,,,,,,,,,,,,,,,,,,,,,,,,,,,,,,,,,,,,,,,,,,,,,,,,,,,,,,,,,,,,,,,,,,,,,,,,,,,,,,,,,,,,,,,,,,,,,,,,,,,,,,,,,,,,,,,,,,,,,,,,,,,,,,,,,,,,,,,,,,,,,,,,,,,,,,,,,,,,,,,,,,,,StealthMounts_BM-DW20-YLW-6.jpg,StealthMounts_BM-DW20-YLW-6_1.jpg,StealthMounts_BM-DW20-YLW-6_2.jpg,StealthMounts_BM-DW20-YLW-6_3.jpg,StealthMounts_BM-DW20-YLW-6_4.jpg,,,,,StealthMounts_BM-DW20-YLW-6_Specification_Sheet.pdf,,,,,,,,,,,,,,,,,,
,,,,,,,Electrical,Electrical Boxes,Box Hangers,,BHA1-UPC,16-24 Adjust Hanger,-- Unbranded --,-- No Unilog Brand --,Southwire,Southwire/g Turner (6603),Southwire Company LLC,SOUTHWIRE,,BHA1-UPC,,Electrical>Electrical Boxes & Fittings>Boxes & Accessories,"Southwire Company LLC, SOUTHWIRE, Box Hanger, BHA1-UPC",BOX HGR,SOUTHWIRE BHA1-UPC Box Hanger,SOUTHWIRE Box Hanger,Box Hanger,,,,,,,,,,,,,,,,,,,,,,,,,,,Box Hanger,,,,,,,,,,,,,,,,,,,,,,,,,,,,,,,,,,,,,,,,,,,,,,,,,,,,,,,,,,,,,,,,,,,,,,,,,,,,,,,,,,,,,,,,,,,,,,,,,,,,,,,,,,,,,,,,,,,,,,,,,,,,,,,,,,,,,,,,,,,,,,,,,,,,,,,,,,,,,,,,,,,,,,,,,,SOUTHWIRE_BHA1-UPC.jpg,SOUTHWIRE_BHA1-UPC_1.jpg,SOUTHWIRE_BHA1-UPC_2.jpg,SOUTHWIRE_BHA1-UPC_3.jpg,SOUTHWIRE_BHA1-UPC_4.jpg,,,,,SOUTHWIRE_BHA1-UPC_Specification_Sheet.pdf,,,,,,,,,,,,,,,,,,
,,,,,,,Electrical,Wall Plates,Wall Plates,,G1941-UPC,"G1941UPC 4"" Sq Cover Sw/Outlet",-- Unbranded --,-- No Unilog Brand --,Southwire,Southwire/g Turner (6603),Southwire Company LLC,SOUTHWIRE,,G1941-UPC,,Electrical>Wall Plates>Wall Plates,"Southwire Company LLC, SOUTHWIRE, Wall Plate, G1941-UPC",WALL PLATE,SOUTHWIRE G1941-UPC Wall Plate,SOUTHWIRE Wall Plate,Wall Plate,,,,,,,,,,,,,,,,,,,,,,,,,,,Wall Plate,,,,,,,,,,,,,,,,,,,,,,,,,,,,,,,,,,,,,,,,,,,,,,,,,,,,,,,,,,,,,,,,,,,,,,,,,,,,,,,,,,,,,,,,,,,,,,,,,,,,,,,,,,,,,,,,,,,,,,,,,,,,,,,,,,,,,,,,,,,,,,,,,,,,,,,,,,,,,,,,,,,,,,,,,,SOUTHWIRE_G1941-UPC.jpg,SOUTHWIRE_G1941-UPC_1.jpg,SOUTHWIRE_G1941-UPC_2.jpg,SOUTHWIRE_G1941-UPC_3.jpg,SOUTHWIRE_G1941-UPC_4.jpg,,,,,SOUTHWIRE_G1941-UPC_Specification_Sheet.pdf,,,,,,,,,,,,,,,,,,
,,,,,,,Electrical,Electrical Boxes,Electrical Boxes & Covers,,G1950-UPC,4x4 2G GFI Box Cover,-- Unbranded --,-- No Unilog Brand --,Southwire,Southwire/g Turner (6603),Southwire Company LLC,SOUTHWIRE,,G1950-UPC,,Electrical>Electrical Boxes & Fittings>Electrical Boxes & Covers,"Southwire Company LLC, SOUTHWIRE, Electrical Box, G1950-UPC",ELECTRICAL BOX,SOUTHWIRE G1950-UPC Electrical Box With 4 in x 4 in,"SOUTHWIRE Electrical Box, 4 in x 4 in","Electrical Box, 4 in x 4 in",,Size: 4 in x 4 in,,,,,,,,,,,,,,,,,,,,,,,,,Electrical Box,Size,4 in x 4 in,,,,,,,,,,,,,,,,,,,,,,,,,,,,,,,,,,,,,,,,,,,,,,,,,,,,,,,,,,,,,,,,,,,,,,,,,,,,,,,,,,,,,,,,,,,,,,,,,,,,,,,,,,,,,,,,,,,,,,,,,,,,,,,,,,,,,,,,,,,,,,,,,,,,,,,,,,,,,,,,,,,,,,,,SOUTHWIRE_G1950-UPC.jpg,SOUTHWIRE_G1950-UPC_1.jpg,SOUTHWIRE_G1950-UPC_2.jpg,SOUTHWIRE_G1950-UPC_3.jpg,SOUTHWIRE_G1950-UPC_4.jpg,,,,,SOUTHWIRE_G1950-UPC_Specification_Sheet.pdf,,,,,,,,,,,,,,,,,,
,,,,,,,Electrical,Electrical Boxes,Electrical Boxes & Covers,,A410RCAR,4x4 1G PVC Box Cover,-- Unbranded --,-- No Unilog Brand --,Carlon,Thomas & Betts (7405),ABB Installation Products Inc,Carlon,,A410RCAR,,Electrical>Electrical Boxes & Fittings>Electrical Boxes & Covers,"ABB Installation Products Inc, Carlon, Electrical Box, A410RCAR",ELECTRICAL BOX PVC,"Carlon A410RCAR Electrical Box With 4 in x 4 in, PVC","Carlon Electrical Box, 4 in x 4 in, PVC","Electrical Box, 4 in x 4 in, PVC",,Size: 4 in x 4 in,Material: PVC,,,,,,,,,,,,,,,,,,,,,,,,Electrical Box,Size,4 in x 4 in,,Material,PVC,,,,,,,,,,,,,,,,,,,,,,,,,,,,,,,,,,,,,,,,,,,,,,,,,,,,,,,,,,,,,,,,,,,,,,,,,,,,,,,,,,,,,,,,,,,,,,,,,,,,,,,,,,,,,,,,,,,,,,,,,,,,,,,,,,,,,,,,,,,,,,,,,,,,,,,,,,,,,,,,,,,,,Carlon_A410RCAR.jpg,Carlon_A410RCAR_1.jpg,Carlon_A410RCAR_2.jpg,Carlon_A410RCAR_3.jpg,Carlon_A410RCAR_4.jpg,,,,,Carlon_A410RCAR_Specification_Sheet.pdf,,,,,,,,,,,,,,,,,,
,,,,,,,Electrical,Electrical Boxes,Electrical Boxes & Covers,,G1951-UPC,4x4 2G GFCI Duplex Box Cover,-- Unbranded --,-- No Unilog Brand --,Southwire,Southwire/g Turner (6603),Southwire Company LLC,SOUTHWIRE,,G1951-UPC,,Electrical>Electrical Boxes & Fittings>Electrical Boxes & Covers,"Southwire Company LLC, SOUTHWIRE, Electrical Box, G1951-UPC",ELECTRICAL BOX,SOUTHWIRE G1951-UPC Electrical Box With 4 in x 4 in,"SOUTHWIRE Electrical Box, 4 in x 4 in","Electrical Box, 4 in x 4 in",,Size: 4 in x 4 in,,,,,,,,,,,,,,,,,,,,,,,,,Electrical Box,Size,4 in x 4 in,,,,,,,,,,,,,,,,,,,,,,,,,,,,,,,,,,,,,,,,,,,,,,,,,,,,,,,,,,,,,,,,,,,,,,,,,,,,,,,,,,,,,,,,,,,,,,,,,,,,,,,,,,,,,,,,,,,,,,,,,,,,,,,,,,,,,,,,,,,,,,,,,,,,,,,,,,,,,,,,,,,,,,,,SOUTHWIRE_G1951-UPC.jpg,SOUTHWIRE_G1951-UPC_1.jpg,SOUTHWIRE_G1951-UPC_2.jpg,SOUTHWIRE_G1951-UPC_3.jpg,SOUTHWIRE_G1951-UPC_4.jpg,,,,,SOUTHWIRE_G1951-UPC_Specification_Sheet.pdf,,,,,,,,,,,,,,,,,,
,,,,,,,Electrical,Electrical Boxes,Electrical Boxes & Covers,,52C3-5/8-UPC,4x4 1G Box Cover,-- Unbranded --,-- No Unilog Brand --,Southwire,Southwire/g Turner (6603),Southwire Company LLC,SOUTHWIRE,,52C3-5/8-UPC,,Electrical>Electrical Boxes & Fittings>Electrical Boxes & Covers,"Southwire Company LLC, SOUTHWIRE, Electrical Box, 52C3-5/8-UPC",ELECTRICAL BOX,SOUTHWIRE 52C3-5/8-UPC Electrical Box With 4 in x 4 in,"SOUTHWIRE Electrical Box, 4 in x 4 in","Electrical Box, 4 in x 4 in",,Size: 4 in x 4 in,,,,,,,,,,,,,,,,,,,,,,,,,Electrical Box,Size,4 in x 4 in,,,,,,,,,,,,,,,,,,,,,,,,,,,,,,,,,,,,,,,,,,,,,,,,,,,,,,,,,,,,,,,,,,,,,,,,,,,,,,,,,,,,,,,,,,,,,,,,,,,,,,,,,,,,,,,,,,,,,,,,,,,,,,,,,,,,,,,,,,,,,,,,,,,,,,,,,,,,,,,,,,,,,,,,SOUTHWIRE_52C3-58-UPC.jpg,SOUTHWIRE_52C3-58-UPC_1.jpg,SOUTHWIRE_52C3-58-UPC_2.jpg,SOUTHWIRE_52C3-58-UPC_3.jpg,SOUTHWIRE_52C3-58-UPC_4.jpg,,,,,SOUTHWIRE_52C3-58-UPC_Specification_Sheet.pdf,,,,,,,,,,,,,,,,,,
,,,,,,,Electrical,Electrical Boxes,Electrical Boxes & Covers,,52C14-5/8-UPC,4x4 1G Box Cover,-- Unbranded --,-- No Unilog Brand --,Southwire,Southwire/g Turner (6603),Southwire Company LLC,SOUTHWIRE,,52C14-5/8-UPC,,Electrical>Electrical Boxes & Fittings>Electrical Boxes & Covers,"Southwire Company LLC, SOUTHWIRE, Electrical Box, 52C14-5/8-UPC",ELECTRICAL BOX,SOUTHWIRE 52C14-5/8-UPC Electrical Box With 4 in x 4 in,"SOUTHWIRE Electrical Box, 4 in x 4 in","Electrical Box, 4 in x 4 in",,Size: 4 in x 4 in,,,,,,,,,,,,,,,,,,,,,,,,,Electrical Box,Size,4 in x 4 in,,,,,,,,,,,,,,,,,,,,,,,,,,,,,,,,,,,,,,,,,,,,,,,,,,,,,,,,,,,,,,,,,,,,,,,,,,,,,,,,,,,,,,,,,,,,,,,,,,,,,,,,,,,,,,,,,,,,,,,,,,,,,,,,,,,,,,,,,,,,,,,,,,,,,,,,,,,,,,,,,,,,,,,,SOUTHWIRE_52C14-58-UPC.jpg,SOUTHWIRE_52C14-58-UPC_1.jpg,SOUTHWIRE_52C14-58-UPC_2.jpg,SOUTHWIRE_52C14-58-UPC_3.jpg,SOUTHWIRE_52C14-58-UPC_4.jpg,,,,,SOUTHWIRE_52C14-58-UPC_Specification_Sheet.pdf,,,,,,,,,,,,,,,,,,
,,,,,,,Electrical,Electrical Boxes,Electrical Boxes & Covers,,52C3-UPC,4x4 1G Box Cover,-- Unbranded --,-- No Unilog Brand --,Southwire,Southwire/g Turner (6603),Southwire Company LLC,SOUTHWIRE,,52C3-UPC,,Electrical>Electrical Boxes & Fittings>Electrical Boxes & Covers,"Southwire Company LLC, SOUTHWIRE, Electrical Box, 52C3-UPC",ELECTRICAL BOX,SOUTHWIRE 52C3-UPC Electrical Box With 4 in x 4 in,"SOUTHWIRE Electrical Box, 4 in x 4 in","Electrical Box, 4 in x 4 in",,Size: 4 in x 4 in,,,,,,,,,,,,,,,,,,,,,,,,,Electrical Box,Size,4 in x 4 in,,,,,,,,,,,,,,,,,,,,,,,,,,,,,,,,,,,,,,,,,,,,,,,,,,,,,,,,,,,,,,,,,,,,,,,,,,,,,,,,,,,,,,,,,,,,,,,,,,,,,,,,,,,,,,,,,,,,,,,,,,,,,,,,,,,,,,,,,,,,,,,,,,,,,,,,,,,,,,,,,,,,,,,,SOUTHWIRE_52C3-UPC.jpg,SOUTHWIRE_52C3-UPC_1.jpg,SOUTHWIRE_52C3-UPC_2.jpg,SOUTHWIRE_52C3-UPC_3.jpg,SOUTHWIRE_52C3-UPC_4.jpg,,,,,SOUTHWIRE_52C3-UPC_Specification_Sheet.pdf,,,,,,,,,,,,,,,,,,
,,,,,,,Electrical,Electrical Boxes,Electrical Boxes & Covers,,54151-F-UPC,4x4x1-1/2 Oct Box w/Bracket,-- Unbranded --,-- No Unilog Brand --,Southwire,Southwire/g Turner (6603),Southwire Company LLC,SOUTHWIRE,,54151-F-UPC,,Electrical>Electrical Boxes & Fittings>Electrical Boxes & Covers,"Southwire Company LLC, SOUTHWIRE, Electrical Box, 54151-F-UPC",ELECTRICAL BOX,SOUTHWIRE 54151-F-UPC Electrical Box With 4 in,"SOUTHWIRE Electrical Box, 4 in","Electrical Box, 4 in",,Size: 4 in,,,,,,,,,,,,,,,,,,,,,,,,,Electrical Box,Size,4 in,,,,,,,,,,,,,,,,,,,,,,,,,,,,,,,,,,,,,,,,,,,,,,,,,,,,,,,,,,,,,,,,,,,,,,,,,,,,,,,,,,,,,,,,,,,,,,,,,,,,,,,,,,,,,,,,,,,,,,,,,,,,,,,,,,,,,,,,,,,,,,,,,,,,,,,,,,,,,,,,,,,,,,,,SOUTHWIRE_54151-F-UPC.jpg,SOUTHWIRE_54151-F-UPC_1.jpg,SOUTHWIRE_54151-F-UPC_2.jpg,SOUTHWIRE_54151-F-UPC_3.jpg,SOUTHWIRE_54151-F-UPC_4.jpg,,,,,SOUTHWIRE_54151-F-UPC_Specification_Sheet.pdf,,,,,,,,,,,,,,,,,,
,,,,,,,Electrical,Electrical Boxes,Electrical Boxes & Covers,,54151-HUR-UPC,4x4x1-1/2 Oct Box w/Hanger,-- Unbranded --,-- No Unilog Brand --,Southwire,Southwire/g Turner (6603),Southwire Company LLC,SOUTHWIRE,,54151-HUR-UPC,,Electrical>Electrical Boxes & Fittings>Electrical Boxes & Covers,"Southwire Company LLC, SOUTHWIRE, Electrical Box, 54151-HUR-UPC",ELECTRICAL BOX,SOUTHWIRE 54151-HUR-UPC Electrical Box With 4 in,"SOUTHWIRE Electrical Box, 4 in","Electrical Box, 4 in",,Size: 4 in,,,,,,,,,,,,,,,,,,,,,,,,,Electrical Box,Size,4 in,,,,,,,,,,,,,,,,,,,,,,,,,,,,,,,,,,,,,,,,,,,,,,,,,,,,,,,,,,,,,,,,,,,,,,,,,,,,,,,,,,,,,,,,,,,,,,,,,,,,,,,,,,,,,,,,,,,,,,,,,,,,,,,,,,,,,,,,,,,,,,,,,,,,,,,,,,,,,,,,,,,,,,,,SOUTHWIRE_54151-HUR-UPC.jpg,SOUTHWIRE_54151-HUR-UPC_1.jpg,SOUTHWIRE_54151-HUR-UPC_2.jpg,SOUTHWIRE_54151-HUR-UPC_3.jpg,SOUTHWIRE_54151-HUR-UPC_4.jpg,,,,,SOUTHWIRE_54151-HUR-UPC_Specification_Sheet.pdf,,,,,,,,,,,,,,,,,,
,,,,,,,Electrical,Electrical Boxes,Electrical Boxes & Covers,,54151-JR-UPC,4x4x1-1/2 Oct Box w/Brakcet,-- Unbranded --,-- No Unilog Brand --,Southwire,Southwire/g Turner (6603),Southwire Company LLC,SOUTHWIRE,,54151-JR-UPC,,Electrical>Electrical Boxes & Fittings>Electrical Boxes & Covers,"Southwire Company LLC, SOUTHWIRE, Electrical Box, 54151-JR-UPC",ELECTRICAL BOX,SOUTHWIRE 54151-JR-UPC Electrical Box With 4 in,"SOUTHWIRE Electrical Box, 4 in","Electrical Box, 4 in",,Size: 4 in,,,,,,,,,,,,,,,,,,,,,,,,,Electrical Box,Size,4 in,,,,,,,,,,,,,,,,,,,,,,,,,,,,,,,,,,,,,,,,,,,,,,,,,,,,,,,,,,,,,,,,,,,,,,,,,,,,,,,,,,,,,,,,,,,,,,,,,,,,,,,,,,,,,,,,,,,,,,,,,,,,,,,,,,,,,,,,,,,,,,,,,,,,,,,,,,,,,,,,,,,,,,,,SOUTHWIRE_54151-JR-UPC.jpg,SOUTHWIRE_54151-JR-UPC_1.jpg,SOUTHWIRE_54151-JR-UPC_2.jpg,SOUTHWIRE_54151-JR-UPC_3.jpg,SOUTHWIRE_54151-JR-UPC_4.jpg,,,,,SOUTHWIRE_54151-JR-UPC_Specification_Sheet.pdf,,,,,,,,,,,,,,,,,,
,,,,,,,Electrical,Electrical Boxes,Electrical Boxes & Covers,,54171-R-UPC,4x4x2 Oct Box,-- Unbranded --,-- No Unilog Brand --,Southwire,Southwire/g Turner (6603),Southwire Company LLC,SOUTHWIRE,,54171-R-UPC,,Electrical>Electrical Boxes & Fittings>Electrical Boxes & Covers,"Southwire Company LLC, SOUTHWIRE, Electrical Box, 54171-R-UPC",ELECTRICAL BOX,SOUTHWIRE 54171-R-UPC Electrical Box With 4 in,"SOUTHWIRE Electrical Box, 4 in","Electrical Box, 4 in",,Size: 4 in,,,,,,,,,,,,,,,,,,,,,,,,,Electrical Box,Size,4 in,,,,,,,,,,,,,,,,,,,,,,,,,,,,,,,,,,,,,,,,,,,,,,,,,,,,,,,,,,,,,,,,,,,,,,,,,,,,,,,,,,,,,,,,,,,,,,,,,,,,,,,,,,,,,,,,,,,,,,,,,,,,,,,,,,,,,,,,,,,,,,,,,,,,,,,,,,,,,,,,,,,,,,,,SOUTHWIRE_54171-R-UPC.jpg,SOUTHWIRE_54171-R-UPC_1.jpg,SOUTHWIRE_54171-R-UPC_2.jpg,SOUTHWIRE_54171-R-UPC_3.jpg,SOUTHWIRE_54171-R-UPC_4.jpg,,,,,SOUTHWIRE_54171-R-UPC_Specification_Sheet.pdf,,,,,,,,,,,,,,,,,,
,,,,,,,Electrical,Electrical Boxes,Electrical Boxes & Covers,,52151-S-UPC,4x4x1-1/2 Square Box,-- Unbranded --,-- No Unilog Brand --,Southwire,Southwire/g Turner (6603),Southwire Company LLC,SOUTHWIRE,,52151-S-UPC,,Electrical>Electrical Boxes & Fittings>Electrical Boxes & Covers,"Southwire Company LLC, SOUTHWIRE, Electrical Box, 52151-S-UPC",ELECTRICAL BOX,SOUTHWIRE 52151-S-UPC Electrical Box With 4 in,"SOUTHWIRE Electrical Box, 4 in","Electrical Box, 4 in",,Size: 4 in,,,,,,,,,,,,,,,,,,,,,,,,,Electrical Box,Size,4 in,,,,,,,,,,,,,,,,,,,,,,,,,,,,,,,,,,,,,,,,,,,,,,,,,,,,,,,,,,,,,,,,,,,,,,,,,,,,,,,,,,,,,,,,,,,,,,,,,,,,,,,,,,,,,,,,,,,,,,,,,,,,,,,,,,,,,,,,,,,,,,,,,,,,,,,,,,,,,,,,,,,,,,,,SOUTHWIRE_52151-S-UPC.jpg,SOUTHWIRE_52151-S-UPC_1.jpg,SOUTHWIRE_52151-S-UPC_2.jpg,SOUTHWIRE_52151-S-UPC_3.jpg,SOUTHWIRE_52151-S-UPC_4.jpg,,,,,SOUTHWIRE_52151-S-UPC_Specification_Sheet.pdf,,,,,,,,,,,,,,,,,,
,,,,,,,Electrical,Electrical Boxes,Electrical Boxes & Covers,,72171-3/4-1W-UPC,4-1/2x4-1/2x2 2G Box,-- Unbranded --,-- No Unilog Brand --,Southwire,Southwire/g Turner (6603),Southwire Company LLC,SOUTHWIRE,,72171-3/4-1W-UPC,,Electrical>Electrical Boxes & Fittings>Electrical Boxes & Covers,"Southwire Company LLC, SOUTHWIRE, Electrical Box, 72171-3/4-1W-UPC",ELECTRICAL BOX,SOUTHWIRE 72171-3/4-1W-UPC Electrical Box With 4-1/2 in,"SOUTHWIRE Electrical Box, 4-1/2 in","Electrical Box, 4-1/2 in",,Size: 4-1/2 in,,,,,,,,,,,,,,,,,,,,,,,,,Electrical Box,Size,4-1/2 in,,,,,,,,,,,,,,,,,,,,,,,,,,,,,,,,,,,,,,,,,,,,,,,,,,,,,,,,,,,,,,,,,,,,,,,,,,,,,,,,,,,,,,,,,,,,,,,,,,,,,,,,,,,,,,,,,,,,,,,,,,,,,,,,,,,,,,,,,,,,,,,,,,,,,,,,,,,,,,,,,,,,,,,,SOUTHWIRE_72171-34-1W-UPC.jpg,SOUTHWIRE_72171-34-1W-UPC_1.jpg,SOUTHWIRE_72171-34-1W-UPC_2.jpg,SOUTHWIRE_72171-34-1W-UPC_3.jpg,SOUTHWIRE_72171-34-1W-UPC_4.jpg,,,,,SOUTHWIRE_72171-34-1W-UPC_Specification_Sheet.pdf,,,,,,,,,,,,,,,,,,
,,,,,,,Electrical,Wall Plates,Wall Plates,,5522-5EV,5522-5EV 2 Port Decor Plate,-- Unbranded --,-- No Unilog Brand --,-- No DIB Brand --,Cooper Wiring Devices (3560),Eaton Corporation,,,5522-5EV,,Electrical>Wall Plates>Wall Plates,"Eaton Corporation, Wall Plate, 5522-5EV",WALL PLATE,5522-5EV Wall Plate,Wall Plate,Wall Plate,,,,,,,,,,,,,,,,,,,,,,,,,,,Wall Plate,,,,,,,,,,,,,,,,,,,,,,,,,,,,,,,,,,,,,,,,,,,,,,,,,,,,,,,,,,,,,,,,,,,,,,,,,,,,,,,,,,,,,,,,,,,,,,,,,,,,,,,,,,,,,,,,,,,,,,,,,,,,,,,,,,,,,,,,,,,,,,,,,,,,,,,,,,,,,,,,,,,,,,,,,,,,,,,,,,,,,,,,,,,,,,,,,,,,,
,,,,,,,Electrical,Switches,Dimmers,,AYCL-153PH-LA,AYCL-153PH-LA Lutron Dimmer LA,-- Unbranded --,-- No Unilog Brand --,-- No DIB Brand --,Fenton Bros Electric Inc (FENBR),Fenton Bros Electric Inc,Lutron,,AYCL-153PH-LA,,Electrical>Switches>Dimmers,"Fenton Bros Electric Inc, Lutron, Dimmer, AYCL-153PH-LA",DIM,Lutron AYCL-153PH-LA Dimmer,Lutron Dimmer,Dimmer,,,,,,,,,,,,,,,,,,,,,,,,,,,Dimmer,,,,,,,,,,,,,,,,,,,,,,,,,,,,,,,,,,,,,,,,,,,,,,,,,,,,,,,,,,,,,,,,,,,,,,,,,,,,,,,,,,,,,,,,,,,,,,,,,,,,,,,,,,,,,,,,,,,,,,,,,,,,,,,,,,,,,,,,,,,,,,,,,,,,,,,,,,,,,,,,,,,,,,,,,,Lutron_AYCL-153PH-LA.jpg,Lutron_AYCL-153PH-LA_1.jpg,Lutron_AYCL-153PH-LA_2.jpg,Lutron_AYCL-153PH-LA_3.jpg,Lutron_AYCL-153PH-LA_4.jpg,,,,,Lutron_AYCL-153PH-LA_Specification_Sheet.pdf,,,,,,,,,,,,,,,,,,
,,,,,,,Electrical,Switches,Dimmers,,AYCL-153PH-WH,AYCL-153PH-WH Lutron Dimmer Wh,-- Unbranded --,-- No Unilog Brand --,-- No DIB Brand --,Fenton Bros Electric Inc (FENBR),Fenton Bros Electric Inc,Lutron,,AYCL-153PH-WH,,Electrical>Switches>Dimmers,"Fenton Bros Electric Inc, Lutron, Dimmer, AYCL-153PH-WH",DIM,Lutron AYCL-153PH-WH Dimmer With White,"Lutron Dimmer, White","Dimmer, White",,Color: White,Finish: White,,,,,,,,,,,,,,,,,,,,,,,,Dimmer,Color,White,,Finish,White,,,,,,,,,,,,,,,,,,,,,,,,,,,,,,,,,,,,,,,,,,,,,,,,,,,,,,,,,,,,,,,,,,,,,,,,,,,,,,,,,,,,,,,,,,,,,,,,,,,,,,,,,,,,,,,,,,,,,,,,,,,,,,,,,,,,,,,,,,,,,,,,,,,,,,,,,,,,,,,,,,,,,Lutron_AYCL-153PH-WH.jpg,Lutron_AYCL-153PH-WH_1.jpg,Lutron_AYCL-153PH-WH_2.jpg,Lutron_AYCL-153PH-WH_3.jpg,Lutron_AYCL-153PH-WH_4.jpg,,,,,Lutron_AYCL-153PH-WH_Specification_Sheet.pdf,,,,,,,,,,,,,,,,,,
,,,,,,,Electrical,Switches,Dimmers,,D23LP-R02-1RW,D23LPR021RW Plug In Dimmer Wh,-- Unbranded --,-- No Unilog Brand --,Leviton,Leviton Mfg Co (4927),Leviton Manufacturing Co Inc,Leviton,,D23LP-R02-1RW,,Electrical>Switches>Dimmers,"Leviton Manufacturing Co Inc, Leviton, Dimmer, D23LP-R02-1RW",DIM,Leviton D23LP-R02-1RW Dimmer With White,"Leviton Dimmer, White","Dimmer, White",,Color: White,Finish: White,,,,,,,,,,,,,,,,,,,,,,,,Dimmer,Color,White,,Finish,White,,,,,,,,,,,,,,,,,,,,,,,,,,,,,,,,,,,,,,,,,,,,,,,,,,,,,,,,,,,,,,,,,,,,,,,,,,,,,,,,,,,,,,,,,,,,,,,,,,,,,,,,,,,,,,,,,,,,,,,,,,,,,,,,,,,,,,,,,,,,,,,,,,,,,,,,,,,,,,,,,,,,,Leviton_D23LP-R02-1RW.jpg,Leviton_D23LP-R02-1RW_1.jpg,Leviton_D23LP-R02-1RW_2.jpg,Leviton_D23LP-R02-1RW_3.jpg,Leviton_D23LP-R02-1RW_4.jpg,,,,,Leviton_D23LP-R02-1RW_Specification_Sheet.pdf,,,,,,,,,,,,,,,,,,
,,,,,,,Electrical,Switches,Timers,,TNOCD002,TNOCD002 125V Outdooor Timer,-- Unbranded --,-- No Unilog Brand --,Prime,Prime Wire & Cable (3562),Prime Wire & Cable Inc,Prime,,TNOCD002,,Electrical>Switches>Timers,"Prime Wire & Cable Inc, Prime, Timer, TNOCD002",TMR 125V,Prime TNOCD002 Timer With 125 V,"Prime Timer, 125 V","Timer, 125 V",,Voltage Rating: 125 V,,,,,,,,,,,,,,,,,,,,,,,,,Timer,Voltage Rating,125,V,,,,,,,,,,,,,,,,,,,,,,,,,,,,,,,,,,,,,,,,,,,,,,,,,,,,,,,,,,,,,,,,,,,,,,,,,,,,,,,,,,,,,,,,,,,,,,,,,,,,,,,,,,,,,,,,,,,,,,,,,,,,,,,,,,,,,,,,,,,,,,,,,,,,,,,,,,,,,,,,,,,,,,,Prime_TNOCD002.jpg,Prime_TNOCD002_1.jpg,Prime_TNOCD002_2.jpg,Prime_TNOCD002_3.jpg,Prime_TNOCD002_4.jpg,,,,,Prime_TNOCD002_Specification_Sheet.pdf,,,,,,,,,,,,,,,,,,
,,,,,,,Electrical,Switches,Timers,,TNDHD002,TNDHD002 125V 7Day Timer,-- Unbranded --,-- No Unilog Brand --,Prime,Prime Wire & Cable (3562),Prime Wire & Cable Inc,Prime,,TNDHD002,,Electrical>Switches>Timers,"Prime Wire & Cable Inc, Prime, Timer, TNDHD002",TMR 125V,Prime TNDHD002 Timer With 125 V,"Prime Timer, 125 V","Timer, 125 V",,Voltage Rating: 125 V,,,,,,,,,,,,,,,,,,,,,,,,,Timer,Voltage Rating,125,V,,,,,,,,,,,,,,,,,,,,,,,,,,,,,,,,,,,,,,,,,,,,,,,,,,,,,,,,,,,,,,,,,,,,,,,,,,,,,,,,,,,,,,,,,,,,,,,,,,,,,,,,,,,,,,,,,,,,,,,,,,,,,,,,,,,,,,,,,,,,,,,,,,,,,,,,,,,,,,,,,,,,,,,Prime_TNDHD002.jpg,Prime_TNDHD002_1.jpg,Prime_TNDHD002_2.jpg,Prime_TNDHD002_3.jpg,Prime_TNDHD002_4.jpg,,,,,Prime_TNDHD002_Specification_Sheet.pdf,,,,,,,,,,,,,,,,,,
,,,,,,,Electrical,Switches,Timers,,TNIDP12,TNIDP12 125V Dig Indoor Timer,-- Unbranded --,-- No Unilog Brand --,Prime,Prime Wire & Cable (3562),Prime Wire & Cable Inc,Prime,,TNIDP12,,Electrical>Switches>Timers,"Prime Wire & Cable Inc, Prime, Timer, TNIDP12",TMR 125V,Prime TNIDP12 Timer With 125 V,"Prime Timer, 125 V","Timer, 125 V",,Voltage Rating: 125 V,,,,,,,,,,,,,,,,,,,,,,,,,Timer,Voltage Rating,125,V,,,,,,,,,,,,,,,,,,,,,,,,,,,,,,,,,,,,,,,,,,,,,,,,,,,,,,,,,,,,,,,,,,,,,,,,,,,,,,,,,,,,,,,,,,,,,,,,,,,,,,,,,,,,,,,,,,,,,,,,,,,,,,,,,,,,,,,,,,,,,,,,,,,,,,,,,,,,,,,,,,,,,,,Prime_TNIDP12.jpg,Prime_TNIDP12_1.jpg,Prime_TNIDP12_2.jpg,Prime_TNIDP12_3.jpg,Prime_TNIDP12_4.jpg,,,,,Prime_TNIDP12_Specification_Sheet.pdf,,,,,,,,,,,,,,,,,,
,,,,,,,Electrical,Switches,Timers,,TNIW24,TNIW24 125V 24hr Mech Timer,-- Unbranded --,-- No Unilog Brand --,Prime,Prime Wire & Cable (3562),Prime Wire & Cable Inc,Prime,,TNIW24,,Electrical>Switches>Timers,"Prime Wire & Cable Inc, Prime, Timer, TNIW24",TMR 125V,Prime TNIW24 Timer With 125 V,"Prime Timer, 125 V","Timer, 125 V",,Voltage Rating: 125 V,,,,,,,,,,,,,,,,,,,,,,,,,Timer,Voltage Rating,125,V,,,,,,,,,,,,,,,,,,,,,,,,,,,,,,,,,,,,,,,,,,,,,,,,,,,,,,,,,,,,,,,,,,,,,,,,,,,,,,,,,,,,,,,,,,,,,,,,,,,,,,,,,,,,,,,,,,,,,,,,,,,,,,,,,,,,,,,,,,,,,,,,,,,,,,,,,,,,,,,,,,,,,,,Prime_TNIW24.jpg,Prime_TNIW24_1.jpg,Prime_TNIW24_2.jpg,Prime_TNIW24_3.jpg,Prime_TNIW24_4.jpg,,,,,Prime_TNIW24_Specification_Sheet.pdf,,,,,,,,,,,,,,,,,,
,,,,,,,Lighting,Light Bulbs,LED Light Bulbs,,65-1222,65-1222 1' Led Lt Multi CCT,-- Unbranded --,-- No Unilog Brand --,-- No DIB Brand --,Satco Prod Inc (5573),Satco Products Inc,Satco,,65-1222,,Lighting>Light Bulbs>LED Light Bulbs,"Satco Products Inc, Satco, LED Bulb, 65-1222",LED BLB,Satco 65-1222 LED Bulb,Satco LED Bulb,LED Bulb,,,,,,,,,,,,,,,,,,,,,,,,,,,LED Bulb,,,,,,,,,,,,,,,,,,,,,,,,,,,,,,,,,,,,,,,,,,,,,,,,,,,,,,,,,,,,,,,,,,,,,,,,,,,,,,,,,,,,,,,,,,,,,,,,,,,,,,,,,,,,,,,,,,,,,,,,,,,,,,,,,,,,,,,,,,,,,,,,,,,,,,,,,,,,,,,,,,,,,,,,,,Satco_65-1222.jpg,Satco_65-1222_1.jpg,Satco_65-1222_2.jpg,Satco_65-1222_3.jpg,Satco_65-1222_4.jpg,,,,,Satco_65-1222_Specification_Sheet.pdf,,,,,,,,,,,,,,,,,,
,,,,,,,Lighting,Indoor Lighting,LED Tape & Strip Lights,,65-1224,65-1224 4' Led Strip Light,-- Unbranded --,-- No Unilog Brand --,Satco,Satco Prod Inc (5573),Satco Products Inc,Satco,,65-1224,,Lighting>Indoor Lighting>LED Tape & Strip Lights,"Satco Products Inc, Satco, LED Strip Light, 65-1224",LED STRP LT,Satco 65-1224 LED Strip Light,Satco LED Strip Light,LED Strip Light,,,,,,,,,,,,,,,,,,,,,,,,,,,LED Strip Light,,,,,,,,,,,,,,,,,,,,,,,,,,,,,,,,,,,,,,,,,,,,,,,,,,,,,,,,,,,,,,,,,,,,,,,,,,,,,,,,,,,,,,,,,,,,,,,,,,,,,,,,,,,,,,,,,,,,,,,,,,,,,,,,,,,,,,,,,,,,,,,,,,,,,,,,,,,,,,,,,,,,,,,,,,Satco_65-1224.jpg,Satco_65-1224_1.jpg,Satco_65-1224_2.jpg,Satco_65-1224_3.jpg,Satco_65-1224_4.jpg,,,,,Satco_65-1224_Specification_Sheet.pdf,,,,,,,,,,,,,,,,,,
,,,,,,,Lighting,Indoor Lighting,Wall Lights,,45297BK,45297BK Kichler Wall Lt,-- Unbranded --,-- No Unilog Brand --,-- No DIB Brand --,Kichler Lighting (KICLI),Kichler Lighting LLC,KICHLER,,45297BK,,Lighting>Indoor Lighting>Wall Lights,"Kichler Lighting LLC, KICHLER, Wall Light, 45297BK",WALL LT,KICHLER 45297BK Wall Light,KICHLER Wall Light,Wall Light,,,,,,,,,,,,,,,,,,,,,,,,,,,Wall Light,,,,,,,,,,,,,,,,,,,,,,,,,,,,,,,,,,,,,,,,,,,,,,,,,,,,,,,,,,,,,,,,,,,,,,,,,,,,,,,,,,,,,,,,,,,,,,,,,,,,,,,,,,,,,,,,,,,,,,,,,,,,,,,,,,,,,,,,,,,,,,,,,,,,,,,,,,,,,,,,,,,,,,,,,,KICHLER_45297BK.jpg,KICHLER_45297BK_1.jpg,KICHLER_45297BK_2.jpg,KICHLER_45297BK_3.jpg,KICHLER_45297BK_4.jpg,,,,,KICHLER_45297BK_Specification_Sheet.pdf,,,,,,,,,,,,,,,,,,
,,,,,,,Lighting,Indoor Lighting,Wall Lights,,45573BK,45573BK Kichler Wall Light,-- Unbranded --,-- No Unilog Brand --,-- No DIB Brand --,Kichler Lighting (KICLI),Kichler Lighting LLC,KICHLER,,45573BK,,Lighting>Indoor Lighting>Wall Lights,"Kichler Lighting LLC, KICHLER, Wall Light, 45573BK",WALL LT,KICHLER 45573BK Wall Light,KICHLER Wall Light,Wall Light,,,,,,,,,,,,,,,,,,,,,,,,,,,Wall Light,,,,,,,,,,,,,,,,,,,,,,,,,,,,,,,,,,,,,,,,,,,,,,,,,,,,,,,,,,,,,,,,,,,,,,,,,,,,,,,,,,,,,,,,,,,,,,,,,,,,,,,,,,,,,,,,,,,,,,,,,,,,,,,,,,,,,,,,,,,,,,,,,,,,,,,,,,,,,,,,,,,,,,,,,,KICHLER_45573BK.jpg,KICHLER_45573BK_1.jpg,KICHLER_45573BK_2.jpg,KICHLER_45573BK_3.jpg,KICHLER_45573BK_4.jpg,,,,,KICHLER_45573BK_Specification_Sheet.pdf,,,,,,,,,,,,,,,,,,
,,,,,,,Lighting,Indoor Lighting,Wall Lights,,37418A,37418A Kichler Bath Light,-- Unbranded --,-- No Unilog Brand --,-- No DIB Brand --,Kichler Lighting (KICLI),Kichler Lighting LLC,KICHLER,,37418A,,Lighting>Indoor Lighting>Wall Lights,"Kichler Lighting LLC, KICHLER, Wall Light, 37418A",WALL LT 37418A,KICHLER 37418A Wall Light With 37418 A,"KICHLER Wall Light, 37418 A","Wall Light, 37418 A",,Amperage Rating: 37418 A,,,,,,,,,,,,,,,,,,,,,,,,,Wall Light,Amperage Rating,37418,A,,,,,,,,,,,,,,,,,,,,,,,,,,,,,,,,,,,,,,,,,,,,,,,,,,,,,,,,,,,,,,,,,,,,,,,,,,,,,,,,,,,,,,,,,,,,,,,,,,,,,,,,,,,,,,,,,,,,,,,,,,,,,,,,,,,,,,,,,,,,,,,,,,,,,,,,,,,,,,,,,,,,,,,KICHLER_37418A.jpg,KICHLER_37418A_1.jpg,KICHLER_37418A_2.jpg,KICHLER_37418A_3.jpg,KICHLER_37418A_4.jpg,,,,,KICHLER_37418A_Specification_Sheet.pdf,,,,,,,,,,,,,,,,,,
,,,,,,,Lighting,Indoor Lighting,Wall Lights,,37423A,37423A Kichler Bath Light,-- Unbranded --,-- No Unilog Brand --,-- No DIB Brand --,Kichler Lighting (KICLI),Kichler Lighting LLC,KICHLER,,37423A,,Lighting>Indoor Lighting>Wall Lights,"Kichler Lighting LLC, KICHLER, Wall Light, 37423A",WALL LT 37423A,KICHLER 37423A Wall Light With 37423 A,"KICHLER Wall Light, 37423 A","Wall Light, 37423 A",,Amperage Rating: 37423 A,,,,,,,,,,,,,,,,,,,,,,,,,Wall Light,Amperage Rating,37423,A,,,,,,,,,,,,,,,,,,,,,,,,,,,,,,,,,,,,,,,,,,,,,,,,,,,,,,,,,,,,,,,,,,,,,,,,,,,,,,,,,,,,,,,,,,,,,,,,,,,,,,,,,,,,,,,,,,,,,,,,,,,,,,,,,,,,,,,,,,,,,,,,,,,,,,,,,,,,,,,,,,,,,,,KICHLER_37423A.jpg,KICHLER_37423A_1.jpg,KICHLER_37423A_2.jpg,KICHLER_37423A_3.jpg,KICHLER_37423A_4.jpg,,,,,KICHLER_37423A_Specification_Sheet.pdf,,,,,,,,,,,,,,,,,,
,,,,,,,Lighting,Indoor Lighting,Wall Lights,,45496BKCLR,45496BKCLR Kichler Bath Light,-- Unbranded --,-- No Unilog Brand --,-- No DIB Brand --,Kichler Lighting (KICLI),Kichler Lighting LLC,KICHLER,,45496BKCLR,,Lighting>Indoor Lighting>Wall Lights,"Kichler Lighting LLC, KICHLER, Wall Light, 45496BKCLR",WALL LT,KICHLER 45496BKCLR Wall Light,KICHLER Wall Light,Wall Light,,,,,,,,,,,,,,,,,,,,,,,,,,,Wall Light,,,,,,,,,,,,,,,,,,,,,,,,,,,,,,,,,,,,,,,,,,,,,,,,,,,,,,,,,,,,,,,,,,,,,,,,,,,,,,,,,,,,,,,,,,,,,,,,,,,,,,,,,,,,,,,,,,,,,,,,,,,,,,,,,,,,,,,,,,,,,,,,,,,,,,,,,,,,,,,,,,,,,,,,,,KICHLER_45496BKCLR.jpg,KICHLER_45496BKCLR_1.jpg,KICHLER_45496BKCLR_2.jpg,KICHLER_45496BKCLR_3.jpg,KICHLER_45496BKCLR_4.jpg,,,,,KICHLER_45496BKCLR_Specification_Sheet.pdf,,,,,,,,,,,,,,,,,,
,,,,,,,Lighting,Indoor Lighting,Wall Lights,,45973BK,45973BK Kichler Wall Light,-- Unbranded --,-- No Unilog Brand --,-- No DIB Brand --,Kichler Lighting (KICLI),Kichler Lighting LLC,KICHLER,,45973BK,,Lighting>Indoor Lighting>Wall Lights,"Kichler Lighting LLC, KICHLER, Wall Light, 45973BK",WALL LT,KICHLER 45973BK Wall Light,KICHLER Wall Light,Wall Light,,,,,,,,,,,,,,,,,,,,,,,,,,,Wall Light,,,,,,,,,,,,,,,,,,,,,,,,,,,,,,,,,,,,,,,,,,,,,,,,,,,,,,,,,,,,,,,,,,,,,,,,,,,,,,,,,,,,,,,,,,,,,,,,,,,,,,,,,,,,,,,,,,,,,,,,,,,,,,,,,,,,,,,,,,,,,,,,,,,,,,,,,,,,,,,,,,,,,,,,,,KICHLER_45973BK.jpg,KICHLER_45973BK_1.jpg,KICHLER_45973BK_2.jpg,KICHLER_45973BK_3.jpg,KICHLER_45973BK_4.jpg,,,,,KICHLER_45973BK_Specification_Sheet.pdf,,,,,,,,,,,,,,,,,,
,,,,,,,Lighting,Indoor Lighting,Wall Lights,,55155BK,55155BK Kichler Wall Lt,-- Unbranded --,-- No Unilog Brand --,-- No DIB Brand --,Kichler Lighting (KICLI),Kichler Lighting LLC,KICHLER,,55155BK,,Lighting>Indoor Lighting>Wall Lights,"Kichler Lighting LLC, KICHLER, Wall Light, 55155BK",WALL LT,KICHLER 55155BK Wall Light,KICHLER Wall Light,Wall Light,,,,,,,,,,,,,,,,,,,,,,,,,,,Wall Light,,,,,,,,,,,,,,,,,,,,,,,,,,,,,,,,,,,,,,,,,,,,,,,,,,,,,,,,,,,,,,,,,,,,,,,,,,,,,,,,,,,,,,,,,,,,,,,,,,,,,,,,,,,,,,,,,,,,,,,,,,,,,,,,,,,,,,,,,,,,,,,,,,,,,,,,,,,,,,,,,,,,,,,,,,KICHLER_55155BK.jpg,KICHLER_55155BK_1.jpg,KICHLER_55155BK_2.jpg,KICHLER_55155BK_3.jpg,KICHLER_55155BK_4.jpg,,,,,KICHLER_55155BK_Specification_Sheet.pdf,,,,,,,,,,,,,,,,,,
,,,,,,,Lighting,Indoor Lighting,Wall Lights,,55157CPZ,55157CPZ Kichler Wall Light,-- Unbranded --,-- No Unilog Brand --,-- No DIB Brand --,Kichler Lighting (KICLI),Kichler Lighting LLC,KICHLER,,55157CPZ,,Lighting>Indoor Lighting>Wall Lights,"Kichler Lighting LLC, KICHLER, Wall Light, 55157CPZ",WALL LT,KICHLER 55157CPZ Wall Light,KICHLER Wall Light,Wall Light,,,,,,,,,,,,,,,,,,,,,,,,,,,Wall Light,,,,,,,,,,,,,,,,,,,,,,,,,,,,,,,,,,,,,,,,,,,,,,,,,,,,,,,,,,,,,,,,,,,,,,,,,,,,,,,,,,,,,,,,,,,,,,,,,,,,,,,,,,,,,,,,,,,,,,,,,,,,,,,,,,,,,,,,,,,,,,,,,,,,,,,,,,,,,,,,,,,,,,,,,,KICHLER_55157CPZ.jpg,KICHLER_55157CPZ_1.jpg,KICHLER_55157CPZ_2.jpg,KICHLER_55157CPZ_3.jpg,KICHLER_55157CPZ_4.jpg,,,,,KICHLER_55157CPZ_Specification_Sheet.pdf,,,,,,,,,,,,,,,,,,
,,,,,,,Lighting,Indoor Lighting,Wall Lights,,55184BK,55184BK Kichler Wall Lt,-- Unbranded --,-- No Unilog Brand --,-- No DIB Brand --,Kichler Lighting (KICLI),Kichler Lighting LLC,KICHLER,,55184BK,,Lighting>Indoor Lighting>Wall Lights,"Kichler Lighting LLC, KICHLER, Wall Light, 55184BK",WALL LT,KICHLER 55184BK Wall Light,KICHLER Wall Light,Wall Light,,,,,,,,,,,,,,,,,,,,,,,,,,,Wall Light,,,,,,,,,,,,,,,,,,,,,,,,,,,,,,,,,,,,,,,,,,,,,,,,,,,,,,,,,,,,,,,,,,,,,,,,,,,,,,,,,,,,,,,,,,,,,,,,,,,,,,,,,,,,,,,,,,,,,,,,,,,,,,,,,,,,,,,,,,,,,,,,,,,,,,,,,,,,,,,,,,,,,,,,,,KICHLER_55184BK.jpg,KICHLER_55184BK_1.jpg,KICHLER_55184BK_2.jpg,KICHLER_55184BK_3.jpg,KICHLER_55184BK_4.jpg,,,,,KICHLER_55184BK_Specification_Sheet.pdf,,,,,,,,,,,,,,,,,,
,,,,,,,Lighting,Indoor Lighting,Wall Lights,,55185BK,55185BK Kichler Wall Lt,-- Unbranded --,-- No Unilog Brand --,-- No DIB Brand --,Kichler Lighting (KICLI),Kichler Lighting LLC,KICHLER,,55185BK,,Lighting>Indoor Lighting>Wall Lights,"Kichler Lighting LLC, KICHLER, Wall Light, 55185BK",WALL LT,KICHLER 55185BK Wall Light,KICHLER Wall Light,Wall Light,,,,,,,,,,,,,,,,,,,,,,,,,,,Wall Light,,,,,,,,,,,,,,,,,,,,,,,,,,,,,,,,,,,,,,,,,,,,,,,,,,,,,,,,,,,,,,,,,,,,,,,,,,,,,,,,,,,,,,,,,,,,,,,,,,,,,,,,,,,,,,,,,,,,,,,,,,,,,,,,,,,,,,,,,,,,,,,,,,,,,,,,,,,,,,,,,,,,,,,,,,KICHLER_55185BK.jpg,KICHLER_55185BK_1.jpg,KICHLER_55185BK_2.jpg,KICHLER_55185BK_3.jpg,KICHLER_55185BK_4.jpg,,,,,KICHLER_55185BK_Specification_Sheet.pdf,,,,,,,,,,,,,,,,,,
,,,,,,,Lighting,Indoor Lighting,Wall Lights,,55186CH,55186CH Kichler Wall Lt,-- Unbranded --,-- No Unilog Brand --,-- No DIB Brand --,Kichler Lighting (KICLI),Kichler Lighting LLC,KICHLER,,55186CH,,Lighting>Indoor Lighting>Wall Lights,"Kichler Lighting LLC, KICHLER, Wall Light, 55186CH",WALL LT,KICHLER 55186CH Wall Light,KICHLER Wall Light,Wall Light,,,,,,,,,,,,,,,,,,,,,,,,,,,Wall Light,,,,,,,,,,,,,,,,,,,,,,,,,,,,,,,,,,,,,,,,,,,,,,,,,,,,,,,,,,,,,,,,,,,,,,,,,,,,,,,,,,,,,,,,,,,,,,,,,,,,,,,,,,,,,,,,,,,,,,,,,,,,,,,,,,,,,,,,,,,,,,,,,,,,,,,,,,,,,,,,,,,,,,,,,,KICHLER_55186CH.jpg,KICHLER_55186CH_1.jpg,KICHLER_55186CH_2.jpg,KICHLER_55186CH_3.jpg,KICHLER_55186CH_4.jpg,,,,,KICHLER_55186CH_Specification_Sheet.pdf,,,,,,,,,,,,,,,,,,
,,,,,,,Lighting,Indoor Lighting,Wall Lights,,55210NI,55210NI Kichler Wall Light,-- Unbranded --,-- No Unilog Brand --,-- No DIB Brand --,Kichler Lighting (KICLI),Kichler Lighting LLC,KICHLER,,55210NI,,Lighting>Indoor Lighting>Wall Lights,"Kichler Lighting LLC, KICHLER, Wall Light, 55210NI",WALL LT,KICHLER 55210NI Wall Light,KICHLER Wall Light,Wall Light,,,,,,,,,,,,,,,,,,,,,,,,,,,Wall Light,,,,,,,,,,,,,,,,,,,,,,,,,,,,,,,,,,,,,,,,,,,,,,,,,,,,,,,,,,,,,,,,,,,,,,,,,,,,,,,,,,,,,,,,,,,,,,,,,,,,,,,,,,,,,,,,,,,,,,,,,,,,,,,,,,,,,,,,,,,,,,,,,,,,,,,,,,,,,,,,,,,,,,,,,,KICHLER_55210NI.jpg,KICHLER_55210NI_1.jpg,KICHLER_55210NI_2.jpg,KICHLER_55210NI_3.jpg,KICHLER_55210NI_4.jpg,,,,,KICHLER_55210NI_Specification_Sheet.pdf,,,,,,,,,,,,,,,,,,
,,,,,,,Lighting,Indoor Lighting,Wall Lights,,55211BK,55211BK Kichler Wall Light,-- Unbranded --,-- No Unilog Brand --,-- No DIB Brand --,Kichler Lighting (KICLI),Kichler Lighting LLC,KICHLER,,55211BK,,Lighting>Indoor Lighting>Wall Lights,"Kichler Lighting LLC, KICHLER, Wall Light, 55211BK",WALL LT,KICHLER 55211BK Wall Light,KICHLER Wall Light,Wall Light,,,,,,,,,,,,,,,,,,,,,,,,,,,Wall Light,,,,,,,,,,,,,,,,,,,,,,,,,,,,,,,,,,,,,,,,,,,,,,,,,,,,,,,,,,,,,,,,,,,,,,,,,,,,,,,,,,,,,,,,,,,,,,,,,,,,,,,,,,,,,,,,,,,,,,,,,,,,,,,,,,,,,,,,,,,,,,,,,,,,,,,,,,,,,,,,,,,,,,,,,,KICHLER_55211BK.jpg,KICHLER_55211BK_1.jpg,KICHLER_55211BK_2.jpg,KICHLER_55211BK_3.jpg,KICHLER_55211BK_4.jpg,,,,,KICHLER_55211BK_Specification_Sheet.pdf,,,,,,,,,,,,,,,,,,
,,,,,,,Lighting,Indoor Lighting,Wall Lights,,55211NI,55211NI Kichler Wall Light,-- Unbranded --,-- No Unilog Brand --,-- No DIB Brand --,Kichler Lighting (KICLI),Kichler Lighting LLC,KICHLER,,55211NI,,Lighting>Indoor Lighting>Wall Lights,"Kichler Lighting LLC, KICHLER, Wall Light, 55211NI",WALL LT,KICHLER 55211NI Wall Light,KICHLER Wall Light,Wall Light,,,,,,,,,,,,,,,,,,,,,,,,,,,Wall Light,,,,,,,,,,,,,,,,,,,,,,,,,,,,,,,,,,,,,,,,,,,,,,,,,,,,,,,,,,,,,,,,,,,,,,,,,,,,,,,,,,,,,,,,,,,,,,,,,,,,,,,,,,,,,,,,,,,,,,,,,,,,,,,,,,,,,,,,,,,,,,,,,,,,,,,,,,,,,,,,,,,,,,,,,,KICHLER_55211NI.jpg,KICHLER_55211NI_1.jpg,KICHLER_55211NI_2.jpg,KICHLER_55211NI_3.jpg,KICHLER_55211NI_4.jpg,,,,,KICHLER_55211NI_Specification_Sheet.pdf,,,,,,,,,,,,,,,,,,
,,,,,,,Lighting,Indoor Lighting,Wall Lights,,55212NI,55212NI Kichler Wall Light,-- Unbranded --,-- No Unilog Brand --,-- No DIB Brand --,Kichler Lighting (KICLI),Kichler Lighting LLC,KICHLER,,55212NI,,Lighting>Indoor Lighting>Wall Lights,"Kichler Lighting LLC, KICHLER, Wall Light, 55212NI",WALL LT,KICHLER 55212NI Wall Light,KICHLER Wall Light,Wall Light,,,,,,,,,,,,,,,,,,,,,,,,,,,Wall Light,,,,,,,,,,,,,,,,,,,,,,,,,,,,,,,,,,,,,,,,,,,,,,,,,,,,,,,,,,,,,,,,,,,,,,,,,,,,,,,,,,,,,,,,,,,,,,,,,,,,,,,,,,,,,,,,,,,,,,,,,,,,,,,,,,,,,,,,,,,,,,,,,,,,,,,,,,,,,,,,,,,,,,,,,,KICHLER_55212NI.jpg,KICHLER_55212NI_1.jpg,KICHLER_55212NI_2.jpg,KICHLER_55212NI_3.jpg,KICHLER_55212NI_4.jpg,,,,,KICHLER_55212NI_Specification_Sheet.pdf,,,,,,,,,,,,,,,,,,
,,,,,,,Lighting,Indoor Lighting,Wall Lights,,55226BKLFU,55226BKFLU Kichler Wall Lt,-- Unbranded --,-- No Unilog Brand --,-- No DIB Brand --,Kichler Lighting (KICLI),Kichler Lighting LLC,KICHLER,,55226BKLFU,,Lighting>Indoor Lighting>Wall Lights,"Kichler Lighting LLC, KICHLER, Wall Light, 55226BKLFU",WALL LT,KICHLER 55226BKLFU Wall Light,KICHLER Wall Light,Wall Light,,,,,,,,,,,,,,,,,,,,,,,,,,,Wall Light,,,,,,,,,,,,,,,,,,,,,,,,,,,,,,,,,,,,,,,,,,,,,,,,,,,,,,,,,,,,,,,,,,,,,,,,,,,,,,,,,,,,,,,,,,,,,,,,,,,,,,,,,,,,,,,,,,,,,,,,,,,,,,,,,,,,,,,,,,,,,,,,,,,,,,,,,,,,,,,,,,,,,,,,,,KICHLER_55226BKLFU.jpg,KICHLER_55226BKLFU_1.jpg,KICHLER_55226BKLFU_2.jpg,KICHLER_55226BKLFU_3.jpg,KICHLER_55226BKLFU_4.jpg,,,,,KICHLER_55226BKLFU_Specification_Sheet.pdf,,,,,,,,,,,,,,,,,,
,,,,,,,Lighting,Indoor Lighting,Wall Lights,,55239CPZLED,55239CPZLED Kichler Wall Lt,-- Unbranded --,-- No Unilog Brand --,-- No DIB Brand --,Kichler Lighting (KICLI),Kichler Lighting LLC,KICHLER,,55239CPZLED,,Lighting>Indoor Lighting>Wall Lights,"Kichler Lighting LLC, KICHLER, Wall Light, 55239CPZLED",WALL LT,KICHLER 55239CPZLED Wall Light,KICHLER Wall Light,Wall Light,,,,,,,,,,,,,,,,,,,,,,,,,,,Wall Light,,,,,,,,,,,,,,,,,,,,,,,,,,,,,,,,,,,,,,,,,,,,,,,,,,,,,,,,,,,,,,,,,,,,,,,,,,,,,,,,,,,,,,,,,,,,,,,,,,,,,,,,,,,,,,,,,,,,,,,,,,,,,,,,,,,,,,,,,,,,,,,,,,,,,,,,,,,,,,,,,,,,,,,,,,KICHLER_55239CPZLED.jpg,KICHLER_55239CPZLED_1.jpg,KICHLER_55239CPZLED_2.jpg,KICHLER_55239CPZLED_3.jpg,KICHLER_55239CPZLED_4.jpg,,,,,KICHLER_55239CPZLED_Specification_Sheet.pdf,,,,,,,,,,,,,,,,,,
,,,,,,,Lighting,Indoor Lighting,Chandeliers,,44072DBK,44072DBK Kichler Chandelier Lt,-- Unbranded --,-- No Unilog Brand --,-- No DIB Brand --,Kichler Lighting (KICLI),Kichler Lighting LLC,KICHLER,,44072DBK,,Lighting>Indoor Lighting>Chandeliers,"Kichler Lighting LLC, KICHLER, Chandelier, 44072DBK",CHAND,KICHLER 44072DBK Chandelier,KICHLER Chandelier,Chandelier,,,,,,,,,,,,,,,,,,,,,,,,,,,Chandelier,,,,,,,,,,,,,,,,,,,,,,,,,,,,,,,,,,,,,,,,,,,,,,,,,,,,,,,,,,,,,,,,,,,,,,,,,,,,,,,,,,,,,,,,,,,,,,,,,,,,,,,,,,,,,,,,,,,,,,,,,,,,,,,,,,,,,,,,,,,,,,,,,,,,,,,,,,,,,,,,,,,,,,,,,,KICHLER_44072DBK.jpg,KICHLER_44072DBK_1.jpg,KICHLER_44072DBK_2.jpg,KICHLER_44072DBK_3.jpg,KICHLER_44072DBK_4.jpg,,,,,KICHLER_44072DBK_Specification_Sheet.pdf,,,,,,,,,,,,,,,,,,
,,,,,,,Lighting,Indoor Lighting,Chandeliers,,44073NI,44073NI Kichler Chandelier Lt,-- Unbranded --,-- No Unilog Brand --,-- No DIB Brand --,Kichler Lighting (KICLI),Kichler Lighting LLC,KICHLER,,44073NI,,Lighting>Indoor Lighting>Chandeliers,"Kichler Lighting LLC, KICHLER, Chandelier, 44073NI",CHAND,KICHLER 44073NI Chandelier,KICHLER Chandelier,Chandelier,,,,,,,,,,,,,,,,,,,,,,,,,,,Chandelier,,,,,,,,,,,,,,,,,,,,,,,,,,,,,,,,,,,,,,,,,,,,,,,,,,,,,,,,,,,,,,,,,,,,,,,,,,,,,,,,,,,,,,,,,,,,,,,,,,,,,,,,,,,,,,,,,,,,,,,,,,,,,,,,,,,,,,,,,,,,,,,,,,,,,,,,,,,,,,,,,,,,,,,,,,KICHLER_44073NI.jpg,KICHLER_44073NI_1.jpg,KICHLER_44073NI_2.jpg,KICHLER_44073NI_3.jpg,KICHLER_44073NI_4.jpg,,,,,KICHLER_44073NI_Specification_Sheet.pdf,,,,,,,,,,,,,,,,,,
,,,,,,,Lighting,Indoor Lighting,Chandeliers,,52033BK,52033BK Kichler Chandelier Lt,-- Unbranded --,-- No Unilog Brand --,-- No DIB Brand --,Kichler Lighting (KICLI),Kichler Lighting LLC,KICHLER,,52033BK,,Lighting>Indoor Lighting>Chandeliers,"Kichler Lighting LLC, KICHLER, Chandelier, 52033BK",CHAND,KICHLER 52033BK Chandelier,KICHLER Chandelier,Chandelier,,,,,,,,,,,,,,,,,,,,,,,,,,,Chandelier,,,,,,,,,,,,,,,,,,,,,,,,,,,,,,,,,,,,,,,,,,,,,,,,,,,,,,,,,,,,,,,,,,,,,,,,,,,,,,,,,,,,,,,,,,,,,,,,,,,,,,,,,,,,,,,,,,,,,,,,,,,,,,,,,,,,,,,,,,,,,,,,,,,,,,,,,,,,,,,,,,,,,,,,,,KICHLER_52033BK.jpg,KICHLER_52033BK_1.jpg,KICHLER_52033BK_2.jpg,KICHLER_52033BK_3.jpg,KICHLER_52033BK_4.jpg,,,,,KICHLER_52033BK_Specification_Sheet.pdf,,,,,,,,,,,,,,,,,,
,,,,,,,Lighting,Indoor Lighting,Chandeliers,,84322WH,84322WH Kichler Chandelier Lt,-- Unbranded --,-- No Unilog Brand --,-- No DIB Brand --,Kichler Lighting (KICLI),Kichler Lighting LLC,KICHLER,,84322WH,,Lighting>Indoor Lighting>Chandeliers,"Kichler Lighting LLC, KICHLER, Chandelier, 84322WH",CHAND,KICHLER 84322WH Chandelier,KICHLER Chandelier,Chandelier,,,,,,,,,,,,,,,,,,,,,,,,,,,Chandelier,,,,,,,,,,,,,,,,,,,,,,,,,,,,,,,,,,,,,,,,,,,,,,,,,,,,,,,,,,,,,,,,,,,,,,,,,,,,,,,,,,,,,,,,,,,,,,,,,,,,,,,,,,,,,,,,,,,,,,,,,,,,,,,,,,,,,,,,,,,,,,,,,,,,,,,,,,,,,,,,,,,,,,,,,,KICHLER_84322WH.jpg,KICHLER_84322WH_1.jpg,KICHLER_84322WH_2.jpg,KICHLER_84322WH_3.jpg,KICHLER_84322WH_4.jpg,,,,,KICHLER_84322WH_Specification_Sheet.pdf,,,,,,,,,,,,,,,,,,
,,,,,,,Lighting,Indoor Lighting,Chandeliers,,52404BK,52404BK Kichler Chandelier Lt,-- Unbranded --,-- No Unilog Brand --,-- No DIB Brand --,Kichler Lighting (KICLI),Kichler Lighting LLC,KICHLER,,52404BK,,Lighting>Indoor Lighting>Chandeliers,"Kichler Lighting LLC, KICHLER, Chandelier, 52404BK",CHAND,KICHLER 52404BK Chandelier,KICHLER Chandelier,Chandelier,,,,,,,,,,,,,,,,,,,,,,,,,,,Chandelier,,,,,,,,,,,,,,,,,,,,,,,,,,,,,,,,,,,,,,,,,,,,,,,,,,,,,,,,,,,,,,,,,,,,,,,,,,,,,,,,,,,,,,,,,,,,,,,,,,,,,,,,,,,,,,,,,,,,,,,,,,,,,,,,,,,,,,,,,,,,,,,,,,,,,,,,,,,,,,,,,,,,,,,,,,KICHLER_52404BK.jpg,KICHLER_52404BK_1.jpg,KICHLER_52404BK_2.jpg,KICHLER_52404BK_3.jpg,KICHLER_52404BK_4.jpg,,,,,KICHLER_52404BK_Specification_Sheet.pdf,,,,,,,,,,,,,,,,,,
,,,,,,,Lighting,Indoor Lighting,Chandeliers,,34686A,34686A Kichler Chandelier Lt,-- Unbranded --,-- No Unilog Brand --,-- No DIB Brand --,Kichler Lighting (KICLI),Kichler Lighting LLC,KICHLER,,34686A,,Lighting>Indoor Lighting>Chandeliers,"Kichler Lighting LLC, KICHLER, Chandelier, 34686A",CHAND 34686A,KICHLER 34686A Chandelier With 34686 A,"KICHLER Chandelier, 34686 A","Chandelier, 34686 A",,Amperage Rating: 34686 A,,,,,,,,,,,,,,,,,,,,,,,,,Chandelier,Amperage Rating,34686,A,,,,,,,,,,,,,,,,,,,,,,,,,,,,,,,,,,,,,,,,,,,,,,,,,,,,,,,,,,,,,,,,,,,,,,,,,,,,,,,,,,,,,,,,,,,,,,,,,,,,,,,,,,,,,,,,,,,,,,,,,,,,,,,,,,,,,,,,,,,,,,,,,,,,,,,,,,,,,,,,,,,,,,,KICHLER_34686A.jpg,KICHLER_34686A_1.jpg,KICHLER_34686A_2.jpg,KICHLER_34686A_3.jpg,KICHLER_34686A_4.jpg,,,,,KICHLER_34686A_Specification_Sheet.pdf,,,,,,,,,,,,,,,,,,
,,,,,,,Lighting,Indoor Lighting,Chandeliers,,34687A,34687A Kichler Chandelier Lt,-- Unbranded --,-- No Unilog Brand --,-- No DIB Brand --,Kichler Lighting (KICLI),Kichler Lighting LLC,KICHLER,,34687A,,Lighting>Indoor Lighting>Chandeliers,"Kichler Lighting LLC, KICHLER, Chandelier, 34687A",CHAND 34687A,KICHLER 34687A Chandelier With 34687 A,"KICHLER Chandelier, 34687 A","Chandelier, 34687 A",,Amperage Rating: 34687 A,,,,,,,,,,,,,,,,,,,,,,,,,Chandelier,Amperage Rating,34687,A,,,,,,,,,,,,,,,,,,,,,,,,,,,,,,,,,,,,,,,,,,,,,,,,,,,,,,,,,,,,,,,,,,,,,,,,,,,,,,,,,,,,,,,,,,,,,,,,,,,,,,,,,,,,,,,,,,,,,,,,,,,,,,,,,,,,,,,,,,,,,,,,,,,,,,,,,,,,,,,,,,,,,,,KICHLER_34687A.jpg,KICHLER_34687A_1.jpg,KICHLER_34687A_2.jpg,KICHLER_34687A_3.jpg,KICHLER_34687A_4.jpg,,,,,KICHLER_34687A_Specification_Sheet.pdf,,,,,,,,,,,,,,,,,,
,,,,,,,Lighting,Indoor Lighting,Chandeliers,,34688A,34688A Kichler Chandelier Lt,-- Unbranded --,-- No Unilog Brand --,-- No DIB Brand --,-,KICHLER,KICHLER,,34688A,,Lighting>Indoor Lighting>Chandeliers,"KICHLER, KICHLER, Chandelier, 34688A",CHAND 34688A,KICHLER 34688A Chandelier With 34688 A,"KICHLER Chandelier, 34688 A","Chandelier, 34688 A",,Amperage Rating: 34688 A,,,,,,,,,,,,,,,,,,,,,,,,,Chandelier,Amperage Rating,34688,A,,,,,,,,,,,,,,,,,,,,,,,,,,,,,,,,,,,,,,,,,,,,,,,,,,,,,,,,,,,,,,,,,,,,,,,,,,,,,,,,,,,,,,,,,,,,,,,,,,,,,,,,,,,,,,,,,,,,,,,,,,,,,,,,,,,,,,,,,,,,,,,,,,,,,,,,,,,,,,,,,,,,,,,KICHLER_34688A.jpg,KICHLER_34688A_1.jpg,KICHLER_34688A_2.jpg,KICHLER_34688A_3.jpg,KICHLER_34688A_4.jpg,,,,,KICHLER_34688A_Specification_Sheet.pdf,,,,,,,,,,,,,,,,,,
,,,,,,,Lighting,Indoor Lighting,Chandeliers,,43671BKCLR,43671BKCLR Kichler Chand Lt,-- Unbranded --,-- No Unilog Brand --,-- No DIB Brand --,Kichler Lighting (KICLI),Kichler Lighting LLC,KICHLER,,43671BKCLR,,Lighting>Indoor Lighting>Chandeliers,"Kichler Lighting LLC, KICHLER, Chandelier, 43671BKCLR",CHAND,KICHLER 43671BKCLR Chandelier,KICHLER Chandelier,Chandelier,,,,,,,,,,,,,,,,,,,,,,,,,,,Chandelier,,,,,,,,,,,,,,,,,,,,,,,,,,,,,,,,,,,,,,,,,,,,,,,,,,,,,,,,,,,,,,,,,,,,,,,,,,,,,,,,,,,,,,,,,,,,,,,,,,,,,,,,,,,,,,,,,,,,,,,,,,,,,,,,,,,,,,,,,,,,,,,,,,,,,,,,,,,,,,,,,,,,,,,,,,KICHLER_43671BKCLR.jpg,KICHLER_43671BKCLR_1.jpg,KICHLER_43671BKCLR_2.jpg,KICHLER_43671BKCLR_3.jpg,KICHLER_43671BKCLR_4.jpg,,,,,KICHLER_43671BKCLR_Specification_Sheet.pdf,,,,,,,,,,,,,,,,,,
,,,,,,,Lighting,Indoor Lighting,Chandeliers,,52616BK,52616BK Kichler Chandelier Lt,-- Unbranded --,-- No Unilog Brand --,-- No DIB Brand --,Kichler Lighting (KICLI),Kichler Lighting LLC,KICHLER,,52616BK,,Lighting>Indoor Lighting>Chandeliers,"Kichler Lighting LLC, KICHLER, Chandelier, 52616BK",CHAND,KICHLER 52616BK Chandelier,KICHLER Chandelier,Chandelier,,,,,,,,,,,,,,,,,,,,,,,,,,,Chandelier,,,,,,,,,,,,,,,,,,,,,,,,,,,,,,,,,,,,,,,,,,,,,,,,,,,,,,,,,,,,,,,,,,,,,,,,,,,,,,,,,,,,,,,,,,,,,,,,,,,,,,,,,,,,,,,,,,,,,,,,,,,,,,,,,,,,,,,,,,,,,,,,,,,,,,,,,,,,,,,,,,,,,,,,,,KICHLER_52616BK.jpg,KICHLER_52616BK_1.jpg,KICHLER_52616BK_2.jpg,KICHLER_52616BK_3.jpg,KICHLER_52616BK_4.jpg,,,,,KICHLER_52616BK_Specification_Sheet.pdf,,,,,,,,,,,,,,,,,,
,,,,,,,Lighting,Indoor Lighting,Chandeliers,,52616NI,52616NI Kichler Chandelier Lt,-- Unbranded --,-- No Unilog Brand --,-- No DIB Brand --,Kichler Lighting (KICLI),Kichler Lighting LLC,KICHLER,,52616NI,,Lighting>Indoor Lighting>Chandeliers,"Kichler Lighting LLC, KICHLER, Chandelier, 52616NI",CHAND,KICHLER 52616NI Chandelier,KICHLER Chandelier,Chandelier,,,,,,,,,,,,,,,,,,,,,,,,,,,Chandelier,,,,,,,,,,,,,,,,,,,,,,,,,,,,,,,,,,,,,,,,,,,,,,,,,,,,,,,,,,,,,,,,,,,,,,,,,,,,,,,,,,,,,,,,,,,,,,,,,,,,,,,,,,,,,,,,,,,,,,,,,,,,,,,,,,,,,,,,,,,,,,,,,,,,,,,,,,,,,,,,,,,,,,,,,,KICHLER_52616NI.jpg,KICHLER_52616NI_1.jpg,KICHLER_52616NI_2.jpg,KICHLER_52616NI_3.jpg,KICHLER_52616NI_4.jpg,,,,,KICHLER_52616NI_Specification_Sheet.pdf,,,,,,,,,,,,,,,,,,
,,,,,,,Lighting,Indoor Lighting,Chandeliers,,52678BK,52678BK Kichler Chandelier Lt,-- Unbranded --,-- No Unilog Brand --,-- No DIB Brand --,Kichler Lighting (KICLI),Kichler Lighting LLC,KICHLER,,52678BK,,Lighting>Indoor Lighting>Chandeliers,"Kichler Lighting LLC, KICHLER, Chandelier, 52678BK",CHAND,KICHLER 52678BK Chandelier,KICHLER Chandelier,Chandelier,,,,,,,,,,,,,,,,,,,,,,,,,,,Chandelier,,,,,,,,,,,,,,,,,,,,,,,,,,,,,,,,,,,,,,,,,,,,,,,,,,,,,,,,,,,,,,,,,,,,,,,,,,,,,,,,,,,,,,,,,,,,,,,,,,,,,,,,,,,,,,,,,,,,,,,,,,,,,,,,,,,,,,,,,,,,,,,,,,,,,,,,,,,,,,,,,,,,,,,,,,KICHLER_52678BK.jpg,KICHLER_52678BK_1.jpg,KICHLER_52678BK_2.jpg,KICHLER_52678BK_3.jpg,KICHLER_52678BK_4.jpg,,,,,KICHLER_52678BK_Specification_Sheet.pdf,,,,,,,,,,,,,,,,,,
,,,,,,,Lighting,Indoor Lighting,Chandeliers,,52680CPZ,52680CPZ Kichler Chandelier Lt,-- Unbranded --,-- No Unilog Brand --,-- No DIB Brand --,Kichler Lighting (KICLI),Kichler Lighting LLC,KICHLER,,52680CPZ,,Lighting>Indoor Lighting>Chandeliers,"Kichler Lighting LLC, KICHLER, Chandelier, 52680CPZ",CHAND,KICHLER 52680CPZ Chandelier,KICHLER Chandelier,Chandelier,,,,,,,,,,,,,,,,,,,,,,,,,,,Chandelier,,,,,,,,,,,,,,,,,,,,,,,,,,,,,,,,,,,,,,,,,,,,,,,,,,,,,,,,,,,,,,,,,,,,,,,,,,,,,,,,,,,,,,,,,,,,,,,,,,,,,,,,,,,,,,,,,,,,,,,,,,,,,,,,,,,,,,,,,,,,,,,,,,,,,,,,,,,,,,,,,,,,,,,,,,KICHLER_52680CPZ.jpg,KICHLER_52680CPZ_1.jpg,KICHLER_52680CPZ_2.jpg,KICHLER_52680CPZ_3.jpg,KICHLER_52680CPZ_4.jpg,,,,,KICHLER_52680CPZ_Specification_Sheet.pdf,,,,,,,,,,,,,,,,,,
,,,,,,,Lighting,Indoor Lighting,Chandeliers,,52772BK,52772BK Kichler Chandelier Lt,-- Unbranded --,-- No Unilog Brand --,-- No DIB Brand --,Kichler Lighting (KICLI),Kichler Lighting LLC,KICHLER,,52772BK,,Lighting>Indoor Lighting>Chandeliers,"Kichler Lighting LLC, KICHLER, Chandelier, 52772BK",CHAND,KICHLER 52772BK Chandelier,KICHLER Chandelier,Chandelier,,,,,,,,,,,,,,,,,,,,,,,,,,,Chandelier,,,,,,,,,,,,,,,,,,,,,,,,,,,,,,,,,,,,,,,,,,,,,,,,,,,,,,,,,,,,,,,,,,,,,,,,,,,,,,,,,,,,,,,,,,,,,,,,,,,,,,,,,,,,,,,,,,,,,,,,,,,,,,,,,,,,,,,,,,,,,,,,,,,,,,,,,,,,,,,,,,,,,,,,,,KICHLER_52772BK.jpg,KICHLER_52772BK_1.jpg,KICHLER_52772BK_2.jpg,KICHLER_52772BK_3.jpg,KICHLER_52772BK_4.jpg,,,,,KICHLER_52772BK_Specification_Sheet.pdf,,,,,,,,,,,,,,,,,,
,,,,,,,Lighting,Indoor Lighting,Chandeliers,,82399,82399 Kichler Chandelier Lt,-- Unbranded --,-- No Unilog Brand --,-- No DIB Brand --,Kichler Lighting (KICLI),Kichler Lighting LLC,KICHLER,,82399,,Lighting>Indoor Lighting>Chandeliers,"Kichler Lighting LLC, KICHLER, Chandelier, 82399",CHAND,KICHLER 82399 Chandelier,KICHLER Chandelier,Chandelier,,,,,,,,,,,,,,,,,,,,,,,,,,,Chandelier,,,,,,,,,,,,,,,,,,,,,,,,,,,,,,,,,,,,,,,,,,,,,,,,,,,,,,,,,,,,,,,,,,,,,,,,,,,,,,,,,,,,,,,,,,,,,,,,,,,,,,,,,,,,,,,,,,,,,,,,,,,,,,,,,,,,,,,,,,,,,,,,,,,,,,,,,,,,,,,,,,,,,,,,,,KICHLER_82399.jpg,KICHLER_82399_1.jpg,KICHLER_82399_2.jpg,KICHLER_82399_3.jpg,KICHLER_82399_4.jpg,,,,,KICHLER_82399_Specification_Sheet.pdf,,,,,,,,,,,,,,,,,,
,,,,,,,Lighting,Commercial Lighting,High Bay Lights,,65-771R3,65-771R3 Nuvo Highbay Light,-- Unbranded --,-- No Unilog Brand --,-- No DIB Brand --,Satco Prod Inc (5573),Satco Products Inc,Satco,,65-771R3,,Lighting>Commercial Lighting>High Bay Lights,"Satco Products Inc, Satco, High Bay Light, 65-771R3",HIGH BAY LT,Satco 65-771R3 High Bay Light,Satco High Bay Light,High Bay Light,,,,,,,,,,,,,,,,,,,,,,,,,,,High Bay Light,,,,,,,,,,,,,,,,,,,,,,,,,,,,,,,,,,,,,,,,,,,,,,,,,,,,,,,,,,,,,,,,,,,,,,,,,,,,,,,,,,,,,,,,,,,,,,,,,,,,,,,,,,,,,,,,,,,,,,,,,,,,,,,,,,,,,,,,,,,,,,,,,,,,,,,,,,,,,,,,,,,,,,,,,,Satco_65-771R3.jpg,Satco_65-771R3_1.jpg,Satco_65-771R3_2.jpg,Satco_65-771R3_3.jpg,Satco_65-771R3_4.jpg,,,,,Satco_65-771R3_Specification_Sheet.pdf,,,,,,,,,,,,,,,,,,
,,,,,,,Lighting,Indoor Lighting,Ceiling Lights,,42955BK,42955BK Kichler Ceiling Lt,-- Unbranded --,-- No Unilog Brand --,-- No DIB Brand --,Kichler Lighting (KICLI),Kichler Lighting LLC,KICHLER,,42955BK,,Lighting>Indoor Lighting>Ceiling Lights,"Kichler Lighting LLC, KICHLER, Ceiling Light, 42955BK, Ceiling",CLG LT CEIL,KICHLER 42955BK Ceiling Light With Ceiling Mounting,"KICHLER Ceiling Light, Ceiling Mounting","Ceiling Light, Ceiling Mounting",,Mounting Type: Ceiling,,,,,,,,,,,,,,,,,,,,,,,,,Ceiling Light,Mounting Type,Ceiling,,,,,,,,,,,,,,,,,,,,,,,,,,,,,,,,,,,,,,,,,,,,,,,,,,,,,,,,,,,,,,,,,,,,,,,,,,,,,,,,,,,,,,,,,,,,,,,,,,,,,,,,,,,,,,,,,,,,,,,,,,,,,,,,,,,,,,,,,,,,,,,,,,,,,,,,,,,,,,,,,,,,,,,,KICHLER_42955BK.jpg,KICHLER_42955BK_1.jpg,KICHLER_42955BK_2.jpg,KICHLER_42955BK_3.jpg,KICHLER_42955BK_4.jpg,,,,,KICHLER_42955BK_Specification_Sheet.pdf,,,,,,,,,,,,,,,,,,
,,,,,,,Lighting,Indoor Lighting,Ceiling Lights,,42275BK,42275BK Kichler Ceiling Lt,-- Unbranded --,-- No Unilog Brand --,-- No DIB Brand --,Kichler Lighting (KICLI),Kichler Lighting LLC,KICHLER,,42275BK,,Lighting>Indoor Lighting>Ceiling Lights,"Kichler Lighting LLC, KICHLER, Ceiling Light, 42275BK, Ceiling",CLG LT CEIL,KICHLER 42275BK Ceiling Light With Ceiling Mounting,"KICHLER Ceiling Light, Ceiling Mounting","Ceiling Light, Ceiling Mounting",,Mounting Type: Ceiling,,,,,,,,,,,,,,,,,,,,,,,,,Ceiling Light,Mounting Type,Ceiling,,,,,,,,,,,,,,,,,,,,,,,,,,,,,,,,,,,,,,,,,,,,,,,,,,,,,,,,,,,,,,,,,,,,,,,,,,,,,,,,,,,,,,,,,,,,,,,,,,,,,,,,,,,,,,,,,,,,,,,,,,,,,,,,,,,,,,,,,,,,,,,,,,,,,,,,,,,,,,,,,,,,,,,,KICHLER_42275BK.jpg,KICHLER_42275BK_1.jpg,KICHLER_42275BK_2.jpg,KICHLER_42275BK_3.jpg,KICHLER_42275BK_4.jpg,,,,,KICHLER_42275BK_Specification_Sheet.pdf,,,,,,,,,,,,,,,,,,
,,,,,,,Lighting,Indoor Lighting,Ceiling Lights,,62-1850,"62-1850 11"" Led Ceiling Light",-- Unbranded --,-- No Unilog Brand --,-- No DIB Brand --,Satco Prod Inc (5573),Satco Products Inc,Satco,,62-1850,,Lighting>Indoor Lighting>Ceiling Lights,"Satco Products Inc, Satco, Ceiling Light, 62-1850, Ceiling",CLG LT CEIL,Satco 62-1850 Ceiling Light With Ceiling Mounting,"Satco Ceiling Light, Ceiling Mounting","Ceiling Light, Ceiling Mounting",,Mounting Type: Ceiling,,,,,,,,,,,,,,,,,,,,,,,,,Ceiling Light,Mounting Type,Ceiling,,,,,,,,,,,,,,,,,,,,,,,,,,,,,,,,,,,,,,,,,,,,,,,,,,,,,,,,,,,,,,,,,,,,,,,,,,,,,,,,,,,,,,,,,,,,,,,,,,,,,,,,,,,,,,,,,,,,,,,,,,,,,,,,,,,,,,,,,,,,,,,,,,,,,,,,,,,,,,,,,,,,,,,,Satco_62-1850.jpg,Satco_62-1850_1.jpg,Satco_62-1850_2.jpg,Satco_62-1850_3.jpg,Satco_62-1850_4.jpg,,,,,Satco_62-1850_Specification_Sheet.pdf,,,,,,,,,,,,,,,,,,
,,,,,,,Lighting,Indoor Lighting,Ceiling Lights,,62-1852,"62-1852 14"" Satco Led Ceiling Lt",-- Unbranded --,-- No Unilog Brand --,-- No DIB Brand --,Satco Prod Inc (5573),Satco Products Inc,Satco,,62-1852,,Lighting>Indoor Lighting>Ceiling Lights,"Satco Products Inc, Satco, Ceiling Light, 62-1852, Ceiling",CLG LT CEIL,Satco 62-1852 Ceiling Light With Ceiling Mounting,"Satco Ceiling Light, Ceiling Mounting","Ceiling Light, Ceiling Mounting",,Mounting Type: Ceiling,,,,,,,,,,,,,,,,,,,,,,,,,Ceiling Light,Mounting Type,Ceiling,,,,,,,,,,,,,,,,,,,,,,,,,,,,,,,,,,,,,,,,,,,,,,,,,,,,,,,,,,,,,,,,,,,,,,,,,,,,,,,,,,,,,,,,,,,,,,,,,,,,,,,,,,,,,,,,,,,,,,,,,,,,,,,,,,,,,,,,,,,,,,,,,,,,,,,,,,,,,,,,,,,,,,,,Satco_62-1852.jpg,Satco_62-1852_1.jpg,Satco_62-1852_2.jpg,Satco_62-1852_3.jpg,Satco_62-1852_4.jpg,,,,,Satco_62-1852_Specification_Sheet.pdf,,,,,,,,,,,,,,,,,,
,,,,,,,Lighting,Indoor Lighting,Ceiling Lights,,62-1875,"62-1875 10"" Led Ceiling Lt Bn",-- Unbranded --,-- No Unilog Brand --,-- No DIB Brand --,Satco Prod Inc (5573),Satco Products Inc,Satco,,62-1875,,Lighting>Indoor Lighting>Ceiling Lights,"Satco Products Inc, Satco, Ceiling Light, 62-1875, Ceiling",CLG LT CEIL,"Satco 62-1875 Ceiling Light With Ceiling Mounting, Bronze","Satco Ceiling Light, Ceiling Mounting, Bronze","Ceiling Light, Ceiling Mounting, Bronze",,Mounting Type: Ceiling,Color: Bronze,Finish: Bronze,,,,,,,,,,,,,,,,,,,,,,,Ceiling Light,Mounting Type,Ceiling,,Color,Bronze,,Finish,Bronze,,,,,,,,,,,,,,,,,,,,,,,,,,,,,,,,,,,,,,,,,,,,,,,,,,,,,,,,,,,,,,,,,,,,,,,,,,,,,,,,,,,,,,,,,,,,,,,,,,,,,,,,,,,,,,,,,,,,,,,,,,,,,,,,,,,,,,,,,,,,,,,,,,,,,,,,,,,,,,,,,,Satco_62-1875.jpg,Satco_62-1875_1.jpg,Satco_62-1875_2.jpg,Satco_62-1875_3.jpg,Satco_62-1875_4.jpg,,,,,Satco_62-1875_Specification_Sheet.pdf,,,,,,,,,,,,,,,,,,
,,,,,,,Lighting,Indoor Lighting,Ceiling Lights,,62-1876,"62-1876 13"" Satco Ceiling Light BN",-- Unbranded --,-- No Unilog Brand --,-- No DIB Brand --,Satco Prod Inc (5573),Satco Products Inc,Satco,,62-1876,,Lighting>Indoor Lighting>Ceiling Lights,"Satco Products Inc, Satco, Ceiling Light, 62-1876, Ceiling",CLG LT CEIL,"Satco 62-1876 Ceiling Light With Ceiling Mounting, Bronze","Satco Ceiling Light, Ceiling Mounting, Bronze","Ceiling Light, Ceiling Mounting, Bronze",,Mounting Type: Ceiling,Color: Bronze,Finish: Bronze,,,,,,,,,,,,,,,,,,,,,,,Ceiling Light,Mounting Type,Ceiling,,Color,Bronze,,Finish,Bronze,,,,,,,,,,,,,,,,,,,,,,,,,,,,,,,,,,,,,,,,,,,,,,,,,,,,,,,,,,,,,,,,,,,,,,,,,,,,,,,,,,,,,,,,,,,,,,,,,,,,,,,,,,,,,,,,,,,,,,,,,,,,,,,,,,,,,,,,,,,,,,,,,,,,,,,,,,,,,,,,,,Satco_62-1876.jpg,Satco_62-1876_1.jpg,Satco_62-1876_2.jpg,Satco_62-1876_3.jpg,Satco_62-1876_4.jpg,,,,,Satco_62-1876_Specification_Sheet.pdf,,,,,,,,,,,,,,,,,,
,,,,,,,Lighting,Indoor Lighting,Ceiling Lights,,42296BK,42296BK Kichler Ceiling Lt,-- Unbranded --,-- No Unilog Brand --,-- No DIB Brand --,Kichler Lighting (KICLI),Kichler Lighting LLC,KICHLER,,42296BK,,Lighting>Indoor Lighting>Ceiling Lights,"Kichler Lighting LLC, KICHLER, Ceiling Light, 42296BK, Ceiling",CLG LT CEIL,KICHLER 42296BK Ceiling Light With Ceiling Mounting,"KICHLER Ceiling Light, Ceiling Mounting","Ceiling Light, Ceiling Mounting",,Mounting Type: Ceiling,,,,,,,,,,,,,,,,,,,,,,,,,Ceiling Light,Mounting Type,Ceiling,,,,,,,,,,,,,,,,,,,,,,,,,,,,,,,,,,,,,,,,,,,,,,,,,,,,,,,,,,,,,,,,,,,,,,,,,,,,,,,,,,,,,,,,,,,,,,,,,,,,,,,,,,,,,,,,,,,,,,,,,,,,,,,,,,,,,,,,,,,,,,,,,,,,,,,,,,,,,,,,,,,,,,,,KICHLER_42296BK.jpg,KICHLER_42296BK_1.jpg,KICHLER_42296BK_2.jpg,KICHLER_42296BK_3.jpg,KICHLER_42296BK_4.jpg,,,,,KICHLER_42296BK_Specification_Sheet.pdf,,,,,,,,,,,,,,,,,,
,,,,,,,Lighting,Indoor Lighting,Pendants,,43913BK,43913BK Kichler Pendant Lt,-- Unbranded --,-- No Unilog Brand --,-- No DIB Brand --,Kichler Lighting (KICLI),Kichler Lighting LLC,KICHLER,,43913BK,,Lighting>Indoor Lighting>Pendant Lights,"Kichler Lighting LLC, KICHLER, Pendant Light, 43913BK",PNDT LT,KICHLER 43913BK Pendant Light,KICHLER Pendant Light,Pendant Light,,,,,,,,,,,,,,,,,,,,,,,,,,,Pendant Light,,,,,,,,,,,,,,,,,,,,,,,,,,,,,,,,,,,,,,,,,,,,,,,,,,,,,,,,,,,,,,,,,,,,,,,,,,,,,,,,,,,,,,,,,,,,,,,,,,,,,,,,,,,,,,,,,,,,,,,,,,,,,,,,,,,,,,,,,,,,,,,,,,,,,,,,,,,,,,,,,,,,,,,,,,KICHLER_43913BK.jpg,KICHLER_43913BK_1.jpg,KICHLER_43913BK_2.jpg,KICHLER_43913BK_3.jpg,KICHLER_43913BK_4.jpg,,,,,KICHLER_43913BK_Specification_Sheet.pdf,,,,,,,,,,,,,,,,,,
,,,,,,,Lighting,Task Lighting,Work & Task Lights,,HLSMS9129FS1E,"HLSMS9129FS1E 9"" Motion Lt",-- Unbranded --,-- No Unilog Brand --,-- No DIB Brand --,Cooper Lighting (7638),Cooper Lighting Solutions,,,HLSMS9129FS1E,,Lighting>Portable & Task Lighting>Work Lights & Flashlights,"Cooper Lighting Solutions, Work Light, HLSMS9129FS1E",WRK LT,HLSMS9129FS1E Work Light,Work Light,Work Light,,,,,,,,,,,,,,,,,,,,,,,,,,,Work Light,,,,,,,,,,,,,,,,,,,,,,,,,,,,,,,,,,,,,,,,,,,,,,,,,,,,,,,,,,,,,,,,,,,,,,,,,,,,,,,,,,,,,,,,,,,,,,,,,,,,,,,,,,,,,,,,,,,,,,,,,,,,,,,,,,,,,,,,,,,,,,,,,,,,,,,,,,,,,,,,,,,,,,,,,,,,,,,,,,,,,,,,,,,,,,,,,,,,,
,,,,,,,Lighting,Indoor Lighting,LED Tape & Strip Lights,,64-110,64-110 Satco Tape Light 16',-- Unbranded --,-- No Unilog Brand --,-- No DIB Brand --,Satco Prod Inc (5573),Satco Products Inc,Satco,,64-110,,Lighting>Indoor Lighting>LED Tape & Strip Lights,"Satco Products Inc, Satco, LED Strip Light, 64-110",LED STRP LT,Satco 64-110 LED Strip Light,Satco LED Strip Light,LED Strip Light,,,,,,,,,,,,,,,,,,,,,,,,,,,LED Strip Light,,,,,,,,,,,,,,,,,,,,,,,,,,,,,,,,,,,,,,,,,,,,,,,,,,,,,,,,,,,,,,,,,,,,,,,,,,,,,,,,,,,,,,,,,,,,,,,,,,,,,,,,,,,,,,,,,,,,,,,,,,,,,,,,,,,,,,,,,,,,,,,,,,,,,,,,,,,,,,,,,,,,,,,,,,Satco_64-110.jpg,Satco_64-110_1.jpg,Satco_64-110_2.jpg,Satco_64-110_3.jpg,Satco_64-110_4.jpg,,,,,Satco_64-110_Specification_Sheet.pdf,,,,,,,,,,,,,,,,,,
,,,,,,,Lighting,Indoor Lighting,LED Tape & Strip Lights,,603571,603571 3' Strip Light Ext,-- Unbranded --,-- No Unilog Brand --,Wiz,Phillips Lighting (5831),Signify North America Corporation,Wiz,,603571,,Lighting>Indoor Lighting>LED Tape & Strip Lights,"Signify North America Corporation, Wiz, LED Strip Light, 603571",LED STRP LT,Wiz 603571 LED Strip Light,Wiz LED Strip Light,LED Strip Light,,,,,,,,,,,,,,,,,,,,,,,,,,,LED Strip Light,,,,,,,,,,,,,,,,,,,,,,,,,,,,,,,,,,,,,,,,,,,,,,,,,,,,,,,,,,,,,,,,,,,,,,,,,,,,,,,,,,,,,,,,,,,,,,,,,,,,,,,,,,,,,,,,,,,,,,,,,,,,,,,,,,,,,,,,,,,,,,,,,,,,,,,,,,,,,,,,,,,,,,,,,,Wiz_603571.jpg,Wiz_603571_1.jpg,Wiz_603571_2.jpg,Wiz_603571_3.jpg,Wiz_603571_4.jpg,,,,,Wiz_603571_Specification_Sheet.pdf,,,,,,,,,,,,,,,,,,
,,,,,,,Lighting,Commercial Lighting,LED Panels,,65-572R1,65572 Satco 2x4 Led Flat Panel,-- Unbranded --,-- No Unilog Brand --,-- No DIB Brand --,Satco Prod Inc (5573),Satco Products Inc,Satco,,65-572R1,,Lighting>Commercial Lighting>LED Panel Lights,"Satco Products Inc, Satco, LED Panel Light, 65-572R1",LED PNL LT,Satco 65-572R1 LED Panel Light With 2 in x 4 in,"Satco LED Panel Light, 2 in x 4 in","LED Panel Light, 2 in x 4 in",,Size: 2 in x 4 in,,,,,,,,,,,,,,,,,,,,,,,,,LED Panel Light,Size,2 in x 4 in,,,,,,,,,,,,,,,,,,,,,,,,,,,,,,,,,,,,,,,,,,,,,,,,,,,,,,,,,,,,,,,,,,,,,,,,,,,,,,,,,,,,,,,,,,,,,,,,,,,,,,,,,,,,,,,,,,,,,,,,,,,,,,,,,,,,,,,,,,,,,,,,,,,,,,,,,,,,,,,,,,,,,,,,Satco_65-572R1.jpg,Satco_65-572R1_1.jpg,Satco_65-572R1_2.jpg,Satco_65-572R1_3.jpg,Satco_65-572R1_4.jpg,,,,,Satco_65-572R1_Specification_Sheet.pdf,,,,,,,,,,,,,,,,,,
,,,,,,,Lighting,Indoor Lighting,Pendants,,52476AVI,52476AVI Kichler Pendant Lt,-- Unbranded --,-- No Unilog Brand --,-- No DIB Brand --,Kichler Lighting (KICLI),Kichler Lighting LLC,KICHLER,,52476AVI,,Lighting>Indoor Lighting>Pendant Lights,"Kichler Lighting LLC, KICHLER, Pendant Light, 52476AVI",PNDT LT,KICHLER 52476AVI Pendant Light,KICHLER Pendant Light,Pendant Light,,,,,,,,,,,,,,,,,,,,,,,,,,,Pendant Light,,,,,,,,,,,,,,,,,,,,,,,,,,,,,,,,,,,,,,,,,,,,,,,,,,,,,,,,,,,,,,,,,,,,,,,,,,,,,,,,,,,,,,,,,,,,,,,,,,,,,,,,,,,,,,,,,,,,,,,,,,,,,,,,,,,,,,,,,,,,,,,,,,,,,,,,,,,,,,,,,,,,,,,,,,KICHLER_52476AVI.jpg,KICHLER_52476AVI_1.jpg,KICHLER_52476AVI_2.jpg,KICHLER_52476AVI_3.jpg,KICHLER_52476AVI_4.jpg,,,,,KICHLER_52476AVI_Specification_Sheet.pdf,,,,,,,,,,,,,,,,,,
,,,,,,,Lighting,Indoor Lighting,Pendants,,42199BK,42199BK Kichler Pendant Lt,-- Unbranded --,-- No Unilog Brand --,-- No DIB Brand --,Kichler Lighting (KICLI),Kichler Lighting LLC,KICHLER,,42199BK,,Lighting>Indoor Lighting>Pendant Lights,"Kichler Lighting LLC, KICHLER, Pendant Light, 42199BK",PNDT LT,KICHLER 42199BK Pendant Light,KICHLER Pendant Light,Pendant Light,,,,,,,,,,,,,,,,,,,,,,,,,,,Pendant Light,,,,,,,,,,,,,,,,,,,,,,,,,,,,,,,,,,,,,,,,,,,,,,,,,,,,,,,,,,,,,,,,,,,,,,,,,,,,,,,,,,,,,,,,,,,,,,,,,,,,,,,,,,,,,,,,,,,,,,,,,,,,,,,,,,,,,,,,,,,,,,,,,,,,,,,,,,,,,,,,,,,,,,,,,,KICHLER_42199BK.jpg,KICHLER_42199BK_1.jpg,KICHLER_42199BK_2.jpg,KICHLER_42199BK_3.jpg,KICHLER_42199BK_4.jpg,,,,,KICHLER_42199BK_Specification_Sheet.pdf,,,,,,,,,,,,,,,,,,
,,,,,,,Lighting,Indoor Lighting,Pendants,,42199BKCS,42199BKCS Kichler Pendant Lt,-- Unbranded --,-- No Unilog Brand --,-- No DIB Brand --,Kichler Lighting (KICLI),Kichler Lighting LLC,KICHLER,,42199BKCS,,Lighting>Indoor Lighting>Pendant Lights,"Kichler Lighting LLC, KICHLER, Pendant Light, 42199BKCS",PNDT LT,KICHLER 42199BKCS Pendant Light,KICHLER Pendant Light,Pendant Light,,,,,,,,,,,,,,,,,,,,,,,,,,,Pendant Light,,,,,,,,,,,,,,,,,,,,,,,,,,,,,,,,,,,,,,,,,,,,,,,,,,,,,,,,,,,,,,,,,,,,,,,,,,,,,,,,,,,,,,,,,,,,,,,,,,,,,,,,,,,,,,,,,,,,,,,,,,,,,,,,,,,,,,,,,,,,,,,,,,,,,,,,,,,,,,,,,,,,,,,,,,KICHLER_42199BKCS.jpg,KICHLER_42199BKCS_1.jpg,KICHLER_42199BKCS_2.jpg,KICHLER_42199BKCS_3.jpg,KICHLER_42199BKCS_4.jpg,,,,,KICHLER_42199BKCS_Specification_Sheet.pdf,,,,,,,,,,,,,,,,,,
,,,,,,,Lighting,Indoor Lighting,Pendants,,42200BK,42200BK Kichler Pendant Lt,-- Unbranded --,-- No Unilog Brand --,-- No DIB Brand --,Kichler Lighting (KICLI),Kichler Lighting LLC,KICHLER,,42200BK,,Lighting>Indoor Lighting>Pendant Lights,"Kichler Lighting LLC, KICHLER, Pendant Light, 42200BK",PNDT LT,KICHLER 42200BK Pendant Light,KICHLER Pendant Light,Pendant Light,,,,,,,,,,,,,,,,,,,,,,,,,,,Pendant Light,,,,,,,,,,,,,,,,,,,,,,,,,,,,,,,,,,,,,,,,,,,,,,,,,,,,,,,,,,,,,,,,,,,,,,,,,,,,,,,,,,,,,,,,,,,,,,,,,,,,,,,,,,,,,,,,,,,,,,,,,,,,,,,,,,,,,,,,,,,,,,,,,,,,,,,,,,,,,,,,,,,,,,,,,,KICHLER_42200BK.jpg,KICHLER_42200BK_1.jpg,KICHLER_42200BK_2.jpg,KICHLER_42200BK_3.jpg,KICHLER_42200BK_4.jpg,,,,,KICHLER_42200BK_Specification_Sheet.pdf,,,,,,,,,,,,,,,,,,
,,,,,,,Lighting,Indoor Lighting,Pendants,,42200BKCS,42200BKCS Kichler Pendant Lt,-- Unbranded --,-- No Unilog Brand --,-- No DIB Brand --,Kichler Lighting (KICLI),Kichler Lighting LLC,KICHLER,,42200BKCS,,Lighting>Indoor Lighting>Pendant Lights,"Kichler Lighting LLC, KICHLER, Pendant Light, 42200BKCS",PNDT LT,KICHLER 42200BKCS Pendant Light,KICHLER Pendant Light,Pendant Light,,,,,,,,,,,,,,,,,,,,,,,,,,,Pendant Light,,,,,,,,,,,,,,,,,,,,,,,,,,,,,,,,,,,,,,,,,,,,,,,,,,,,,,,,,,,,,,,,,,,,,,,,,,,,,,,,,,,,,,,,,,,,,,,,,,,,,,,,,,,,,,,,,,,,,,,,,,,,,,,,,,,,,,,,,,,,,,,,,,,,,,,,,,,,,,,,,,,,,,,,,,KICHLER_42200BKCS.jpg,KICHLER_42200BKCS_1.jpg,KICHLER_42200BKCS_2.jpg,KICHLER_42200BKCS_3.jpg,KICHLER_42200BKCS_4.jpg,,,,,KICHLER_42200BKCS_Specification_Sheet.pdf,,,,,,,,,,,,,,,,,,
,,,,,,,Lighting,Indoor Lighting,Pendants,,43851BK,43851BK Kichler Pendant Lt,-- Unbranded --,-- No Unilog Brand --,-- No DIB Brand --,Kichler Lighting (KICLI),Kichler Lighting LLC,KICHLER,,43851BK,,Lighting>Indoor Lighting>Pendant Lights,"Kichler Lighting LLC, KICHLER, Pendant Light, 43851BK",PNDT LT,KICHLER 43851BK Pendant Light,KICHLER Pendant Light,Pendant Light,,,,,,,,,,,,,,,,,,,,,,,,,,,Pendant Light,,,,,,,,,,,,,,,,,,,,,,,,,,,,,,,,,,,,,,,,,,,,,,,,,,,,,,,,,,,,,,,,,,,,,,,,,,,,,,,,,,,,,,,,,,,,,,,,,,,,,,,,,,,,,,,,,,,,,,,,,,,,,,,,,,,,,,,,,,,,,,,,,,,,,,,,,,,,,,,,,,,,,,,,,,KICHLER_43851BK.jpg,KICHLER_43851BK_1.jpg,KICHLER_43851BK_2.jpg,KICHLER_43851BK_3.jpg,KICHLER_43851BK_4.jpg,,,,,KICHLER_43851BK_Specification_Sheet.pdf,,,,,,,,,,,,,,,,,,
,,,,,,,Lighting,Indoor Lighting,Pendants,,43852BK,43852BK Kichler Pendant Lt,-- Unbranded --,-- No Unilog Brand --,-- No DIB Brand --,Kichler Lighting (KICLI),Kichler Lighting LLC,KICHLER,,43852BK,,Lighting>Indoor Lighting>Pendant Lights,"Kichler Lighting LLC, KICHLER, Pendant Light, 43852BK",PNDT LT,KICHLER 43852BK Pendant Light,KICHLER Pendant Light,Pendant Light,,,,,,,,,,,,,,,,,,,,,,,,,,,Pendant Light,,,,,,,,,,,,,,,,,,,,,,,,,,,,,,,,,,,,,,,,,,,,,,,,,,,,,,,,,,,,,,,,,,,,,,,,,,,,,,,,,,,,,,,,,,,,,,,,,,,,,,,,,,,,,,,,,,,,,,,,,,,,,,,,,,,,,,,,,,,,,,,,,,,,,,,,,,,,,,,,,,,,,,,,,,KICHLER_43852BK.jpg,KICHLER_43852BK_1.jpg,KICHLER_43852BK_2.jpg,KICHLER_43852BK_3.jpg,KICHLER_43852BK_4.jpg,,,,,KICHLER_43852BK_Specification_Sheet.pdf,,,,,,,,,,,,,,,,,,
,,,,,,,Lighting,Indoor Lighting,Pendants,,43853BK,43853BK Kichler Pendant Lt,-- Unbranded --,-- No Unilog Brand --,-- No DIB Brand --,Kichler Lighting (KICLI),Kichler Lighting LLC,KICHLER,,43853BK,,Lighting>Indoor Lighting>Pendant Lights,"Kichler Lighting LLC, KICHLER, Pendant Light, 43853BK",PNDT LT,KICHLER 43853BK Pendant Light,KICHLER Pendant Light,Pendant Light,,,,,,,,,,,,,,,,,,,,,,,,,,,Pendant Light,,,,,,,,,,,,,,,,,,,,,,,,,,,,,,,,,,,,,,,,,,,,,,,,,,,,,,,,,,,,,,,,,,,,,,,,,,,,,,,,,,,,,,,,,,,,,,,,,,,,,,,,,,,,,,,,,,,,,,,,,,,,,,,,,,,,,,,,,,,,,,,,,,,,,,,,,,,,,,,,,,,,,,,,,,KICHLER_43853BK.jpg,KICHLER_43853BK_1.jpg,KICHLER_43853BK_2.jpg,KICHLER_43853BK_3.jpg,KICHLER_43853BK_4.jpg,,,,,KICHLER_43853BK_Specification_Sheet.pdf,,,,,,,,,,,,,,,,,,
,,,,,,,Lighting,Indoor Lighting,Pendants,,43905BK,43905BK Kichler Pendant Lt,-- Unbranded --,-- No Unilog Brand --,-- No DIB Brand --,Kichler Lighting (KICLI),Kichler Lighting LLC,KICHLER,,43905BK,,Lighting>Indoor Lighting>Pendant Lights,"Kichler Lighting LLC, KICHLER, Pendant Light, 43905BK",PNDT LT,KICHLER 43905BK Pendant Light,KICHLER Pendant Light,Pendant Light,,,,,,,,,,,,,,,,,,,,,,,,,,,Pendant Light,,,,,,,,,,,,,,,,,,,,,,,,,,,,,,,,,,,,,,,,,,,,,,,,,,,,,,,,,,,,,,,,,,,,,,,,,,,,,,,,,,,,,,,,,,,,,,,,,,,,,,,,,,,,,,,,,,,,,,,,,,,,,,,,,,,,,,,,,,,,,,,,,,,,,,,,,,,,,,,,,,,,,,,,,,KICHLER_43905BK.jpg,KICHLER_43905BK_1.jpg,KICHLER_43905BK_2.jpg,KICHLER_43905BK_3.jpg,KICHLER_43905BK_4.jpg,,,,,KICHLER_43905BK_Specification_Sheet.pdf,,,,,,,,,,,,,,,,,,
,,,,,,,Lighting,Indoor Lighting,Pendants,,43911BK,43911BK Kichler Pendant Lt,-- Unbranded --,-- No Unilog Brand --,-- No DIB Brand --,Kichler Lighting (KICLI),Kichler Lighting LLC,KICHLER,,43911BK,,Lighting>Indoor Lighting>Pendant Lights,"Kichler Lighting LLC, KICHLER, Pendant Light, 43911BK",PNDT LT,KICHLER 43911BK Pendant Light,KICHLER Pendant Light,Pendant Light,,,,,,,,,,,,,,,,,,,,,,,,,,,Pendant Light,,,,,,,,,,,,,,,,,,,,,,,,,,,,,,,,,,,,,,,,,,,,,,,,,,,,,,,,,,,,,,,,,,,,,,,,,,,,,,,,,,,,,,,,,,,,,,,,,,,,,,,,,,,,,,,,,,,,,,,,,,,,,,,,,,,,,,,,,,,,,,,,,,,,,,,,,,,,,,,,,,,,,,,,,,KICHLER_43911BK.jpg,KICHLER_43911BK_1.jpg,KICHLER_43911BK_2.jpg,KICHLER_43911BK_3.jpg,KICHLER_43911BK_4.jpg,,,,,KICHLER_43911BK_Specification_Sheet.pdf,,,,,,,,,,,,,,,,,,
,,,,,,,Lighting,Indoor Lighting,Pendants,,52529BK,52529BK Kichler Pendant Light,-- Unbranded --,-- No Unilog Brand --,-- No DIB Brand --,Kichler Lighting (KICLI),Kichler Lighting LLC,KICHLER,,52529BK,,Lighting>Indoor Lighting>Pendant Lights,"Kichler Lighting LLC, KICHLER, Pendant Light, 52529BK",PNDT LT,KICHLER 52529BK Pendant Light,KICHLER Pendant Light,Pendant Light,,,,,,,,,,,,,,,,,,,,,,,,,,,Pendant Light,,,,,,,,,,,,,,,,,,,,,,,,,,,,,,,,,,,,,,,,,,,,,,,,,,,,,,,,,,,,,,,,,,,,,,,,,,,,,,,,,,,,,,,,,,,,,,,,,,,,,,,,,,,,,,,,,,,,,,,,,,,,,,,,,,,,,,,,,,,,,,,,,,,,,,,,,,,,,,,,,,,,,,,,,,KICHLER_52529BK.jpg,KICHLER_52529BK_1.jpg,KICHLER_52529BK_2.jpg,KICHLER_52529BK_3.jpg,KICHLER_52529BK_4.jpg,,,,,KICHLER_52529BK_Specification_Sheet.pdf,,,,,,,,,,,,,,,,,,
,,,,,,,Lighting,Indoor Lighting,Pendants,,52662BKCLR,52662BKCLR Kichler Pendant Lt,-- Unbranded --,-- No Unilog Brand --,-- No DIB Brand --,Kichler Lighting (KICLI),Kichler Lighting LLC,KICHLER,,52662BKCLR,,Lighting>Indoor Lighting>Pendant Lights,"Kichler Lighting LLC, KICHLER, Pendant Light, 52662BKCLR",PNDT LT,KICHLER 52662BKCLR Pendant Light,KICHLER Pendant Light,Pendant Light,,,,,,,,,,,,,,,,,,,,,,,,,,,Pendant Light,,,,,,,,,,,,,,,,,,,,,,,,,,,,,,,,,,,,,,,,,,,,,,,,,,,,,,,,,,,,,,,,,,,,,,,,,,,,,,,,,,,,,,,,,,,,,,,,,,,,,,,,,,,,,,,,,,,,,,,,,,,,,,,,,,,,,,,,,,,,,,,,,,,,,,,,,,,,,,,,,,,,,,,,,,KICHLER_52662BKCLR.jpg,KICHLER_52662BKCLR_1.jpg,KICHLER_52662BKCLR_2.jpg,KICHLER_52662BKCLR_3.jpg,KICHLER_52662BKCLR_4.jpg,,,,,KICHLER_52662BKCLR_Specification_Sheet.pdf,,,,,,,,,,,,,,,,,,
,,,,,,,Lighting,Indoor Lighting,Pendants,,52734CPZ,52734CPZ Kichler Pendant Light,-- Unbranded --,-- No Unilog Brand --,-- No DIB Brand --,Kichler Lighting (KICLI),Kichler Lighting LLC,KICHLER,,52734CPZ,,Lighting>Indoor Lighting>Pendant Lights,"Kichler Lighting LLC, KICHLER, Pendant Light, 52734CPZ",PNDT LT,KICHLER 52734CPZ Pendant Light,KICHLER Pendant Light,Pendant Light,,,,,,,,,,,,,,,,,,,,,,,,,,,Pendant Light,,,,,,,,,,,,,,,,,,,,,,,,,,,,,,,,,,,,,,,,,,,,,,,,,,,,,,,,,,,,,,,,,,,,,,,,,,,,,,,,,,,,,,,,,,,,,,,,,,,,,,,,,,,,,,,,,,,,,,,,,,,,,,,,,,,,,,,,,,,,,,,,,,,,,,,,,,,,,,,,,,,,,,,,,,KICHLER_52734CPZ.jpg,KICHLER_52734CPZ_1.jpg,KICHLER_52734CPZ_2.jpg,KICHLER_52734CPZ_3.jpg,KICHLER_52734CPZ_4.jpg,,,,,KICHLER_52734CPZ_Specification_Sheet.pdf,,,,,,,,,,,,,,,,,,
,,,,,,,Lighting,Indoor Lighting,Pendants,,82400,82400 Kichler Pendant Lt,-- Unbranded --,-- No Unilog Brand --,-- No DIB Brand --,Kichler Lighting (KICLI),Kichler Lighting LLC,KICHLER,,82400,,Lighting>Indoor Lighting>Pendant Lights,"Kichler Lighting LLC, KICHLER, Pendant Light, 82400",PNDT LT,KICHLER 82400 Pendant Light,KICHLER Pendant Light,Pendant Light,,,,,,,,,,,,,,,,,,,,,,,,,,,Pendant Light,,,,,,,,,,,,,,,,,,,,,,,,,,,,,,,,,,,,,,,,,,,,,,,,,,,,,,,,,,,,,,,,,,,,,,,,,,,,,,,,,,,,,,,,,,,,,,,,,,,,,,,,,,,,,,,,,,,,,,,,,,,,,,,,,,,,,,,,,,,,,,,,,,,,,,,,,,,,,,,,,,,,,,,,,,KICHLER_82400.jpg,KICHLER_82400_1.jpg,KICHLER_82400_2.jpg,KICHLER_82400_3.jpg,KICHLER_82400_4.jpg,,,,,KICHLER_82400_Specification_Sheet.pdf,,,,,,,,,,,,,,,,,,
,,,,,,,Lighting,Indoor Lighting,Recessed Downlights,,S11606,"S11606 8"" Round Down Lt 30K",-- Unbranded --,-- No Unilog Brand --,-- No DIB Brand --,Satco Prod Inc (5573),Satco Products Inc,Satco,,S11606,,Lighting>Indoor Lighting>Recessed Lighting,"Satco Products Inc, Satco, Downlight, S11606",DNLT,Satco S11606 Downlight With 3000 K,"Satco Downlight, 3000 K","Downlight, 3000 K",,Color Temperature: 3000 K,,,,,,,,,,,,,,,,,,,,,,,,,Downlight,Color Temperature,3000,K,,,,,,,,,,,,,,,,,,,,,,,,,,,,,,,,,,,,,,,,,,,,,,,,,,,,,,,,,,,,,,,,,,,,,,,,,,,,,,,,,,,,,,,,,,,,,,,,,,,,,,,,,,,,,,,,,,,,,,,,,,,,,,,,,,,,,,,,,,,,,,,,,,,,,,,,,,,,,,,,,,,,,,,Satco_S11606.jpg,Satco_S11606_1.jpg,Satco_S11606_2.jpg,Satco_S11606_3.jpg,Satco_S11606_4.jpg,,,,,Satco_S11606_Specification_Sheet.pdf,,,,,,,,,,,,,,,,,,
,,,,,,,Lighting,Indoor Lighting,Recessed Downlights,,S11828,"S11828 8"" Led Down Light",-- Unbranded --,-- No Unilog Brand --,-- No DIB Brand --,Satco Prod Inc (5573),Satco Products Inc,Satco,,S11828,,Lighting>Indoor Lighting>Recessed Lighting,"Satco Products Inc, Satco, Downlight, S11828",DNLT,Satco S11828 Downlight,Satco Downlight,Downlight,,,,,,,,,,,,,,,,,,,,,,,,,,,Downlight,,,,,,,,,,,,,,,,,,,,,,,,,,,,,,,,,,,,,,,,,,,,,,,,,,,,,,,,,,,,,,,,,,,,,,,,,,,,,,,,,,,,,,,,,,,,,,,,,,,,,,,,,,,,,,,,,,,,,,,,,,,,,,,,,,,,,,,,,,,,,,,,,,,,,,,,,,,,,,,,,,,,,,,,,,Satco_S11828.jpg,Satco_S11828_1.jpg,Satco_S11828_2.jpg,Satco_S11828_3.jpg,Satco_S11828_4.jpg,,,,,Satco_S11828_Specification_Sheet.pdf,,,,,,,,,,,,,,,,,,
,,,,,,,Lighting,Light Bulbs,LED Light Bulbs,,801274,"801274 10w LED 6"" Retro 50k",-- Unbranded --,-- No Unilog Brand --,Philips,Phillips Lighting (5831),Signify North America Corporation,Philips,,801274,,Lighting>Light Bulbs>LED Light Bulbs,"Signify North America Corporation, Philips, LED Bulb, 801274",LED BLB,"Philips 801274 LED Bulb With 10 W, 5000 K","Philips LED Bulb, 10 W, 5000 K","LED Bulb, 10 W, 5000 K",,Wattage: 10 W,Color Temperature: 5000 K,,,,,,,,,,,,,,,,,,,,,,,,LED Bulb,Wattage,10,W,Color Temperature,5000,K,,,,,,,,,,,,,,,,,,,,,,,,,,,,,,,,,,,,,,,,,,,,,,,,,,,,,,,,,,,,,,,,,,,,,,,,,,,,,,,,,,,,,,,,,,,,,,,,,,,,,,,,,,,,,,,,,,,,,,,,,,,,,,,,,,,,,,,,,,,,,,,,,,,,,,,,,,,,,,,,,,,,Philips_801274.jpg,Philips_801274_1.jpg,Philips_801274_2.jpg,Philips_801274_3.jpg,Philips_801274_4.jpg,,,,,Philips_801274_Specification_Sheet.pdf,,,,,,,,,,,,,,,,,,
,,,,,,,Lighting,Indoor Lighting,Recessed Downlights,,S11860,"S11860 6"" Downlight White 5 CCT",-- Unbranded --,-- No Unilog Brand --,-- No DIB Brand --,Satco Prod Inc (5573),Satco Products Inc,Satco,,S11860,,Lighting>Indoor Lighting>Recessed Lighting,"Satco Products Inc, Satco, Downlight, S11860",DNLT,Satco S11860 Downlight With White,"Satco Downlight, White","Downlight, White",,Color: White,,,,,,,,,,,,,,,,,,,,,,,,,Downlight,Color,White,,,,,,,,,,,,,,,,,,,,,,,,,,,,,,,,,,,,,,,,,,,,,,,,,,,,,,,,,,,,,,,,,,,,,,,,,,,,,,,,,,,,,,,,,,,,,,,,,,,,,,,,,,,,,,,,,,,,,,,,,,,,,,,,,,,,,,,,,,,,,,,,,,,,,,,,,,,,,,,,,,,,,,,,Satco_S11860.jpg,Satco_S11860_1.jpg,Satco_S11860_2.jpg,Satco_S11860_3.jpg,Satco_S11860_4.jpg,,,,,Satco_S11860_Specification_Sheet.pdf,,,,,,,,,,,,,,,,,,
,,,,,,,Lighting,Indoor Lighting,Recessed Downlights,,S11562,"S11562 Starfish 6"" D/W Downlight",-- Unbranded --,-- No Unilog Brand --,-- No DIB Brand --,Satco Prod Inc (5573),Satco Products Inc,Satco,,S11562,,Lighting>Indoor Lighting>Recessed Lighting,"Satco Products Inc, Satco, Downlight, S11562",DNLT,Satco S11562 Downlight,Satco Downlight,Downlight,,,,,,,,,,,,,,,,,,,,,,,,,,,Downlight,,,,,,,,,,,,,,,,,,,,,,,,,,,,,,,,,,,,,,,,,,,,,,,,,,,,,,,,,,,,,,,,,,,,,,,,,,,,,,,,,,,,,,,,,,,,,,,,,,,,,,,,,,,,,,,,,,,,,,,,,,,,,,,,,,,,,,,,,,,,,,,,,,,,,,,,,,,,,,,,,,,,,,,,,,Satco_S11562.jpg,Satco_S11562_1.jpg,Satco_S11562_2.jpg,Satco_S11562_3.jpg,Satco_S11562_4.jpg,,,,,Satco_S11562_Specification_Sheet.pdf,,,,,,,,,,,,,,,,,,
,,,,,,,Lighting,Indoor Lighting,Recessed Downlights,,S11646,"S11646 6"" Downlight Wh",-- Unbranded --,-- No Unilog Brand --,-- No DIB Brand --,Satco Prod Inc (5573),Satco Products Inc,Satco,,S11646,,Lighting>Indoor Lighting>Recessed Lighting,"Satco Products Inc, Satco, Downlight, S11646",DNLT,Satco S11646 Downlight With White,"Satco Downlight, White","Downlight, White",,Color: White,Finish: White,,,,,,,,,,,,,,,,,,,,,,,,Downlight,Color,White,,Finish,White,,,,,,,,,,,,,,,,,,,,,,,,,,,,,,,,,,,,,,,,,,,,,,,,,,,,,,,,,,,,,,,,,,,,,,,,,,,,,,,,,,,,,,,,,,,,,,,,,,,,,,,,,,,,,,,,,,,,,,,,,,,,,,,,,,,,,,,,,,,,,,,,,,,,,,,,,,,,,,,,,,,,,Satco_S11646.jpg,Satco_S11646_1.jpg,Satco_S11646_2.jpg,Satco_S11646_3.jpg,Satco_S11646_4.jpg,,,,,Satco_S11646_Specification_Sheet.pdf,,,,,,,,,,,,,,,,,,
,,,,,,,Lighting,Indoor Lighting,Recessed Downlights,,S11801R1,"S11801R1 6"" Led Downlight Wh",-- Unbranded --,-- No Unilog Brand --,-- No DIB Brand --,Satco Prod Inc (5573),Satco Products Inc,Satco,,S11801R1,,Lighting>Indoor Lighting>Recessed Lighting,"Satco Products Inc, Satco, Downlight, S11801R1",DNLT,Satco S11801R1 Downlight With White,"Satco Downlight, White","Downlight, White",,Color: White,Finish: White,,,,,,,,,,,,,,,,,,,,,,,,Downlight,Color,White,,Finish,White,,,,,,,,,,,,,,,,,,,,,,,,,,,,,,,,,,,,,,,,,,,,,,,,,,,,,,,,,,,,,,,,,,,,,,,,,,,,,,,,,,,,,,,,,,,,,,,,,,,,,,,,,,,,,,,,,,,,,,,,,,,,,,,,,,,,,,,,,,,,,,,,,,,,,,,,,,,,,,,,,,,,,Satco_S11801R1.jpg,Satco_S11801R1_1.jpg,Satco_S11801R1_2.jpg,Satco_S11801R1_3.jpg,Satco_S11801R1_4.jpg,,,,,Satco_S11801R1_Specification_Sheet.pdf,,,,,,,,,,,,,,,,,,
,,,,,,,Lighting,Indoor Lighting,Recessed Downlights,,S11848,"S11848 10"" Down Light Wh",-- Unbranded --,-- No Unilog Brand --,-- No DIB Brand --,Satco Prod Inc (5573),Satco Products Inc,Satco,,S11848,,Lighting>Indoor Lighting>Recessed Lighting,"Satco Products Inc, Satco, Downlight, S11848",DNLT,Satco S11848 Downlight With White,"Satco Downlight, White","Downlight, White",,Color: White,Finish: White,,,,,,,,,,,,,,,,,,,,,,,,Downlight,Color,White,,Finish,White,,,,,,,,,,,,,,,,,,,,,,,,,,,,,,,,,,,,,,,,,,,,,,,,,,,,,,,,,,,,,,,,,,,,,,,,,,,,,,,,,,,,,,,,,,,,,,,,,,,,,,,,,,,,,,,,,,,,,,,,,,,,,,,,,,,,,,,,,,,,,,,,,,,,,,,,,,,,,,,,,,,,,Satco_S11848.jpg,Satco_S11848_1.jpg,Satco_S11848_2.jpg,Satco_S11848_3.jpg,Satco_S11848_4.jpg,,,,,Satco_S11848_Specification_Sheet.pdf,,,,,,,,,,,,,,,,,,
,,,,,,,Lighting,Indoor Lighting,Recessed Downlights,,S11849,"S11849 12"" Down Light Wh",-- Unbranded --,-- No Unilog Brand --,-- No DIB Brand --,Satco Prod Inc (5573),Satco Products Inc,Satco,,S11849,,Lighting>Indoor Lighting>Recessed Lighting,"Satco Products Inc, Satco, Downlight, S11849",DNLT,Satco S11849 Downlight With White,"Satco Downlight, White","Downlight, White",,Color: White,Finish: White,,,,,,,,,,,,,,,,,,,,,,,,Downlight,Color,White,,Finish,White,,,,,,,,,,,,,,,,,,,,,,,,,,,,,,,,,,,,,,,,,,,,,,,,,,,,,,,,,,,,,,,,,,,,,,,,,,,,,,,,,,,,,,,,,,,,,,,,,,,,,,,,,,,,,,,,,,,,,,,,,,,,,,,,,,,,,,,,,,,,,,,,,,,,,,,,,,,,,,,,,,,,,Satco_S11849.jpg,Satco_S11849_1.jpg,Satco_S11849_2.jpg,Satco_S11849_3.jpg,Satco_S11849_4.jpg,,,,,Satco_S11849_Specification_Sheet.pdf,,,,,,,,,,,,,,,,,,
,,,,,,,Lighting,Indoor Lighting,Recessed Downlights,,HLBSL609FS5,"HLBSL609FS5 6"" Down Light",-- Unbranded --,-- No Unilog Brand --,-- No DIB Brand --,Cooper Lighting (7638),Cooper Lighting Solutions,,,HLBSL609FS5,,Lighting>Indoor Lighting>Recessed Lighting,"Cooper Lighting Solutions, Downlight, HLBSL609FS5",DNLT,HLBSL609FS5 Downlight,Downlight,Downlight,,,,,,,,,,,,,,,,,,,,,,,,,,,Downlight,,,,,,,,,,,,,,,,,,,,,,,,,,,,,,,,,,,,,,,,,,,,,,,,,,,,,,,,,,,,,,,,,,,,,,,,,,,,,,,,,,,,,,,,,,,,,,,,,,,,,,,,,,,,,,,,,,,,,,,,,,,,,,,,,,,,,,,,,,,,,,,,,,,,,,,,,,,,,,,,,,,,,,,,,,,,,,,,,,,,,,,,,,,,,,,,,,,,,
,,,,,,,Lighting,Indoor Lighting,Recessed Downlights,,WF4REGSWW590CRIMW,"WF4REGSWW590CRIMW 4"" Down Light",-- Unbranded --,-- No Unilog Brand --,-- No DIB Brand --,Lithonia Lighting (2776),Lithonia Lighting,,,WF4REGSWW590CRIMW,,Lighting>Indoor Lighting>Recessed Lighting,"Lithonia Lighting, Downlight, WF4REGSWW590CRIMW",DNLT,WF4REGSWW590CRIMW Downlight,Downlight,Downlight,,,,,,,,,,,,,,,,,,,,,,,,,,,Downlight,,,,,,,,,,,,,,,,,,,,,,,,,,,,,,,,,,,,,,,,,,,,,,,,,,,,,,,,,,,,,,,,,,,,,,,,,,,,,,,,,,,,,,,,,,,,,,,,,,,,,,,,,,,,,,,,,,,,,,,,,,,,,,,,,,,,,,,,,,,,,,,,,,,,,,,,,,,,,,,,,,,,,,,,,,,,,,,,,,,,,,,,,,,,,,,,,,,,,
,,,,,,,Lighting,Indoor Lighting,Ceiling Lights,,43849WH5CCT,43849WH5CCT Kichler Ceiling Lt,-- Unbranded --,-- No Unilog Brand --,-- No DIB Brand --,Kichler Lighting (KICLI),Kichler Lighting LLC,KICHLER,,43849WH5CCT,,Lighting>Indoor Lighting>Ceiling Lights,"Kichler Lighting LLC, KICHLER, Ceiling Light, 43849WH5CCT, Ceiling",CLG LT CEIL,KICHLER 43849WH5CCT Ceiling Light With Ceiling Mounting,"KICHLER Ceiling Light, Ceiling Mounting","Ceiling Light, Ceiling Mounting",,Mounting Type: Ceiling,,,,,,,,,,,,,,,,,,,,,,,,,Ceiling Light,Mounting Type,Ceiling,,,,,,,,,,,,,,,,,,,,,,,,,,,,,,,,,,,,,,,,,,,,,,,,,,,,,,,,,,,,,,,,,,,,,,,,,,,,,,,,,,,,,,,,,,,,,,,,,,,,,,,,,,,,,,,,,,,,,,,,,,,,,,,,,,,,,,,,,,,,,,,,,,,,,,,,,,,,,,,,,,,,,,,,KICHLER_43849WH5CCT.jpg,KICHLER_43849WH5CCT_1.jpg,KICHLER_43849WH5CCT_2.jpg,KICHLER_43849WH5CCT_3.jpg,KICHLER_43849WH5CCT_4.jpg,,,,,KICHLER_43849WH5CCT_Specification_Sheet.pdf,,,,,,,,,,,,,,,,,,
,,,,,,,Lighting,Indoor Lighting,Ceiling Lights,,62-1777,"62-1777 15"" Ceiling Lt Wh",-- Unbranded --,-- No Unilog Brand --,-- No DIB Brand --,Satco Prod Inc (5573),Satco Products Inc,Satco,,62-1777,,Lighting>Indoor Lighting>Ceiling Lights,"Satco Products Inc, Satco, Ceiling Light, 62-1777, Ceiling",CLG LT CEIL,"Satco 62-1777 Ceiling Light With Ceiling Mounting, White","Satco Ceiling Light, Ceiling Mounting, White","Ceiling Light, Ceiling Mounting, White",,Mounting Type: Ceiling,Color: White,Finish: White,,,,,,,,,,,,,,,,,,,,,,,Ceiling Light,Mounting Type,Ceiling,,Color,White,,Finish,White,,,,,,,,,,,,,,,,,,,,,,,,,,,,,,,,,,,,,,,,,,,,,,,,,,,,,,,,,,,,,,,,,,,,,,,,,,,,,,,,,,,,,,,,,,,,,,,,,,,,,,,,,,,,,,,,,,,,,,,,,,,,,,,,,,,,,,,,,,,,,,,,,,,,,,,,,,,,,,,,,,Satco_62-1777.jpg,Satco_62-1777_1.jpg,Satco_62-1777_2.jpg,Satco_62-1777_3.jpg,Satco_62-1777_4.jpg,,,,,Satco_62-1777_Specification_Sheet.pdf,,,,,,,,,,,,,,,,,,
,,,,,,,Lighting,Indoor Lighting,Ceiling Lights,,62-1778,"62-1778 19"" Ceiling Lt Wh",-- Unbranded --,-- No Unilog Brand --,-- No DIB Brand --,Satco Prod Inc (5573),Satco Products Inc,Satco,,62-1778,,Lighting>Indoor Lighting>Ceiling Lights,"Satco Products Inc, Satco, Ceiling Light, 62-1778, Ceiling",CLG LT CEIL,"Satco 62-1778 Ceiling Light With Ceiling Mounting, White","Satco Ceiling Light, Ceiling Mounting, White","Ceiling Light, Ceiling Mounting, White",,Mounting Type: Ceiling,Color: White,Finish: White,,,,,,,,,,,,,,,,,,,,,,,Ceiling Light,Mounting Type,Ceiling,,Color,White,,Finish,White,,,,,,,,,,,,,,,,,,,,,,,,,,,,,,,,,,,,,,,,,,,,,,,,,,,,,,,,,,,,,,,,,,,,,,,,,,,,,,,,,,,,,,,,,,,,,,,,,,,,,,,,,,,,,,,,,,,,,,,,,,,,,,,,,,,,,,,,,,,,,,,,,,,,,,,,,,,,,,,,,,Satco_62-1778.jpg,Satco_62-1778_1.jpg,Satco_62-1778_2.jpg,Satco_62-1778_3.jpg,Satco_62-1778_4.jpg,,,,,Satco_62-1778_Specification_Sheet.pdf,,,,,,,,,,,,,,,,,,
,,,,,,,Lighting,Indoor Lighting,Ceiling Lights,,62-1784,62-1784 24x24 Led Ceiling Lt,-- Unbranded --,-- No Unilog Brand --,-- No DIB Brand --,Satco Prod Inc (5573),Satco Products Inc,Satco,,62-1784,,Lighting>Indoor Lighting>Ceiling Lights,"Satco Products Inc, Satco, Ceiling Light, 62-1784, Ceiling",CLG LT CEIL,"Satco 62-1784 Ceiling Light With Ceiling Mounting, 24 in x 24 in","Satco Ceiling Light, Ceiling Mounting, 24 in x 24 in","Ceiling Light, Ceiling Mounting, 24 in x 24 in",,Mounting Type: Ceiling,Size: 24 in x 24 in,,,,,,,,,,,,,,,,,,,,,,,,Ceiling Light,Mounting Type,Ceiling,,Size,24 in x 24 in,,,,,,,,,,,,,,,,,,,,,,,,,,,,,,,,,,,,,,,,,,,,,,,,,,,,,,,,,,,,,,,,,,,,,,,,,,,,,,,,,,,,,,,,,,,,,,,,,,,,,,,,,,,,,,,,,,,,,,,,,,,,,,,,,,,,,,,,,,,,,,,,,,,,,,,,,,,,,,,,,,,,,Satco_62-1784.jpg,Satco_62-1784_1.jpg,Satco_62-1784_2.jpg,Satco_62-1784_3.jpg,Satco_62-1784_4.jpg,,,,,Satco_62-1784_Specification_Sheet.pdf,,,,,,,,,,,,,,,,,,
,,,,,,,Lighting,Indoor Lighting,Ceiling Lights,,62-1787,"62-1787 15"" Ceiling Lt Bk",-- Unbranded --,-- No Unilog Brand --,-- No DIB Brand --,Satco Prod Inc (5573),Satco Products Inc,Satco,,62-1787,,Lighting>Indoor Lighting>Ceiling Lights,"Satco Products Inc, Satco, Ceiling Light, 62-1787, Ceiling",CLG LT CEIL,"Satco 62-1787 Ceiling Light With Ceiling Mounting, Black","Satco Ceiling Light, Ceiling Mounting, Black","Ceiling Light, Ceiling Mounting, Black",,Mounting Type: Ceiling,Color: Black,Finish: Black,,,,,,,,,,,,,,,,,,,,,,,Ceiling Light,Mounting Type,Ceiling,,Color,Black,,Finish,Black,,,,,,,,,,,,,,,,,,,,,,,,,,,,,,,,,,,,,,,,,,,,,,,,,,,,,,,,,,,,,,,,,,,,,,,,,,,,,,,,,,,,,,,,,,,,,,,,,,,,,,,,,,,,,,,,,,,,,,,,,,,,,,,,,,,,,,,,,,,,,,,,,,,,,,,,,,,,,,,,,,Satco_62-1787.jpg,Satco_62-1787_1.jpg,Satco_62-1787_2.jpg,Satco_62-1787_3.jpg,Satco_62-1787_4.jpg,,,,,Satco_62-1787_Specification_Sheet.pdf,,,,,,,,,,,,,,,,,,
,,,,,,,Lighting,Indoor Lighting,Ceiling Lights,,62-1788,"62-1788 19"" Ceiling Lt Bk",-- Unbranded --,-- No Unilog Brand --,-- No DIB Brand --,Satco Prod Inc (5573),Satco Products Inc,Satco,,62-1788,,Lighting>Indoor Lighting>Ceiling Lights,"Satco Products Inc, Satco, Ceiling Light, 62-1788, Ceiling",CLG LT CEIL,"Satco 62-1788 Ceiling Light With Ceiling Mounting, Black","Satco Ceiling Light, Ceiling Mounting, Black","Ceiling Light, Ceiling Mounting, Black",,Mounting Type: Ceiling,Color: Black,Finish: Black,,,,,,,,,,,,,,,,,,,,,,,Ceiling Light,Mounting Type,Ceiling,,Color,Black,,Finish,Black,,,,,,,,,,,,,,,,,,,,,,,,,,,,,,,,,,,,,,,,,,,,,,,,,,,,,,,,,,,,,,,,,,,,,,,,,,,,,,,,,,,,,,,,,,,,,,,,,,,,,,,,,,,,,,,,,,,,,,,,,,,,,,,,,,,,,,,,,,,,,,,,,,,,,,,,,,,,,,,,,,Satco_62-1788.jpg,Satco_62-1788_1.jpg,Satco_62-1788_2.jpg,Satco_62-1788_3.jpg,Satco_62-1788_4.jpg,,,,,Satco_62-1788_Specification_Sheet.pdf,,,,,,,,,,,,,,,,,,
,,,,,,,Lighting,Task Lighting,Work & Task Lights,,SHOP/4X2/840/V1,4' Feit Shop Light 4500L 40k,-- Unbranded --,-- No Unilog Brand --,Feit Electric,Feit Electric (3468),Feit Electric Company,Feit Electric,,SHOP/4X2/840/V1,,Lighting>Portable & Task Lighting>Work Lights & Flashlights,"Feit Electric Company, Feit Electric, Work Light, SHOP/4X2/840/V1",WRK LT,Feit Electric SHOP/4X2/840/V1 Work Light With 4000 K,"Feit Electric Work Light, 4000 K","Work Light, 4000 K",,Color Temperature: 4000 K,,,,,,,,,,,,,,,,,,,,,,,,,Work Light,Color Temperature,4000,K,,,,,,,,,,,,,,,,,,,,,,,,,,,,,,,,,,,,,,,,,,,,,,,,,,,,,,,,,,,,,,,,,,,,,,,,,,,,,,,,,,,,,,,,,,,,,,,,,,,,,,,,,,,,,,,,,,,,,,,,,,,,,,,,,,,,,,,,,,,,,,,,,,,,,,,,,,,,,,,,,,,,,,,FeitElectric_SHOP4X2840V1.jpg,FeitElectric_SHOP4X2840V1_1.jpg,FeitElectric_SHOP4X2840V1_2.jpg,FeitElectric_SHOP4X2840V1_3.jpg,FeitElectric_SHOP4X2840V1_4.jpg,,,,,FeitElectric_SHOP4X2840V1_Specification_Sheet.pdf,,,,,,,,,,,,,,,,,,
,,,,,,,Lighting,Indoor Lighting,Wall Lights,,45495BKCLR,45495BKCLR Kichler Wall Lt,-- Unbranded --,-- No Unilog Brand --,-- No DIB Brand --,Kichler Lighting (KICLI),Kichler Lighting LLC,KICHLER,,45495BKCLR,,Lighting>Indoor Lighting>Wall Lights,"Kichler Lighting LLC, KICHLER, Wall Light, 45495BKCLR",WALL LT,KICHLER 45495BKCLR Wall Light,KICHLER Wall Light,Wall Light,,,,,,,,,,,,,,,,,,,,,,,,,,,Wall Light,,,,,,,,,,,,,,,,,,,,,,,,,,,,,,,,,,,,,,,,,,,,,,,,,,,,,,,,,,,,,,,,,,,,,,,,,,,,,,,,,,,,,,,,,,,,,,,,,,,,,,,,,,,,,,,,,,,,,,,,,,,,,,,,,,,,,,,,,,,,,,,,,,,,,,,,,,,,,,,,,,,,,,,,,,KICHLER_45495BKCLR.jpg,KICHLER_45495BKCLR_1.jpg,KICHLER_45495BKCLR_2.jpg,KICHLER_45495BKCLR_3.jpg,KICHLER_45495BKCLR_4.jpg,,,,,KICHLER_45495BKCLR_Specification_Sheet.pdf,,,,,,,,,,,,,,,,,,
,,,,,,,Lighting,Indoor Lighting,Wall Sconces,,55209NI,55209NI Kichler Wall Sconce,-- Unbranded --,-- No Unilog Brand --,-- No DIB Brand --,Kichler Lighting (KICLI),Kichler Lighting LLC,KICHLER,,55209NI,,Lighting>Indoor Lighting>Wall Sconces,"Kichler Lighting LLC, KICHLER, Wall Sconce, 55209NI",WALL SCNC,KICHLER 55209NI Wall Sconce,KICHLER Wall Sconce,Wall Sconce,,,,,,,,,,,,,,,,,,,,,,,,,,,Wall Sconce,,,,,,,,,,,,,,,,,,,,,,,,,,,,,,,,,,,,,,,,,,,,,,,,,,,,,,,,,,,,,,,,,,,,,,,,,,,,,,,,,,,,,,,,,,,,,,,,,,,,,,,,,,,,,,,,,,,,,,,,,,,,,,,,,,,,,,,,,,,,,,,,,,,,,,,,,,,,,,,,,,,,,,,,,,KICHLER_55209NI.jpg,KICHLER_55209NI_1.jpg,KICHLER_55209NI_2.jpg,KICHLER_55209NI_3.jpg,KICHLER_55209NI_4.jpg,,,,,KICHLER_55209NI_Specification_Sheet.pdf,,,,,,,,,,,,,,,,,,
,,,,,,,Lighting,Indoor Lighting,LED Wrap Lights,,65-1210,65-1210 2' LED Wrap Lt,-- Unbranded --,-- No Unilog Brand --,-- No DIB Brand --,Satco Prod Inc (5573),Satco Products Inc,Satco,,65-1210,,Lighting>Indoor Lighting>LED Wrap Lights,"Satco Products Inc, Satco, LED Wrap Light, 65-1210",LED WRAP LT,Satco 65-1210 LED Wrap Light,Satco LED Wrap Light,LED Wrap Light,,,,,,,,,,,,,,,,,,,,,,,,,,,LED Wrap Light,,,,,,,,,,,,,,,,,,,,,,,,,,,,,,,,,,,,,,,,,,,,,,,,,,,,,,,,,,,,,,,,,,,,,,,,,,,,,,,,,,,,,,,,,,,,,,,,,,,,,,,,,,,,,,,,,,,,,,,,,,,,,,,,,,,,,,,,,,,,,,,,,,,,,,,,,,,,,,,,,,,,,,,,,,Satco_65-1210.jpg,Satco_65-1210_1.jpg,Satco_65-1210_2.jpg,Satco_65-1210_3.jpg,Satco_65-1210_4.jpg,,,,,Satco_65-1210_Specification_Sheet.pdf,,,,,,,,,,,,,,,,,,
,,,,,,,Lighting,Indoor Lighting,LED Wrap Lights,,65-1211,65-1211 4' Led Wrap Light,-- Unbranded --,-- No Unilog Brand --,-- No DIB Brand --,Satco Prod Inc (5573),Satco Products Inc,Satco,,65-1211,,Lighting>Indoor Lighting>LED Wrap Lights,"Satco Products Inc, Satco, LED Wrap Light, 65-1211",LED WRAP LT,Satco 65-1211 LED Wrap Light,Satco LED Wrap Light,LED Wrap Light,,,,,,,,,,,,,,,,,,,,,,,,,,,LED Wrap Light,,,,,,,,,,,,,,,,,,,,,,,,,,,,,,,,,,,,,,,,,,,,,,,,,,,,,,,,,,,,,,,,,,,,,,,,,,,,,,,,,,,,,,,,,,,,,,,,,,,,,,,,,,,,,,,,,,,,,,,,,,,,,,,,,,,,,,,,,,,,,,,,,,,,,,,,,,,,,,,,,,,,,,,,,,Satco_65-1211.jpg,Satco_65-1211_1.jpg,Satco_65-1211_2.jpg,Satco_65-1211_3.jpg,Satco_65-1211_4.jpg,,,,,Satco_65-1211_Specification_Sheet.pdf,,,,,,,,,,,,,,,,,,
,,,,,,,Lighting,Light Bulbs,Specialty Bulbs,,141465,"141465 15W Flor 18"" T12 27k",-- Unbranded --,-- No Unilog Brand --,Philips,Phillips Lighting (5831),Signify North America Corporation,Philips,,141465,,Lighting>Light Bulbs>Specialty Bulbs,"Signify North America Corporation, Philips, Light Bulb, 141465",LT BLB,"Philips 141465 Light Bulb With 15 W, 2700 K","Philips Light Bulb, 15 W, 2700 K","Light Bulb, 15 W, 2700 K",,Wattage: 15 W,Color Temperature: 2700 K,,,,,,,,,,,,,,,,,,,,,,,,Light Bulb,Wattage,15,W,Color Temperature,2700,K,,,,,,,,,,,,,,,,,,,,,,,,,,,,,,,,,,,,,,,,,,,,,,,,,,,,,,,,,,,,,,,,,,,,,,,,,,,,,,,,,,,,,,,,,,,,,,,,,,,,,,,,,,,,,,,,,,,,,,,,,,,,,,,,,,,,,,,,,,,,,,,,,,,,,,,,,,,,,,,,,,,,Philips_141465.jpg,Philips_141465_1.jpg,Philips_141465_2.jpg,Philips_141465_3.jpg,Philips_141465_4.jpg,,,,,Philips_141465_Specification_Sheet.pdf,,,,,,,,,,,,,,,,,,
,,,,,,,Lighting,Light Bulbs,LED Light Bulbs,,391227,"391227 32W Led 12"" T9 30K",-- Unbranded --,-- No Unilog Brand --,Philips,Phillips Lighting (5831),Signify North America Corporation,Philips,,391227,,Lighting>Light Bulbs>LED Light Bulbs,"Signify North America Corporation, Philips, LED Bulb, 391227",LED BLB,"Philips 391227 LED Bulb With 32 W, 3000 K","Philips LED Bulb, 32 W, 3000 K","LED Bulb, 32 W, 3000 K",,Wattage: 32 W,Color Temperature: 3000 K,,,,,,,,,,,,,,,,,,,,,,,,LED Bulb,Wattage,32,W,Color Temperature,3000,K,,,,,,,,,,,,,,,,,,,,,,,,,,,,,,,,,,,,,,,,,,,,,,,,,,,,,,,,,,,,,,,,,,,,,,,,,,,,,,,,,,,,,,,,,,,,,,,,,,,,,,,,,,,,,,,,,,,,,,,,,,,,,,,,,,,,,,,,,,,,,,,,,,,,,,,,,,,,,,,,,,,,Philips_391227.jpg,Philips_391227_1.jpg,Philips_391227_2.jpg,Philips_391227_3.jpg,Philips_391227_4.jpg,,,,,Philips_391227_Specification_Sheet.pdf,,,,,,,,,,,,,,,,,,
,,,,,,,Lighting,Light Bulbs,Specialty Bulbs,,392225,"392225 22W Flor 8"" T9 30k",-- Unbranded --,-- No Unilog Brand --,Philips,Phillips Lighting (5831),Signify North America Corporation,Philips,,392225,,Lighting>Light Bulbs>Specialty Bulbs,"Signify North America Corporation, Philips, Light Bulb, 392225",LT BLB,"Philips 392225 Light Bulb With 22 W, 3000 K","Philips Light Bulb, 22 W, 3000 K","Light Bulb, 22 W, 3000 K",,Wattage: 22 W,Color Temperature: 3000 K,,,,,,,,,,,,,,,,,,,,,,,,Light Bulb,Wattage,22,W,Color Temperature,3000,K,,,,,,,,,,,,,,,,,,,,,,,,,,,,,,,,,,,,,,,,,,,,,,,,,,,,,,,,,,,,,,,,,,,,,,,,,,,,,,,,,,,,,,,,,,,,,,,,,,,,,,,,,,,,,,,,,,,,,,,,,,,,,,,,,,,,,,,,,,,,,,,,,,,,,,,,,,,,,,,,,,,,Philips_392225.jpg,Philips_392225_1.jpg,Philips_392225_2.jpg,Philips_392225_3.jpg,Philips_392225_4.jpg,,,,,Philips_392225_Specification_Sheet.pdf,,,,,,,,,,,,,,,,,,
,,,,,,,Lighting,Light Bulbs,Specialty Bulbs,,S3539,S3539 20W Halogen Pin T4,-- Unbranded --,-- No Unilog Brand --,Satco,Satco Prod Inc (5573),Satco Products Inc,Satco,,S3539,,Lighting>Light Bulbs>Specialty Bulbs,"Satco Products Inc, Satco, Light Bulb, S3539",LT BLB,Satco S3539 Light Bulb With 20 W,"Satco Light Bulb, 20 W","Light Bulb, 20 W",,Wattage: 20 W,,,,,,,,,,,,,,,,,,,,,,,,,Light Bulb,Wattage,20,W,,,,,,,,,,,,,,,,,,,,,,,,,,,,,,,,,,,,,,,,,,,,,,,,,,,,,,,,,,,,,,,,,,,,,,,,,,,,,,,,,,,,,,,,,,,,,,,,,,,,,,,,,,,,,,,,,,,,,,,,,,,,,,,,,,,,,,,,,,,,,,,,,,,,,,,,,,,,,,,,,,,,,,,Satco_S3539.jpg,Satco_S3539_1.jpg,Satco_S3539_2.jpg,Satco_S3539_3.jpg,Satco_S3539_4.jpg,,,,,Satco_S3539_Specification_Sheet.pdf,,,,,,,,,,,,,,,,,,
,,,,,,,Lighting,Light Bulbs,LED Light Bulbs,,S3496,S3496 300W Halogen T3 Bulb,-- Unbranded --,-- No Unilog Brand --,Satco,Satco Prod Inc (5573),Satco Products Inc,Satco,,S3496,,Lighting>Light Bulbs>LED Light Bulbs,"Satco Products Inc, Satco, LED Bulb, S3496",LED BLB,Satco S3496 LED Bulb With 300 W,"Satco LED Bulb, 300 W","LED Bulb, 300 W",,Wattage: 300 W,,,,,,,,,,,,,,,,,,,,,,,,,LED Bulb,Wattage,300,W,,,,,,,,,,,,,,,,,,,,,,,,,,,,,,,,,,,,,,,,,,,,,,,,,,,,,,,,,,,,,,,,,,,,,,,,,,,,,,,,,,,,,,,,,,,,,,,,,,,,,,,,,,,,,,,,,,,,,,,,,,,,,,,,,,,,,,,,,,,,,,,,,,,,,,,,,,,,,,,,,,,,,,,Satco_S3496.jpg,Satco_S3496_1.jpg,Satco_S3496_2.jpg,Satco_S3496_3.jpg,Satco_S3496_4.jpg,,,,,Satco_S3496_Specification_Sheet.pdf,,,,,,,,,,,,,,,,,,
,,,,,,,Lighting,Light Bulbs,Specialty Bulbs,,467316,467316 150W Sodium Med 21k,-- Unbranded --,-- No Unilog Brand --,Philips,Phillips Lighting (5831),Signify North America Corporation,Philips,,467316,,Lighting>Light Bulbs>Specialty Bulbs,"Signify North America Corporation, Philips, Light Bulb, 467316",LT BLB,"Philips 467316 Light Bulb With 150 W, 2100 K","Philips Light Bulb, 150 W, 2100 K","Light Bulb, 150 W, 2100 K",,Wattage: 150 W,Color Temperature: 2100 K,,,,,,,,,,,,,,,,,,,,,,,,Light Bulb,Wattage,150,W,Color Temperature,2100,K,,,,,,,,,,,,,,,,,,,,,,,,,,,,,,,,,,,,,,,,,,,,,,,,,,,,,,,,,,,,,,,,,,,,,,,,,,,,,,,,,,,,,,,,,,,,,,,,,,,,,,,,,,,,,,,,,,,,,,,,,,,,,,,,,,,,,,,,,,,,,,,,,,,,,,,,,,,,,,,,,,,,Philips_467316.jpg,Philips_467316_1.jpg,Philips_467316_2.jpg,Philips_467316_3.jpg,Philips_467316_4.jpg,,,,,Philips_467316_Specification_Sheet.pdf,,,,,,,,,,,,,,,,,,
,,,,,,,Lighting,Light Bulbs,LED Light Bulbs,,S3709,S3709 25W Incan 27K,-- Unbranded --,-- No Unilog Brand --,Satco,Satco Prod Inc (5573),Satco Products Inc,Satco,,S3709,,Lighting>Light Bulbs>LED Light Bulbs,"Satco Products Inc, Satco, LED Bulb, S3709",LED BLB,"Satco S3709 LED Bulb With 25 W, 2700 K","Satco LED Bulb, 25 W, 2700 K","LED Bulb, 25 W, 2700 K",,Wattage: 25 W,Color Temperature: 2700 K,,,,,,,,,,,,,,,,,,,,,,,,LED Bulb,Wattage,25,W,Color Temperature,2700,K,,,,,,,,,,,,,,,,,,,,,,,,,,,,,,,,,,,,,,,,,,,,,,,,,,,,,,,,,,,,,,,,,,,,,,,,,,,,,,,,,,,,,,,,,,,,,,,,,,,,,,,,,,,,,,,,,,,,,,,,,,,,,,,,,,,,,,,,,,,,,,,,,,,,,,,,,,,,,,,,,,,,Satco_S3709.jpg,Satco_S3709_1.jpg,Satco_S3709_2.jpg,Satco_S3709_3.jpg,Satco_S3709_4.jpg,,,,,Satco_S3709_Specification_Sheet.pdf,,,,,,,,,,,,,,,,,,
,,,,,,,Lighting,Light Bulbs,LED Light Bulbs,,S4720,S4720 25W Incan 27K,-- Unbranded --,-- No Unilog Brand --,Satco,Satco Prod Inc (5573),Satco Products Inc,Satco,,S4720,,Lighting>Light Bulbs>LED Light Bulbs,"Satco Products Inc, Satco, LED Bulb, S4720",LED BLB,"Satco S4720 LED Bulb With 25 W, 2700 K","Satco LED Bulb, 25 W, 2700 K","LED Bulb, 25 W, 2700 K",,Wattage: 25 W,Color Temperature: 2700 K,,,,,,,,,,,,,,,,,,,,,,,,LED Bulb,Wattage,25,W,Color Temperature,2700,K,,,,,,,,,,,,,,,,,,,,,,,,,,,,,,,,,,,,,,,,,,,,,,,,,,,,,,,,,,,,,,,,,,,,,,,,,,,,,,,,,,,,,,,,,,,,,,,,,,,,,,,,,,,,,,,,,,,,,,,,,,,,,,,,,,,,,,,,,,,,,,,,,,,,,,,,,,,,,,,,,,,,Satco_S4720.jpg,Satco_S4720_1.jpg,Satco_S4720_2.jpg,Satco_S4720_3.jpg,Satco_S4720_4.jpg,,,,,Satco_S4720_Specification_Sheet.pdf,,,,,,,,,,,,,,,,,,
,,,,,,,Lighting,Light Bulbs,LED Light Bulbs,,S3720,S3720 40w Inc A15 Med 26k,-- Unbranded --,-- No Unilog Brand --,Satco,Satco Prod Inc (5573),Satco Products Inc,Satco,,S3720,,Lighting>Light Bulbs>LED Light Bulbs,"Satco Products Inc, Satco, LED Bulb, S3720",LED BLB,"Satco S3720 LED Bulb With 40 W, 2600 K","Satco LED Bulb, 40 W, 2600 K","LED Bulb, 40 W, 2600 K",,Wattage: 40 W,Color Temperature: 2600 K,,,,,,,,,,,,,,,,,,,,,,,,LED Bulb,Wattage,40,W,Color Temperature,2600,K,,,,,,,,,,,,,,,,,,,,,,,,,,,,,,,,,,,,,,,,,,,,,,,,,,,,,,,,,,,,,,,,,,,,,,,,,,,,,,,,,,,,,,,,,,,,,,,,,,,,,,,,,,,,,,,,,,,,,,,,,,,,,,,,,,,,,,,,,,,,,,,,,,,,,,,,,,,,,,,,,,,,Satco_S3720.jpg,Satco_S3720_1.jpg,Satco_S3720_2.jpg,Satco_S3720_3.jpg,Satco_S3720_4.jpg,,,,,Satco_S3720_Specification_Sheet.pdf,,,,,,,,,,,,,,,,,,
,,,,,,,Lighting,Light Bulbs,LED Light Bulbs,,S3702,S3702 40W Incan Med 27K,-- Unbranded --,-- No Unilog Brand --,Satco,Satco Prod Inc (5573),Satco Products Inc,Satco,,S3702,,Lighting>Light Bulbs>LED Light Bulbs,"Satco Products Inc, Satco, LED Bulb, S3702",LED BLB,"Satco S3702 LED Bulb With 40 W, 2700 K","Satco LED Bulb, 40 W, 2700 K","LED Bulb, 40 W, 2700 K",,Wattage: 40 W,Color Temperature: 2700 K,,,,,,,,,,,,,,,,,,,,,,,,LED Bulb,Wattage,40,W,Color Temperature,2700,K,,,,,,,,,,,,,,,,,,,,,,,,,,,,,,,,,,,,,,,,,,,,,,,,,,,,,,,,,,,,,,,,,,,,,,,,,,,,,,,,,,,,,,,,,,,,,,,,,,,,,,,,,,,,,,,,,,,,,,,,,,,,,,,,,,,,,,,,,,,,,,,,,,,,,,,,,,,,,,,,,,,,Satco_S3702.jpg,Satco_S3702_1.jpg,Satco_S3702_2.jpg,Satco_S3702_3.jpg,Satco_S3702_4.jpg,,,,,Satco_S3702_Specification_Sheet.pdf,,,,,,,,,,,,,,,,,,
,,,,,,,Lighting,Light Bulbs,LED Light Bulbs,,S3703,S3703 40W Incan Med 27K,-- Unbranded --,-- No Unilog Brand --,Satco,Satco Prod Inc (5573),Satco Products Inc,Satco,,S3703,,Lighting>Light Bulbs>LED Light Bulbs,"Satco Products Inc, Satco, LED Bulb, S3703",LED BLB,"Satco S3703 LED Bulb With 40 W, 2700 K","Satco LED Bulb, 40 W, 2700 K","LED Bulb, 40 W, 2700 K",,Wattage: 40 W,Color Temperature: 2700 K,,,,,,,,,,,,,,,,,,,,,,,,LED Bulb,Wattage,40,W,Color Temperature,2700,K,,,,,,,,,,,,,,,,,,,,,,,,,,,,,,,,,,,,,,,,,,,,,,,,,,,,,,,,,,,,,,,,,,,,,,,,,,,,,,,,,,,,,,,,,,,,,,,,,,,,,,,,,,,,,,,,,,,,,,,,,,,,,,,,,,,,,,,,,,,,,,,,,,,,,,,,,,,,,,,,,,,,Satco_S3703.jpg,Satco_S3703_1.jpg,Satco_S3703_2.jpg,Satco_S3703_3.jpg,Satco_S3703_4.jpg,,,,,Satco_S3703_Specification_Sheet.pdf,,,,,,,,,,,,,,,,,,
,,,,,,,Lighting,Light Bulbs,LED Light Bulbs,,S3797,S3797 4W Incan Cand 27K 2pk,-- Unbranded --,-- No Unilog Brand --,Satco,Satco Prod Inc (5573),Satco Products Inc,Satco,,S3797,,Lighting>Light Bulbs>LED Light Bulbs,"Satco Products Inc, Satco, LED Bulb, S3797",LED BLB,"Satco S3797 LED Bulb With 2700 K, 2 pk","Satco LED Bulb, 2700 K, 2 pk","LED Bulb, 2700 K, 2 pk",,Color Temperature: 2700 K,Package Quantity: 2 pk,,,,,,,,,,,,,,,,,,,,,,,,LED Bulb,Color Temperature,2700,K,Package Quantity,2,pk,,,,,,,,,,,,,,,,,,,,,,,,,,,,,,,,,,,,,,,,,,,,,,,,,,,,,,,,,,,,,,,,,,,,,,,,,,,,,,,,,,,,,,,,,,,,,,,,,,,,,,,,,,,,,,,,,,,,,,,,,,,,,,,,,,,,,,,,,,,,,,,,,,,,,,,,,,,,,,,,,,,,Satco_S3797.jpg,Satco_S3797_1.jpg,Satco_S3797_2.jpg,Satco_S3797_3.jpg,Satco_S3797_4.jpg,,,,,Satco_S3797_Specification_Sheet.pdf,,,,,,,,,,,,,,,,,,
,,,,,,,Lighting,Light Bulbs,LED Light Bulbs,,S4724,S4724 4W Incan Cand 27K 4pk,-- Unbranded --,-- No Unilog Brand --,Satco,Satco Prod Inc (5573),Satco Products Inc,Satco,,S4724,,Lighting>Light Bulbs>LED Light Bulbs,"Satco Products Inc, Satco, LED Bulb, S4724",LED BLB,"Satco S4724 LED Bulb With 2700 K, 4 pk","Satco LED Bulb, 2700 K, 4 pk","LED Bulb, 2700 K, 4 pk",,Color Temperature: 2700 K,Package Quantity: 4 pk,,,,,,,,,,,,,,,,,,,,,,,,LED Bulb,Color Temperature,2700,K,Package Quantity,4,pk,,,,,,,,,,,,,,,,,,,,,,,,,,,,,,,,,,,,,,,,,,,,,,,,,,,,,,,,,,,,,,,,,,,,,,,,,,,,,,,,,,,,,,,,,,,,,,,,,,,,,,,,,,,,,,,,,,,,,,,,,,,,,,,,,,,,,,,,,,,,,,,,,,,,,,,,,,,,,,,,,,,,Satco_S4724.jpg,Satco_S4724_1.jpg,Satco_S4724_2.jpg,Satco_S4724_3.jpg,Satco_S4724_4.jpg,,,,,Satco_S4724_Specification_Sheet.pdf,,,,,,,,,,,,,,,,,,
,,,,,,,Lighting,Light Bulbs,LED Light Bulbs,,S4717,S4717 6W Incan Cand 27k 2pk,-- Unbranded --,-- No Unilog Brand --,Satco,Satco Prod Inc (5573),Satco Products Inc,Satco,,S4717,,Lighting>Light Bulbs>LED Light Bulbs,"Satco Products Inc, Satco, LED Bulb, S4717",LED BLB,"Satco S4717 LED Bulb With 2700 K, 2 pk","Satco LED Bulb, 2700 K, 2 pk","LED Bulb, 2700 K, 2 pk",,Color Temperature: 2700 K,Package Quantity: 2 pk,,,,,,,,,,,,,,,,,,,,,,,,LED Bulb,Color Temperature,2700,K,Package Quantity,2,pk,,,,,,,,,,,,,,,,,,,,,,,,,,,,,,,,,,,,,,,,,,,,,,,,,,,,,,,,,,,,,,,,,,,,,,,,,,,,,,,,,,,,,,,,,,,,,,,,,,,,,,,,,,,,,,,,,,,,,,,,,,,,,,,,,,,,,,,,,,,,,,,,,,,,,,,,,,,,,,,,,,,,Satco_S4717.jpg,Satco_S4717_1.jpg,Satco_S4717_2.jpg,Satco_S4717_3.jpg,Satco_S4717_4.jpg,,,,,Satco_S4717_Specification_Sheet.pdf,,,,,,,,,,,,,,,,,,
,,,,,,,Lighting,Light Bulbs,LED Light Bulbs,,S3794,S3794 7W Incan Med 27K,-- Unbranded --,-- No Unilog Brand --,Satco,Satco Prod Inc (5573),Satco Products Inc,Satco,,S3794,,Lighting>Light Bulbs>LED Light Bulbs,"Satco Products Inc, Satco, LED Bulb, S3794",LED BLB,Satco S3794 LED Bulb With 2700 K,"Satco LED Bulb, 2700 K","LED Bulb, 2700 K",,Color Temperature: 2700 K,,,,,,,,,,,,,,,,,,,,,,,,,LED Bulb,Color Temperature,2700,K,,,,,,,,,,,,,,,,,,,,,,,,,,,,,,,,,,,,,,,,,,,,,,,,,,,,,,,,,,,,,,,,,,,,,,,,,,,,,,,,,,,,,,,,,,,,,,,,,,,,,,,,,,,,,,,,,,,,,,,,,,,,,,,,,,,,,,,,,,,,,,,,,,,,,,,,,,,,,,,,,,,,,,,Satco_S3794.jpg,Satco_S3794_1.jpg,Satco_S3794_2.jpg,Satco_S3794_3.jpg,Satco_S3794_4.jpg,,,,,Satco_S3794_Specification_Sheet.pdf,,,,,,,,,,,,,,,,,,
,,,,,,,Lighting,Light Bulbs,LED Light Bulbs,,S3795,S3795 7W Incan Med 27K,-- Unbranded --,-- No Unilog Brand --,Satco,Satco Prod Inc (5573),Satco Products Inc,Satco,,S3795,,Lighting>Light Bulbs>LED Light Bulbs,"Satco Products Inc, Satco, LED Bulb, S3795",LED BLB,Satco S3795 LED Bulb With 2700 K,"Satco LED Bulb, 2700 K","LED Bulb, 2700 K",,Color Temperature: 2700 K,,,,,,,,,,,,,,,,,,,,,,,,,LED Bulb,Color Temperature,2700,K,,,,,,,,,,,,,,,,,,,,,,,,,,,,,,,,,,,,,,,,,,,,,,,,,,,,,,,,,,,,,,,,,,,,,,,,,,,,,,,,,,,,,,,,,,,,,,,,,,,,,,,,,,,,,,,,,,,,,,,,,,,,,,,,,,,,,,,,,,,,,,,,,,,,,,,,,,,,,,,,,,,,,,,Satco_S3795.jpg,Satco_S3795_1.jpg,Satco_S3795_2.jpg,Satco_S3795_3.jpg,Satco_S3795_4.jpg,,,,,Satco_S3795_Specification_Sheet.pdf,,,,,,,,,,,,,,,,,,
,,,,,,,Lighting,Light Bulbs,LED Light Bulbs,,S4726,S4726 7W Incan Cand 27K 4pk,-- Unbranded --,-- No Unilog Brand --,Satco,Satco Prod Inc (5573),Satco Products Inc,Satco,,S4726,,Lighting>Light Bulbs>LED Light Bulbs,"Satco Products Inc, Satco, LED Bulb, S4726",LED BLB,"Satco S4726 LED Bulb With 2700 K, 4 pk","Satco LED Bulb, 2700 K, 4 pk","LED Bulb, 2700 K, 4 pk",,Color Temperature: 2700 K,Package Quantity: 4 pk,,,,,,,,,,,,,,,,,,,,,,,,LED Bulb,Color Temperature,2700,K,Package Quantity,4,pk,,,,,,,,,,,,,,,,,,,,,,,,,,,,,,,,,,,,,,,,,,,,,,,,,,,,,,,,,,,,,,,,,,,,,,,,,,,,,,,,,,,,,,,,,,,,,,,,,,,,,,,,,,,,,,,,,,,,,,,,,,,,,,,,,,,,,,,,,,,,,,,,,,,,,,,,,,,,,,,,,,,,Satco_S4726.jpg,Satco_S4726_1.jpg,Satco_S4726_2.jpg,Satco_S4726_3.jpg,Satco_S4726_4.jpg,,,,,Satco_S4726_Specification_Sheet.pdf,,,,,,,,,,,,,,,,,,
,,,,,,,Lighting,Light Bulbs,LED Light Bulbs,,S11429,S11429 60W Led Bulb 27K,-- Unbranded --,-- No Unilog Brand --,Satco,Satco Prod Inc (5573),Satco Products Inc,Satco,,S11429,,Lighting>Light Bulbs>LED Light Bulbs,"Satco Products Inc, Satco, LED Bulb, S11429",LED BLB,"Satco S11429 LED Bulb With 60 W, 2700 K","Satco LED Bulb, 60 W, 2700 K","LED Bulb, 60 W, 2700 K",,Wattage: 60 W,Color Temperature: 2700 K,,,,,,,,,,,,,,,,,,,,,,,,LED Bulb,Wattage,60,W,Color Temperature,2700,K,,,,,,,,,,,,,,,,,,,,,,,,,,,,,,,,,,,,,,,,,,,,,,,,,,,,,,,,,,,,,,,,,,,,,,,,,,,,,,,,,,,,,,,,,,,,,,,,,,,,,,,,,,,,,,,,,,,,,,,,,,,,,,,,,,,,,,,,,,,,,,,,,,,,,,,,,,,,,,,,,,,,Satco_S11429.jpg,Satco_S11429_1.jpg,Satco_S11429_2.jpg,Satco_S11429_3.jpg,Satco_S11429_4.jpg,,,,,Satco_S11429_Specification_Sheet.pdf,,,,,,,,,,,,,,,,,,
,,,,,,,Lighting,Light Bulbs,LED Light Bulbs,,S21354,S21354 8W Led T9 Med 27k,-- Unbranded --,-- No Unilog Brand --,-- No DIB Brand --,Satco Prod Inc (5573),Satco Products Inc,Satco,,S21354,,Lighting>Light Bulbs>LED Light Bulbs,"Satco Products Inc, Satco, LED Bulb, S21354",LED BLB,Satco S21354 LED Bulb With 2700 K,"Satco LED Bulb, 2700 K","LED Bulb, 2700 K",,Color Temperature: 2700 K,,,,,,,,,,,,,,,,,,,,,,,,,LED Bulb,Color Temperature,2700,K,,,,,,,,,,,,,,,,,,,,,,,,,,,,,,,,,,,,,,,,,,,,,,,,,,,,,,,,,,,,,,,,,,,,,,,,,,,,,,,,,,,,,,,,,,,,,,,,,,,,,,,,,,,,,,,,,,,,,,,,,,,,,,,,,,,,,,,,,,,,,,,,,,,,,,,,,,,,,,,,,,,,,,,Satco_S21354.jpg,Satco_S21354_1.jpg,Satco_S21354_2.jpg,Satco_S21354_3.jpg,Satco_S21354_4.jpg,,,,,Satco_S21354_Specification_Sheet.pdf,,,,,,,,,,,,,,,,,,
,,,,,,,Lighting,Light Bulbs,LED Light Bulbs,,S21363,S21363 8W Led Edison ST19 27K,-- Unbranded --,-- No Unilog Brand --,-- No DIB Brand --,Satco Prod Inc (5573),Satco Products Inc,Satco,,S21363,,Lighting>Light Bulbs>LED Light Bulbs,"Satco Products Inc, Satco, LED Bulb, S21363",LED BLB,Satco S21363 LED Bulb With 2700 K,"Satco LED Bulb, 2700 K","LED Bulb, 2700 K",,Color Temperature: 2700 K,,,,,,,,,,,,,,,,,,,,,,,,,LED Bulb,Color Temperature,2700,K,,,,,,,,,,,,,,,,,,,,,,,,,,,,,,,,,,,,,,,,,,,,,,,,,,,,,,,,,,,,,,,,,,,,,,,,,,,,,,,,,,,,,,,,,,,,,,,,,,,,,,,,,,,,,,,,,,,,,,,,,,,,,,,,,,,,,,,,,,,,,,,,,,,,,,,,,,,,,,,,,,,,,,,Satco_S21363.jpg,Satco_S21363_1.jpg,Satco_S21363_2.jpg,Satco_S21363_3.jpg,Satco_S21363_4.jpg,,,,,Satco_S21363_Specification_Sheet.pdf,,,,,,,,,,,,,,,,,,
,,,,,,,Lighting,Light Bulbs,LED Light Bulbs,,S11445,S11445 12W Led Med 30k Motion,-- Unbranded --,-- No Unilog Brand --,-- No DIB Brand --,Satco Prod Inc (5573),Satco Products Inc,Satco,,S11445,,Lighting>Light Bulbs>LED Light Bulbs,"Satco Products Inc, Satco, LED Bulb, S11445",LED BLB,"Satco S11445 LED Bulb With 12 W, 3000 K","Satco LED Bulb, 12 W, 3000 K","LED Bulb, 12 W, 3000 K",,Wattage: 12 W,Color Temperature: 3000 K,,,,,,,,,,,,,,,,,,,,,,,,LED Bulb,Wattage,12,W,Color Temperature,3000,K,,,,,,,,,,,,,,,,,,,,,,,,,,,,,,,,,,,,,,,,,,,,,,,,,,,,,,,,,,,,,,,,,,,,,,,,,,,,,,,,,,,,,,,,,,,,,,,,,,,,,,,,,,,,,,,,,,,,,,,,,,,,,,,,,,,,,,,,,,,,,,,,,,,,,,,,,,,,,,,,,,,,Satco_S11445.jpg,Satco_S11445_1.jpg,Satco_S11445_2.jpg,Satco_S11445_3.jpg,Satco_S11445_4.jpg,,,,,Satco_S11445_Specification_Sheet.pdf,,,,,,,,,,,,,,,,,,
,,,,,,,Lighting,Light Bulbs,LED Light Bulbs,,567313,567313 50W Led MR16 30K 3pk,-- Unbranded --,-- No Unilog Brand --,Philips,Phillips Lighting (5831),Signify North America Corporation,Philips,,567313,,Lighting>Light Bulbs>LED Light Bulbs,"Signify North America Corporation, Philips, LED Bulb, 567313",LED BLB,"Philips 567313 LED Bulb With 50 W, 3000 K, 3 pk","Philips LED Bulb, 50 W, 3000 K, 3 pk","LED Bulb, 50 W, 3000 K, 3 pk",,Wattage: 50 W,Color Temperature: 3000 K,Package Quantity: 3 pk,,,,,,,,,,,,,,,,,,,,,,,LED Bulb,Wattage,50,W,Color Temperature,3000,K,Package Quantity,3,pk,,,,,,,,,,,,,,,,,,,,,,,,,,,,,,,,,,,,,,,,,,,,,,,,,,,,,,,,,,,,,,,,,,,,,,,,,,,,,,,,,,,,,,,,,,,,,,,,,,,,,,,,,,,,,,,,,,,,,,,,,,,,,,,,,,,,,,,,,,,,,,,,,,,,,,,,,,,,,,,,,Philips_567313.jpg,Philips_567313_1.jpg,Philips_567313_2.jpg,Philips_567313_3.jpg,Philips_567313_4.jpg,,,,,Philips_567313_Specification_Sheet.pdf,,,,,,,,,,,,,,,,,,
,,,,,,,Lighting,Light Bulbs,LED Light Bulbs,,586875,586875 60W Led Multi CCT 4pk,-- Unbranded --,-- No Unilog Brand --,Philips,Phillips Lighting (5831),Signify North America Corporation,Philips,,586875,,Lighting>Light Bulbs>LED Light Bulbs,"Signify North America Corporation, Philips, LED Bulb, 586875",LED BLB,"Philips 586875 LED Bulb With 60 W, 4 pk","Philips LED Bulb, 60 W, 4 pk","LED Bulb, 60 W, 4 pk",,Wattage: 60 W,Package Quantity: 4 pk,,,,,,,,,,,,,,,,,,,,,,,,LED Bulb,Wattage,60,W,Package Quantity,4,pk,,,,,,,,,,,,,,,,,,,,,,,,,,,,,,,,,,,,,,,,,,,,,,,,,,,,,,,,,,,,,,,,,,,,,,,,,,,,,,,,,,,,,,,,,,,,,,,,,,,,,,,,,,,,,,,,,,,,,,,,,,,,,,,,,,,,,,,,,,,,,,,,,,,,,,,,,,,,,,,,,,,,Philips_586875.jpg,Philips_586875_1.jpg,Philips_586875_2.jpg,Philips_586875_3.jpg,Philips_586875_4.jpg,,,,,Philips_586875_Specification_Sheet.pdf,,,,,,,,,,,,,,,,,,
,,,,,,,Lighting,Light Bulbs,LED Light Bulbs,,576355,576355 60/100/150 Led Med 50k,-- Unbranded --,-- No Unilog Brand --,Philips,Phillips Lighting (5831),Signify North America Corporation,Philips,,576355,,Lighting>Light Bulbs>LED Light Bulbs,"Signify North America Corporation, Philips, LED Bulb, 576355",LED BLB,Philips 576355 LED Bulb With 5000 K,"Philips LED Bulb, 5000 K","LED Bulb, 5000 K",,Color Temperature: 5000 K,,,,,,,,,,,,,,,,,,,,,,,,,LED Bulb,Color Temperature,5000,K,,,,,,,,,,,,,,,,,,,,,,,,,,,,,,,,,,,,,,,,,,,,,,,,,,,,,,,,,,,,,,,,,,,,,,,,,,,,,,,,,,,,,,,,,,,,,,,,,,,,,,,,,,,,,,,,,,,,,,,,,,,,,,,,,,,,,,,,,,,,,,,,,,,,,,,,,,,,,,,,,,,,,,,Philips_576355.jpg,Philips_576355_1.jpg,Philips_576355_2.jpg,Philips_576355_3.jpg,Philips_576355_4.jpg,,,,,Philips_576355_Specification_Sheet.pdf,,,,,,,,,,,,,,,,,,
,,,,,,,Lighting,Light Bulbs,LED Light Bulbs,,576363,576363 100/150/200 Led Med 27k,-- Unbranded --,-- No Unilog Brand --,Philips,Phillips Lighting (5831),Signify North America Corporation,Philips,,576363,,Lighting>Light Bulbs>LED Light Bulbs,"Signify North America Corporation, Philips, LED Bulb, 576363",LED BLB,Philips 576363 LED Bulb With 2700 K,"Philips LED Bulb, 2700 K","LED Bulb, 2700 K",,Color Temperature: 2700 K,,,,,,,,,,,,,,,,,,,,,,,,,LED Bulb,Color Temperature,2700,K,,,,,,,,,,,,,,,,,,,,,,,,,,,,,,,,,,,,,,,,,,,,,,,,,,,,,,,,,,,,,,,,,,,,,,,,,,,,,,,,,,,,,,,,,,,,,,,,,,,,,,,,,,,,,,,,,,,,,,,,,,,,,,,,,,,,,,,,,,,,,,,,,,,,,,,,,,,,,,,,,,,,,,,Philips_576363.jpg,Philips_576363_1.jpg,Philips_576363_2.jpg,Philips_576363_3.jpg,Philips_576363_4.jpg,,,,,Philips_576363_Specification_Sheet.pdf,,,,,,,,,,,,,,,,,,
,,,,,,,Lighting,Light Bulbs,LED Light Bulbs,,565374,565374 75W Led A19 Med 27k 4pk,-- Unbranded --,-- No Unilog Brand --,Philips,Phillips Lighting (5831),Signify North America Corporation,Philips,,565374,,Lighting>Light Bulbs>LED Light Bulbs,"Signify North America Corporation, Philips, LED Bulb, 565374",LED BLB,"Philips 565374 LED Bulb With 75 W, 2700 K, 4 pk","Philips LED Bulb, 75 W, 2700 K, 4 pk","LED Bulb, 75 W, 2700 K, 4 pk",,Wattage: 75 W,Color Temperature: 2700 K,Package Quantity: 4 pk,,,,,,,,,,,,,,,,,,,,,,,LED Bulb,Wattage,75,W,Color Temperature,2700,K,Package Quantity,4,pk,,,,,,,,,,,,,,,,,,,,,,,,,,,,,,,,,,,,,,,,,,,,,,,,,,,,,,,,,,,,,,,,,,,,,,,,,,,,,,,,,,,,,,,,,,,,,,,,,,,,,,,,,,,,,,,,,,,,,,,,,,,,,,,,,,,,,,,,,,,,,,,,,,,,,,,,,,,,,,,,,Philips_565374.jpg,Philips_565374_1.jpg,Philips_565374_2.jpg,Philips_565374_3.jpg,Philips_565374_4.jpg,,,,,Philips_565374_Specification_Sheet.pdf,,,,,,,,,,,,,,,,,,
,,,,,,,Lighting,Light Bulbs,LED Light Bulbs,,565390,565390 75W Led A19 Med 50k 4pk,-- Unbranded --,-- No Unilog Brand --,Philips,Phillips Lighting (5831),Signify North America Corporation,Philips,,565390,,Lighting>Light Bulbs>LED Light Bulbs,"Signify North America Corporation, Philips, LED Bulb, 565390",LED BLB,"Philips 565390 LED Bulb With 75 W, 5000 K, 4 pk","Philips LED Bulb, 75 W, 5000 K, 4 pk","LED Bulb, 75 W, 5000 K, 4 pk",,Wattage: 75 W,Color Temperature: 5000 K,Package Quantity: 4 pk,,,,,,,,,,,,,,,,,,,,,,,LED Bulb,Wattage,75,W,Color Temperature,5000,K,Package Quantity,4,pk,,,,,,,,,,,,,,,,,,,,,,,,,,,,,,,,,,,,,,,,,,,,,,,,,,,,,,,,,,,,,,,,,,,,,,,,,,,,,,,,,,,,,,,,,,,,,,,,,,,,,,,,,,,,,,,,,,,,,,,,,,,,,,,,,,,,,,,,,,,,,,,,,,,,,,,,,,,,,,,,,Philips_565390.jpg,Philips_565390_1.jpg,Philips_565390_2.jpg,Philips_565390_3.jpg,Philips_565390_4.jpg,,,,,Philips_565390_Specification_Sheet.pdf,,,,,,,,,,,,,,,,,,
,,,,,,,Lighting,Light Bulbs,LED Light Bulbs,,576371,576371 100/150/200 Led Med 50k,-- Unbranded --,-- No Unilog Brand --,Philips,Phillips Lighting (5831),Signify North America Corporation,Philips,,576371,,Lighting>Light Bulbs>LED Light Bulbs,"Signify North America Corporation, Philips, LED Bulb, 576371",LED BLB,Philips 576371 LED Bulb With 5000 K,"Philips LED Bulb, 5000 K","LED Bulb, 5000 K",,Color Temperature: 5000 K,,,,,,,,,,,,,,,,,,,,,,,,,LED Bulb,Color Temperature,5000,K,,,,,,,,,,,,,,,,,,,,,,,,,,,,,,,,,,,,,,,,,,,,,,,,,,,,,,,,,,,,,,,,,,,,,,,,,,,,,,,,,,,,,,,,,,,,,,,,,,,,,,,,,,,,,,,,,,,,,,,,,,,,,,,,,,,,,,,,,,,,,,,,,,,,,,,,,,,,,,,,,,,,,,,Philips_576371.jpg,Philips_576371_1.jpg,Philips_576371_2.jpg,Philips_576371_3.jpg,Philips_576371_4.jpg,,,,,Philips_576371_Specification_Sheet.pdf,,,,,,,,,,,,,,,,,,
,,,,,,,Lighting,Light Bulbs,LED Light Bulbs,,576496,576496 45W Led R20 Med 27k,-- Unbranded --,-- No Unilog Brand --,Philips,Phillips Lighting (5831),Signify North America Corporation,Philips,,576496,,Lighting>Light Bulbs>LED Light Bulbs,"Signify North America Corporation, Philips, LED Bulb, 576496",LED BLB,"Philips 576496 LED Bulb With 45 W, 2700 K","Philips LED Bulb, 45 W, 2700 K","LED Bulb, 45 W, 2700 K",,Wattage: 45 W,Color Temperature: 2700 K,,,,,,,,,,,,,,,,,,,,,,,,LED Bulb,Wattage,45,W,Color Temperature,2700,K,,,,,,,,,,,,,,,,,,,,,,,,,,,,,,,,,,,,,,,,,,,,,,,,,,,,,,,,,,,,,,,,,,,,,,,,,,,,,,,,,,,,,,,,,,,,,,,,,,,,,,,,,,,,,,,,,,,,,,,,,,,,,,,,,,,,,,,,,,,,,,,,,,,,,,,,,,,,,,,,,,,,Philips_576496.jpg,Philips_576496_1.jpg,Philips_576496_2.jpg,Philips_576496_3.jpg,Philips_576496_4.jpg,,,,,Philips_576496_Specification_Sheet.pdf,,,,,,,,,,,,,,,,,,
,,,,,,,Lighting,Light Bulbs,LED Light Bulbs,,564856,564856 40W Led ST19 27k 2pk,-- Unbranded --,-- No Unilog Brand --,Philips,Phillips Lighting (5831),Signify North America Corporation,Philips,,564856,,Lighting>Light Bulbs>LED Light Bulbs,"Signify North America Corporation, Philips, LED Bulb, 564856",LED BLB,"Philips 564856 LED Bulb With 40 W, 2700 K, 2 pk","Philips LED Bulb, 40 W, 2700 K, 2 pk","LED Bulb, 40 W, 2700 K, 2 pk",,Wattage: 40 W,Color Temperature: 2700 K,Package Quantity: 2 pk,,,,,,,,,,,,,,,,,,,,,,,LED Bulb,Wattage,40,W,Color Temperature,2700,K,Package Quantity,2,pk,,,,,,,,,,,,,,,,,,,,,,,,,,,,,,,,,,,,,,,,,,,,,,,,,,,,,,,,,,,,,,,,,,,,,,,,,,,,,,,,,,,,,,,,,,,,,,,,,,,,,,,,,,,,,,,,,,,,,,,,,,,,,,,,,,,,,,,,,,,,,,,,,,,,,,,,,,,,,,,,,Philips_564856.jpg,Philips_564856_1.jpg,Philips_564856_2.jpg,Philips_564856_3.jpg,Philips_564856_4.jpg,,,,,Philips_564856_Specification_Sheet.pdf,,,,,,,,,,,,,,,,,,
,,,,,,,Lighting,Light Bulbs,LED Light Bulbs,,565796,565796 60W Led A19 Med 20k,-- Unbranded --,-- No Unilog Brand --,Philips,Phillips Lighting (5831),Signify North America Corporation,Philips,,565796,,Lighting>Light Bulbs>LED Light Bulbs,"Signify North America Corporation, Philips, LED Bulb, 565796",LED BLB,"Philips 565796 LED Bulb With 60 W, 2000 K","Philips LED Bulb, 60 W, 2000 K","LED Bulb, 60 W, 2000 K",,Wattage: 60 W,Color Temperature: 2000 K,,,,,,,,,,,,,,,,,,,,,,,,LED Bulb,Wattage,60,W,Color Temperature,2000,K,,,,,,,,,,,,,,,,,,,,,,,,,,,,,,,,,,,,,,,,,,,,,,,,,,,,,,,,,,,,,,,,,,,,,,,,,,,,,,,,,,,,,,,,,,,,,,,,,,,,,,,,,,,,,,,,,,,,,,,,,,,,,,,,,,,,,,,,,,,,,,,,,,,,,,,,,,,,,,,,,,,,Philips_565796.jpg,Philips_565796_1.jpg,Philips_565796_2.jpg,Philips_565796_3.jpg,Philips_565796_4.jpg,,,,,Philips_565796_Specification_Sheet.pdf,,,,,,,,,,,,,,,,,,
,,,,,,,Lighting,Light Bulbs,LED Light Bulbs,,576389,576389 100/200/300 Led Med 27k,-- Unbranded --,-- No Unilog Brand --,Philips,Phillips Lighting (5831),Signify North America Corporation,Philips,,576389,,Lighting>Light Bulbs>LED Light Bulbs,"Signify North America Corporation, Philips, LED Bulb, 576389",LED BLB,Philips 576389 LED Bulb With 2700 K,"Philips LED Bulb, 2700 K","LED Bulb, 2700 K",,Color Temperature: 2700 K,,,,,,,,,,,,,,,,,,,,,,,,,LED Bulb,Color Temperature,2700,K,,,,,,,,,,,,,,,,,,,,,,,,,,,,,,,,,,,,,,,,,,,,,,,,,,,,,,,,,,,,,,,,,,,,,,,,,,,,,,,,,,,,,,,,,,,,,,,,,,,,,,,,,,,,,,,,,,,,,,,,,,,,,,,,,,,,,,,,,,,,,,,,,,,,,,,,,,,,,,,,,,,,,,,Philips_576389.jpg,Philips_576389_1.jpg,Philips_576389_2.jpg,Philips_576389_3.jpg,Philips_576389_4.jpg,,,,,Philips_576389_Specification_Sheet.pdf,,,,,,,,,,,,,,,,,,
,,,,,,,Lighting,Light Bulbs,LED Light Bulbs,,564492,564492 75W Adj Base 27k 3pk,-- Unbranded --,-- No Unilog Brand --,Philips,Phillips Lighting (5831),Signify North America Corporation,Philips,,564492,,Lighting>Light Bulbs>LED Light Bulbs,"Signify North America Corporation, Philips, LED Bulb, 564492",LED BLB,"Philips 564492 LED Bulb With 75 W, 2700 K, 3 pk","Philips LED Bulb, 75 W, 2700 K, 3 pk","LED Bulb, 75 W, 2700 K, 3 pk",,Wattage: 75 W,Color Temperature: 2700 K,Package Quantity: 3 pk,,,,,,,,,,,,,,,,,,,,,,,LED Bulb,Wattage,75,W,Color Temperature,2700,K,Package Quantity,3,pk,,,,,,,,,,,,,,,,,,,,,,,,,,,,,,,,,,,,,,,,,,,,,,,,,,,,,,,,,,,,,,,,,,,,,,,,,,,,,,,,,,,,,,,,,,,,,,,,,,,,,,,,,,,,,,,,,,,,,,,,,,,,,,,,,,,,,,,,,,,,,,,,,,,,,,,,,,,,,,,,,Philips_564492.jpg,Philips_564492_1.jpg,Philips_564492_2.jpg,Philips_564492_3.jpg,Philips_564492_4.jpg,,,,,Philips_564492_Specification_Sheet.pdf,,,,,,,,,,,,,,,,,,
,,,,,,,Lighting,Light Bulbs,LED Light Bulbs,,603449,603449 Wiz 60W Led Med Clr Ch,-- Unbranded --,-- No Unilog Brand --,Wiz,Phillips Lighting (5831),Signify North America Corporation,Wiz,,603449,,Lighting>Light Bulbs>LED Light Bulbs,"Signify North America Corporation, Wiz, LED Bulb, 603449",LED BLB,"Wiz 603449 LED Bulb With 60 W, Chrome","Wiz LED Bulb, 60 W, Chrome","LED Bulb, 60 W, Chrome",,Wattage: 60 W,Color: Chrome,Finish: Chrome,,,,,,,,,,,,,,,,,,,,,,,LED Bulb,Wattage,60,W,Color,Chrome,,Finish,Chrome,,,,,,,,,,,,,,,,,,,,,,,,,,,,,,,,,,,,,,,,,,,,,,,,,,,,,,,,,,,,,,,,,,,,,,,,,,,,,,,,,,,,,,,,,,,,,,,,,,,,,,,,,,,,,,,,,,,,,,,,,,,,,,,,,,,,,,,,,,,,,,,,,,,,,,,,,,,,,,,,,,Wiz_603449.jpg,Wiz_603449_1.jpg,Wiz_603449_2.jpg,Wiz_603449_3.jpg,Wiz_603449_4.jpg,,,,,Wiz_603449_Specification_Sheet.pdf,,,,,,,,,,,,,,,,,,
,,,,,,,Lighting,Light Bulbs,LED Light Bulbs,,586909,586909 Led 60W Med A19 27K,-- Unbranded --,-- No Unilog Brand --,Philips,Phillips Lighting (5831),Signify North America Corporation,Philips,,586909,,Lighting>Light Bulbs>LED Light Bulbs,"Signify North America Corporation, Philips, LED Bulb, 586909",LED BLB,"Philips 586909 LED Bulb With 60 W, 2700 K","Philips LED Bulb, 60 W, 2700 K","LED Bulb, 60 W, 2700 K",,Wattage: 60 W,Color Temperature: 2700 K,,,,,,,,,,,,,,,,,,,,,,,,LED Bulb,Wattage,60,W,Color Temperature,2700,K,,,,,,,,,,,,,,,,,,,,,,,,,,,,,,,,,,,,,,,,,,,,,,,,,,,,,,,,,,,,,,,,,,,,,,,,,,,,,,,,,,,,,,,,,,,,,,,,,,,,,,,,,,,,,,,,,,,,,,,,,,,,,,,,,,,,,,,,,,,,,,,,,,,,,,,,,,,,,,,,,,,,Philips_586909.jpg,Philips_586909_1.jpg,Philips_586909_2.jpg,Philips_586909_3.jpg,Philips_586909_4.jpg,,,,,Philips_586909_Specification_Sheet.pdf,,,,,,,,,,,,,,,,,,
,,,,,,,Lighting,Light Bulbs,LED Light Bulbs,,566364,566364 75W Led ST19 27k 4pk,-- Unbranded --,-- No Unilog Brand --,Philips,Phillips Lighting (5831),Signify North America Corporation,Philips,,566364,,Lighting>Light Bulbs>LED Light Bulbs,"Signify North America Corporation, Philips, LED Bulb, 566364",LED BLB,"Philips 566364 LED Bulb With 75 W, 2700 K, 4 pk","Philips LED Bulb, 75 W, 2700 K, 4 pk","LED Bulb, 75 W, 2700 K, 4 pk",,Wattage: 75 W,Color Temperature: 2700 K,Package Quantity: 4 pk,,,,,,,,,,,,,,,,,,,,,,,LED Bulb,Wattage,75,W,Color Temperature,2700,K,Package Quantity,4,pk,,,,,,,,,,,,,,,,,,,,,,,,,,,,,,,,,,,,,,,,,,,,,,,,,,,,,,,,,,,,,,,,,,,,,,,,,,,,,,,,,,,,,,,,,,,,,,,,,,,,,,,,,,,,,,,,,,,,,,,,,,,,,,,,,,,,,,,,,,,,,,,,,,,,,,,,,,,,,,,,,Philips_566364.jpg,Philips_566364_1.jpg,Philips_566364_2.jpg,Philips_566364_3.jpg,Philips_566364_4.jpg,,,,,Philips_566364_Specification_Sheet.pdf,,,,,,,,,,,,,,,,,,
,,,,,,,Lighting,Light Bulbs,LED Light Bulbs,,576397,576394 100/200/300 Led A23 50k,-- Unbranded --,-- No Unilog Brand --,Philips,Phillips Lighting (5831),Signify North America Corporation,Philips,,576397,,Lighting>Light Bulbs>LED Light Bulbs,"Signify North America Corporation, Philips, LED Bulb, 576397",LED BLB,Philips 576397 LED Bulb With 5000 K,"Philips LED Bulb, 5000 K","LED Bulb, 5000 K",,Color Temperature: 5000 K,,,,,,,,,,,,,,,,,,,,,,,,,LED Bulb,Color Temperature,5000,K,,,,,,,,,,,,,,,,,,,,,,,,,,,,,,,,,,,,,,,,,,,,,,,,,,,,,,,,,,,,,,,,,,,,,,,,,,,,,,,,,,,,,,,,,,,,,,,,,,,,,,,,,,,,,,,,,,,,,,,,,,,,,,,,,,,,,,,,,,,,,,,,,,,,,,,,,,,,,,,,,,,,,,,Philips_576397.jpg,Philips_576397_1.jpg,Philips_576397_2.jpg,Philips_576397_3.jpg,Philips_576397_4.jpg,,,,,Philips_576397_Specification_Sheet.pdf,,,,,,,,,,,,,,,,,,
,,,,,,,Lighting,Light Bulbs,LED Light Bulbs,,571497,571497 150W Led Med 27k,-- Unbranded --,-- No Unilog Brand --,Philips,Phillips Lighting (5831),Signify North America Corporation,Philips,,571497,,Lighting>Light Bulbs>LED Light Bulbs,"Signify North America Corporation, Philips, LED Bulb, 571497",LED BLB,"Philips 571497 LED Bulb With 150 W, 2700 K","Philips LED Bulb, 150 W, 2700 K","LED Bulb, 150 W, 2700 K",,Wattage: 150 W,Color Temperature: 2700 K,,,,,,,,,,,,,,,,,,,,,,,,LED Bulb,Wattage,150,W,Color Temperature,2700,K,,,,,,,,,,,,,,,,,,,,,,,,,,,,,,,,,,,,,,,,,,,,,,,,,,,,,,,,,,,,,,,,,,,,,,,,,,,,,,,,,,,,,,,,,,,,,,,,,,,,,,,,,,,,,,,,,,,,,,,,,,,,,,,,,,,,,,,,,,,,,,,,,,,,,,,,,,,,,,,,,,,,Philips_571497.jpg,Philips_571497_1.jpg,Philips_571497_2.jpg,Philips_571497_3.jpg,Philips_571497_4.jpg,,,,,Philips_571497_Specification_Sheet.pdf,,,,,,,,,,,,,,,,,,
,,,,,,,Lighting,Light Bulbs,LED Light Bulbs,,576306,576306 40W Led A19 5CCT 4pk,-- Unbranded --,-- No Unilog Brand --,Philips,Phillips Lighting (5831),Signify North America Corporation,Philips,,576306,,Lighting>Light Bulbs>LED Light Bulbs,"Signify North America Corporation, Philips, LED Bulb, 576306",LED BLB,"Philips 576306 LED Bulb With 40 W, 4 pk","Philips LED Bulb, 40 W, 4 pk","LED Bulb, 40 W, 4 pk",,Wattage: 40 W,Package Quantity: 4 pk,,,,,,,,,,,,,,,,,,,,,,,,LED Bulb,Wattage,40,W,Package Quantity,4,pk,,,,,,,,,,,,,,,,,,,,,,,,,,,,,,,,,,,,,,,,,,,,,,,,,,,,,,,,,,,,,,,,,,,,,,,,,,,,,,,,,,,,,,,,,,,,,,,,,,,,,,,,,,,,,,,,,,,,,,,,,,,,,,,,,,,,,,,,,,,,,,,,,,,,,,,,,,,,,,,,,,,,Philips_576306.jpg,Philips_576306_1.jpg,Philips_576306_2.jpg,Philips_576306_3.jpg,Philips_576306_4.jpg,,,,,Philips_576306_Specification_Sheet.pdf,,,,,,,,,,,,,,,,,,
,,,,,,,Lighting,Light Bulbs,LED Light Bulbs,,588533,588533 40W Led Cand 3pk,-- Unbranded --,-- No Unilog Brand --,Philips,Phillips Lighting (5831),Signify North America Corporation,Philips,,588533,,Lighting>Light Bulbs>LED Light Bulbs,"Signify North America Corporation, Philips, LED Bulb, 588533",LED BLB,"Philips 588533 LED Bulb With 40 W, 3 pk","Philips LED Bulb, 40 W, 3 pk","LED Bulb, 40 W, 3 pk",,Wattage: 40 W,Package Quantity: 3 pk,,,,,,,,,,,,,,,,,,,,,,,,LED Bulb,Wattage,40,W,Package Quantity,3,pk,,,,,,,,,,,,,,,,,,,,,,,,,,,,,,,,,,,,,,,,,,,,,,,,,,,,,,,,,,,,,,,,,,,,,,,,,,,,,,,,,,,,,,,,,,,,,,,,,,,,,,,,,,,,,,,,,,,,,,,,,,,,,,,,,,,,,,,,,,,,,,,,,,,,,,,,,,,,,,,,,,,,Philips_588533.jpg,Philips_588533_1.jpg,Philips_588533_2.jpg,Philips_588533_3.jpg,Philips_588533_4.jpg,,,,,Philips_588533_Specification_Sheet.pdf,,,,,,,,,,,,,,,,,,
,,,,,,,Lighting,Light Bulbs,LED Light Bulbs,,576520,576520 65W Led Med 27k,-- Unbranded --,-- No Unilog Brand --,Philips,Phillips Lighting (5831),Signify North America Corporation,Philips,,576520,,Lighting>Light Bulbs>LED Light Bulbs,"Signify North America Corporation, Philips, LED Bulb, 576520",LED BLB,"Philips 576520 LED Bulb With 65 W, 2700 K","Philips LED Bulb, 65 W, 2700 K","LED Bulb, 65 W, 2700 K",,Wattage: 65 W,Color Temperature: 2700 K,,,,,,,,,,,,,,,,,,,,,,,,LED Bulb,Wattage,65,W,Color Temperature,2700,K,,,,,,,,,,,,,,,,,,,,,,,,,,,,,,,,,,,,,,,,,,,,,,,,,,,,,,,,,,,,,,,,,,,,,,,,,,,,,,,,,,,,,,,,,,,,,,,,,,,,,,,,,,,,,,,,,,,,,,,,,,,,,,,,,,,,,,,,,,,,,,,,,,,,,,,,,,,,,,,,,,,,Philips_576520.jpg,Philips_576520_1.jpg,Philips_576520_2.jpg,Philips_576520_3.jpg,Philips_576520_4.jpg,,,,,Philips_576520_Specification_Sheet.pdf,,,,,,,,,,,,,,,,,,
,,,,,,,Lighting,Light Bulbs,LED Light Bulbs,,574004,574004 75W Led ST19 27k 2pk,-- Unbranded --,-- No Unilog Brand --,Philips,Phillips Lighting (5831),Signify North America Corporation,Philips,,574004,,Lighting>Light Bulbs>LED Light Bulbs,"Signify North America Corporation, Philips, LED Bulb, 574004",LED BLB,"Philips 574004 LED Bulb With 75 W, 2700 K, 2 pk","Philips LED Bulb, 75 W, 2700 K, 2 pk","LED Bulb, 75 W, 2700 K, 2 pk",,Wattage: 75 W,Color Temperature: 2700 K,Package Quantity: 2 pk,,,,,,,,,,,,,,,,,,,,,,,LED Bulb,Wattage,75,W,Color Temperature,2700,K,Package Quantity,2,pk,,,,,,,,,,,,,,,,,,,,,,,,,,,,,,,,,,,,,,,,,,,,,,,,,,,,,,,,,,,,,,,,,,,,,,,,,,,,,,,,,,,,,,,,,,,,,,,,,,,,,,,,,,,,,,,,,,,,,,,,,,,,,,,,,,,,,,,,,,,,,,,,,,,,,,,,,,,,,,,,,Philips_574004.jpg,Philips_574004_1.jpg,Philips_574004_2.jpg,Philips_574004_3.jpg,Philips_574004_4.jpg,,,,,Philips_574004_Specification_Sheet.pdf,,,,,,,,,,,,,,,,,,
,,,,,,,Lighting,Light Bulbs,LED Light Bulbs,,574012,574012 75W Led ST19 50k 2pk,-- Unbranded --,-- No Unilog Brand --,Philips,Phillips Lighting (5831),Signify North America Corporation,Philips,,574012,,Lighting>Light Bulbs>LED Light Bulbs,"Signify North America Corporation, Philips, LED Bulb, 574012",LED BLB,"Philips 574012 LED Bulb With 75 W, 5000 K, 2 pk","Philips LED Bulb, 75 W, 5000 K, 2 pk","LED Bulb, 75 W, 5000 K, 2 pk",,Wattage: 75 W,Color Temperature: 5000 K,Package Quantity: 2 pk,,,,,,,,,,,,,,,,,,,,,,,LED Bulb,Wattage,75,W,Color Temperature,5000,K,Package Quantity,2,pk,,,,,,,,,,,,,,,,,,,,,,,,,,,,,,,,,,,,,,,,,,,,,,,,,,,,,,,,,,,,,,,,,,,,,,,,,,,,,,,,,,,,,,,,,,,,,,,,,,,,,,,,,,,,,,,,,,,,,,,,,,,,,,,,,,,,,,,,,,,,,,,,,,,,,,,,,,,,,,,,,Philips_574012.jpg,Philips_574012_1.jpg,Philips_574012_2.jpg,Philips_574012_3.jpg,Philips_574012_4.jpg,,,,,Philips_574012_Specification_Sheet.pdf,,,,,,,,,,,,,,,,,,
,,,,,,,Lighting,Light Bulbs,LED Light Bulbs,,573971,573971 75W Led ST19 20k 4pk,-- Unbranded --,-- No Unilog Brand --,Philips,Phillips Lighting (5831),Signify North America Corporation,Philips,,573971,,Lighting>Light Bulbs>LED Light Bulbs,"Signify North America Corporation, Philips, LED Bulb, 573971",LED BLB,"Philips 573971 LED Bulb With 75 W, 2000 K, 4 pk","Philips LED Bulb, 75 W, 2000 K, 4 pk","LED Bulb, 75 W, 2000 K, 4 pk",,Wattage: 75 W,Color Temperature: 2000 K,Package Quantity: 4 pk,,,,,,,,,,,,,,,,,,,,,,,LED Bulb,Wattage,75,W,Color Temperature,2000,K,Package Quantity,4,pk,,,,,,,,,,,,,,,,,,,,,,,,,,,,,,,,,,,,,,,,,,,,,,,,,,,,,,,,,,,,,,,,,,,,,,,,,,,,,,,,,,,,,,,,,,,,,,,,,,,,,,,,,,,,,,,,,,,,,,,,,,,,,,,,,,,,,,,,,,,,,,,,,,,,,,,,,,,,,,,,,Philips_573971.jpg,Philips_573971_1.jpg,Philips_573971_2.jpg,Philips_573971_3.jpg,Philips_573971_4.jpg,,,,,Philips_573971_Specification_Sheet.pdf,,,,,,,,,,,,,,,,,,
,,,,,,,Lighting,Light Bulbs,LED Light Bulbs,,573989,573989 40W Led Med 27K 4pk,-- Unbranded --,-- No Unilog Brand --,Philips,Phillips Lighting (5831),Signify North America Corporation,Philips,,573989,,Lighting>Light Bulbs>LED Light Bulbs,"Signify North America Corporation, Philips, LED Bulb, 573989",LED BLB,"Philips 573989 LED Bulb With 40 W, 2700 K, 4 pk","Philips LED Bulb, 40 W, 2700 K, 4 pk","LED Bulb, 40 W, 2700 K, 4 pk",,Wattage: 40 W,Color Temperature: 2700 K,Package Quantity: 4 pk,,,,,,,,,,,,,,,,,,,,,,,LED Bulb,Wattage,40,W,Color Temperature,2700,K,Package Quantity,4,pk,,,,,,,,,,,,,,,,,,,,,,,,,,,,,,,,,,,,,,,,,,,,,,,,,,,,,,,,,,,,,,,,,,,,,,,,,,,,,,,,,,,,,,,,,,,,,,,,,,,,,,,,,,,,,,,,,,,,,,,,,,,,,,,,,,,,,,,,,,,,,,,,,,,,,,,,,,,,,,,,,Philips_573989.jpg,Philips_573989_1.jpg,Philips_573989_2.jpg,Philips_573989_3.jpg,Philips_573989_4.jpg,,,,,Philips_573989_Specification_Sheet.pdf,,,,,,,,,,,,,,,,,,
,,,,,,,Lighting,Light Bulbs,LED Light Bulbs,,576769,576769 65W Led BR30 Med 27k,-- Unbranded --,-- No Unilog Brand --,Philips,Phillips Lighting (5831),Signify North America Corporation,Philips,,576769,,Lighting>Light Bulbs>LED Light Bulbs,"Signify North America Corporation, Philips, LED Bulb, 576769",LED BLB,"Philips 576769 LED Bulb With 65 W, 2700 K","Philips LED Bulb, 65 W, 2700 K","LED Bulb, 65 W, 2700 K",,Wattage: 65 W,Color Temperature: 2700 K,,,,,,,,,,,,,,,,,,,,,,,,LED Bulb,Wattage,65,W,Color Temperature,2700,K,,,,,,,,,,,,,,,,,,,,,,,,,,,,,,,,,,,,,,,,,,,,,,,,,,,,,,,,,,,,,,,,,,,,,,,,,,,,,,,,,,,,,,,,,,,,,,,,,,,,,,,,,,,,,,,,,,,,,,,,,,,,,,,,,,,,,,,,,,,,,,,,,,,,,,,,,,,,,,,,,,,,Philips_576769.jpg,Philips_576769_1.jpg,Philips_576769_2.jpg,Philips_576769_3.jpg,Philips_576769_4.jpg,,,,,Philips_576769_Specification_Sheet.pdf,,,,,,,,,,,,,,,,,,
,,,,,,,Lighting,Light Bulbs,LED Light Bulbs,,567446,567446 60W Led Med 50K 3pk,-- Unbranded --,-- No Unilog Brand --,Philips,Phillips Lighting (5831),Signify North America Corporation,Philips,,567446,,Lighting>Light Bulbs>LED Light Bulbs,"Signify North America Corporation, Philips, LED Bulb, 567446",LED BLB,"Philips 567446 LED Bulb With 60 W, 5000 K, 3 pk","Philips LED Bulb, 60 W, 5000 K, 3 pk","LED Bulb, 60 W, 5000 K, 3 pk",,Wattage: 60 W,Color Temperature: 5000 K,Package Quantity: 3 pk,,,,,,,,,,,,,,,,,,,,,,,LED Bulb,Wattage,60,W,Color Temperature,5000,K,Package Quantity,3,pk,,,,,,,,,,,,,,,,,,,,,,,,,,,,,,,,,,,,,,,,,,,,,,,,,,,,,,,,,,,,,,,,,,,,,,,,,,,,,,,,,,,,,,,,,,,,,,,,,,,,,,,,,,,,,,,,,,,,,,,,,,,,,,,,,,,,,,,,,,,,,,,,,,,,,,,,,,,,,,,,,Philips_567446.jpg,Philips_567446_1.jpg,Philips_567446_2.jpg,Philips_567446_3.jpg,Philips_567446_4.jpg,,,,,Philips_567446_Specification_Sheet.pdf,,,,,,,,,,,,,,,,,,
,,,,,,,Lighting,Light Bulbs,LED Light Bulbs,,573997,573997 40W Led Med 50k 4pk,-- Unbranded --,-- No Unilog Brand --,Philips,Phillips Lighting (5831),Signify North America Corporation,Philips,,573997,,Lighting>Light Bulbs>LED Light Bulbs,"Signify North America Corporation, Philips, LED Bulb, 573997",LED BLB,"Philips 573997 LED Bulb With 40 W, 5000 K, 4 pk","Philips LED Bulb, 40 W, 5000 K, 4 pk","LED Bulb, 40 W, 5000 K, 4 pk",,Wattage: 40 W,Color Temperature: 5000 K,Package Quantity: 4 pk,,,,,,,,,,,,,,,,,,,,,,,LED Bulb,Wattage,40,W,Color Temperature,5000,K,Package Quantity,4,pk,,,,,,,,,,,,,,,,,,,,,,,,,,,,,,,,,,,,,,,,,,,,,,,,,,,,,,,,,,,,,,,,,,,,,,,,,,,,,,,,,,,,,,,,,,,,,,,,,,,,,,,,,,,,,,,,,,,,,,,,,,,,,,,,,,,,,,,,,,,,,,,,,,,,,,,,,,,,,,,,,Philips_573997.jpg,Philips_573997_1.jpg,Philips_573997_2.jpg,Philips_573997_3.jpg,Philips_573997_4.jpg,,,,,Philips_573997_Specification_Sheet.pdf,,,,,,,,,,,,,,,,,,
,,,,,,,Lighting,Light Bulbs,LED Light Bulbs,,571463,571463 100W Led BR30 Med 50k,-- Unbranded --,-- No Unilog Brand --,Philips,Phillips Lighting (5831),Signify North America Corporation,Philips,,571463,,Lighting>Light Bulbs>LED Light Bulbs,"Signify North America Corporation, Philips, LED Bulb, 571463",LED BLB,"Philips 571463 LED Bulb With 100 W, 5000 K","Philips LED Bulb, 100 W, 5000 K","LED Bulb, 100 W, 5000 K",,Wattage: 100 W,Color Temperature: 5000 K,,,,,,,,,,,,,,,,,,,,,,,,LED Bulb,Wattage,100,W,Color Temperature,5000,K,,,,,,,,,,,,,,,,,,,,,,,,,,,,,,,,,,,,,,,,,,,,,,,,,,,,,,,,,,,,,,,,,,,,,,,,,,,,,,,,,,,,,,,,,,,,,,,,,,,,,,,,,,,,,,,,,,,,,,,,,,,,,,,,,,,,,,,,,,,,,,,,,,,,,,,,,,,,,,,,,,,,Philips_571463.jpg,Philips_571463_1.jpg,Philips_571463_2.jpg,Philips_571463_3.jpg,Philips_571463_4.jpg,,,,,Philips_571463_Specification_Sheet.pdf,,,,,,,,,,,,,,,,,,
,,,,,,,Lighting,Light Bulbs,LED Light Bulbs,,576512,576512 65W Led BR40 Med 27k,-- Unbranded --,-- No Unilog Brand --,Philips,Phillips Lighting (5831),Signify North America Corporation,Philips,,576512,,Lighting>Light Bulbs>LED Light Bulbs,"Signify North America Corporation, Philips, LED Bulb, 576512",LED BLB,"Philips 576512 LED Bulb With 65 W, 2700 K","Philips LED Bulb, 65 W, 2700 K","LED Bulb, 65 W, 2700 K",,Wattage: 65 W,Color Temperature: 2700 K,,,,,,,,,,,,,,,,,,,,,,,,LED Bulb,Wattage,65,W,Color Temperature,2700,K,,,,,,,,,,,,,,,,,,,,,,,,,,,,,,,,,,,,,,,,,,,,,,,,,,,,,,,,,,,,,,,,,,,,,,,,,,,,,,,,,,,,,,,,,,,,,,,,,,,,,,,,,,,,,,,,,,,,,,,,,,,,,,,,,,,,,,,,,,,,,,,,,,,,,,,,,,,,,,,,,,,,Philips_576512.jpg,Philips_576512_1.jpg,Philips_576512_2.jpg,Philips_576512_3.jpg,Philips_576512_4.jpg,,,,,Philips_576512_Specification_Sheet.pdf,,,,,,,,,,,,,,,,,,
,,,,,,,Lighting,Light Bulbs,LED Light Bulbs,,581181,581181 40W Led Med 2pk,-- Unbranded --,-- No Unilog Brand --,Philips,Phillips Lighting (5831),Signify North America Corporation,Philips,,581181,,Lighting>Light Bulbs>LED Light Bulbs,"Signify North America Corporation, Philips, LED Bulb, 581181",LED BLB,"Philips 581181 LED Bulb With 40 W, 2 pk","Philips LED Bulb, 40 W, 2 pk","LED Bulb, 40 W, 2 pk",,Wattage: 40 W,Package Quantity: 2 pk,,,,,,,,,,,,,,,,,,,,,,,,LED Bulb,Wattage,40,W,Package Quantity,2,pk,,,,,,,,,,,,,,,,,,,,,,,,,,,,,,,,,,,,,,,,,,,,,,,,,,,,,,,,,,,,,,,,,,,,,,,,,,,,,,,,,,,,,,,,,,,,,,,,,,,,,,,,,,,,,,,,,,,,,,,,,,,,,,,,,,,,,,,,,,,,,,,,,,,,,,,,,,,,,,,,,,,,Philips_581181.jpg,Philips_581181_1.jpg,Philips_581181_2.jpg,Philips_581181_3.jpg,Philips_581181_4.jpg,,,,,Philips_581181_Specification_Sheet.pdf,,,,,,,,,,,,,,,,,,
,,,,,,,Lighting,Light Bulbs,LED Light Bulbs,,GT-CB-100C,GTCB100C Led 100W Cob Bulb,-- Unbranded --,-- No Unilog Brand --,GT-Lite,Keystone (5702),Keystone Technologies,GT-Lite,,GT-CB-100C,,Lighting>Light Bulbs>LED Light Bulbs,"Keystone Technologies, GT-Lite, LED Bulb, GT-CB-100C",LED BLB,GT-Lite GT-CB-100C LED Bulb With 100 W,"GT-Lite LED Bulb, 100 W","LED Bulb, 100 W",,Wattage: 100 W,,,,,,,,,,,,,,,,,,,,,,,,,LED Bulb,Wattage,100,W,,,,,,,,,,,,,,,,,,,,,,,,,,,,,,,,,,,,,,,,,,,,,,,,,,,,,,,,,,,,,,,,,,,,,,,,,,,,,,,,,,,,,,,,,,,,,,,,,,,,,,,,,,,,,,,,,,,,,,,,,,,,,,,,,,,,,,,,,,,,,,,,,,,,,,,,,,,,,,,,,,,,,,,GTLite_GT-CB-100C.jpg,GTLite_GT-CB-100C_1.jpg,GTLite_GT-CB-100C_2.jpg,GTLite_GT-CB-100C_3.jpg,GTLite_GT-CB-100C_4.jpg,,,,,GTLite_GT-CB-100C_Specification_Sheet.pdf,,,,,,,,,,,,,,,,,,
,,,,,,,Lighting,Light Bulbs,LED Light Bulbs,,566430,566430 75W Led Med 50k 4pk,-- Unbranded --,-- No Unilog Brand --,Philips,Phillips Lighting (5831),Signify North America Corporation,Philips,,566430,,Lighting>Light Bulbs>LED Light Bulbs,"Signify North America Corporation, Philips, LED Bulb, 566430",LED BLB,"Philips 566430 LED Bulb With 75 W, 5000 K, 4 pk","Philips LED Bulb, 75 W, 5000 K, 4 pk","LED Bulb, 75 W, 5000 K, 4 pk",,Wattage: 75 W,Color Temperature: 5000 K,Package Quantity: 4 pk,,,,,,,,,,,,,,,,,,,,,,,LED Bulb,Wattage,75,W,Color Temperature,5000,K,Package Quantity,4,pk,,,,,,,,,,,,,,,,,,,,,,,,,,,,,,,,,,,,,,,,,,,,,,,,,,,,,,,,,,,,,,,,,,,,,,,,,,,,,,,,,,,,,,,,,,,,,,,,,,,,,,,,,,,,,,,,,,,,,,,,,,,,,,,,,,,,,,,,,,,,,,,,,,,,,,,,,,,,,,,,,Philips_566430.jpg,Philips_566430_1.jpg,Philips_566430_2.jpg,Philips_566430_3.jpg,Philips_566430_4.jpg,,,,,Philips_566430_Specification_Sheet.pdf,,,,,,,,,,,,,,,,,,
,,,,,,,Lighting,Light Bulbs,LED Light Bulbs,,568337,568337 120W Led Par38 Med 50k,-- Unbranded --,-- No Unilog Brand --,Philips,Phillips Lighting (5831),Signify North America Corporation,Philips,,568337,,Lighting>Light Bulbs>LED Light Bulbs,"Signify North America Corporation, Philips, LED Bulb, 568337",LED BLB,"Philips 568337 LED Bulb With 120 W, 5000 K","Philips LED Bulb, 120 W, 5000 K","LED Bulb, 120 W, 5000 K",,Wattage: 120 W,Color Temperature: 5000 K,,,,,,,,,,,,,,,,,,,,,,,,LED Bulb,Wattage,120,W,Color Temperature,5000,K,,,,,,,,,,,,,,,,,,,,,,,,,,,,,,,,,,,,,,,,,,,,,,,,,,,,,,,,,,,,,,,,,,,,,,,,,,,,,,,,,,,,,,,,,,,,,,,,,,,,,,,,,,,,,,,,,,,,,,,,,,,,,,,,,,,,,,,,,,,,,,,,,,,,,,,,,,,,,,,,,,,,Philips_568337.jpg,Philips_568337_1.jpg,Philips_568337_2.jpg,Philips_568337_3.jpg,Philips_568337_4.jpg,,,,,Philips_568337_Specification_Sheet.pdf,,,,,,,,,,,,,,,,,,
,,,,,,,Lighting,Light Bulbs,LED Light Bulbs,,565788,565788 40W Led A19 Med 27k,-- Unbranded --,-- No Unilog Brand --,Philips,Phillips Lighting (5831),Signify North America Corporation,Philips,,565788,,Lighting>Light Bulbs>LED Light Bulbs,"Signify North America Corporation, Philips, LED Bulb, 565788",LED BLB,"Philips 565788 LED Bulb With 40 W, 2700 K","Philips LED Bulb, 40 W, 2700 K","LED Bulb, 40 W, 2700 K",,Wattage: 40 W,Color Temperature: 2700 K,,,,,,,,,,,,,,,,,,,,,,,,LED Bulb,Wattage,40,W,Color Temperature,2700,K,,,,,,,,,,,,,,,,,,,,,,,,,,,,,,,,,,,,,,,,,,,,,,,,,,,,,,,,,,,,,,,,,,,,,,,,,,,,,,,,,,,,,,,,,,,,,,,,,,,,,,,,,,,,,,,,,,,,,,,,,,,,,,,,,,,,,,,,,,,,,,,,,,,,,,,,,,,,,,,,,,,,Philips_565788.jpg,Philips_565788_1.jpg,Philips_565788_2.jpg,Philips_565788_3.jpg,Philips_565788_4.jpg,,,,,Philips_565788_Specification_Sheet.pdf,,,,,,,,,,,,,,,,,,
,,,,,,,Lighting,Light Bulbs,LED Light Bulbs,,565770,565770 40W Led A19 Med 50k,-- Unbranded --,-- No Unilog Brand --,Philips,Phillips Lighting (5831),Signify North America Corporation,Philips,,565770,,Lighting>Light Bulbs>LED Light Bulbs,"Signify North America Corporation, Philips, LED Bulb, 565770",LED BLB,"Philips 565770 LED Bulb With 40 W, 5000 K","Philips LED Bulb, 40 W, 5000 K","LED Bulb, 40 W, 5000 K",,Wattage: 40 W,Color Temperature: 5000 K,,,,,,,,,,,,,,,,,,,,,,,,LED Bulb,Wattage,40,W,Color Temperature,5000,K,,,,,,,,,,,,,,,,,,,,,,,,,,,,,,,,,,,,,,,,,,,,,,,,,,,,,,,,,,,,,,,,,,,,,,,,,,,,,,,,,,,,,,,,,,,,,,,,,,,,,,,,,,,,,,,,,,,,,,,,,,,,,,,,,,,,,,,,,,,,,,,,,,,,,,,,,,,,,,,,,,,,Philips_565770.jpg,Philips_565770_1.jpg,Philips_565770_2.jpg,Philips_565770_3.jpg,Philips_565770_4.jpg,,,,,Philips_565770_Specification_Sheet.pdf,,,,,,,,,,,,,,,,,,
,,,,,,,Lighting,Light Bulbs,LED Light Bulbs,,573436,573436 60W Led A19 Med 27k 2pk,-- Unbranded --,-- No Unilog Brand --,Philips,Phillips Lighting (5831),Signify North America Corporation,Philips,,573436,,Lighting>Light Bulbs>LED Light Bulbs,"Signify North America Corporation, Philips, LED Bulb, 573436",LED BLB,"Philips 573436 LED Bulb With 60 W, 2700 K, 2 pk","Philips LED Bulb, 60 W, 2700 K, 2 pk","LED Bulb, 60 W, 2700 K, 2 pk",,Wattage: 60 W,Color Temperature: 2700 K,Package Quantity: 2 pk,,,,,,,,,,,,,,,,,,,,,,,LED Bulb,Wattage,60,W,Color Temperature,2700,K,Package Quantity,2,pk,,,,,,,,,,,,,,,,,,,,,,,,,,,,,,,,,,,,,,,,,,,,,,,,,,,,,,,,,,,,,,,,,,,,,,,,,,,,,,,,,,,,,,,,,,,,,,,,,,,,,,,,,,,,,,,,,,,,,,,,,,,,,,,,,,,,,,,,,,,,,,,,,,,,,,,,,,,,,,,,,Philips_573436.jpg,Philips_573436_1.jpg,Philips_573436_2.jpg,Philips_573436_3.jpg,Philips_573436_4.jpg,,,,,Philips_573436_Specification_Sheet.pdf,,,,,,,,,,,,,,,,,,
,,,,,,,Lighting,Light Bulbs,LED Light Bulbs,,576538,576538 65W Led BR30 Med 50k,-- Unbranded --,-- No Unilog Brand --,Philips,Phillips Lighting (5831),Signify North America Corporation,Philips,,576538,,Lighting>Light Bulbs>LED Light Bulbs,"Signify North America Corporation, Philips, LED Bulb, 576538",LED BLB,"Philips 576538 LED Bulb With 65 W, 5000 K","Philips LED Bulb, 65 W, 5000 K","LED Bulb, 65 W, 5000 K",,Wattage: 65 W,Color Temperature: 5000 K,,,,,,,,,,,,,,,,,,,,,,,,LED Bulb,Wattage,65,W,Color Temperature,5000,K,,,,,,,,,,,,,,,,,,,,,,,,,,,,,,,,,,,,,,,,,,,,,,,,,,,,,,,,,,,,,,,,,,,,,,,,,,,,,,,,,,,,,,,,,,,,,,,,,,,,,,,,,,,,,,,,,,,,,,,,,,,,,,,,,,,,,,,,,,,,,,,,,,,,,,,,,,,,,,,,,,,,Philips_576538.jpg,Philips_576538_1.jpg,Philips_576538_2.jpg,Philips_576538_3.jpg,Philips_576538_4.jpg,,,,,Philips_576538_Specification_Sheet.pdf,,,,,,,,,,,,,,,,,,
,,,,,,,Lighting,Light Bulbs,LED Light Bulbs,,573451,573451 40W Led Med 27k 2pk,-- Unbranded --,-- No Unilog Brand --,Philips,Phillips Lighting (5831),Signify North America Corporation,Philips,,573451,,Lighting>Light Bulbs>LED Light Bulbs,"Signify North America Corporation, Philips, LED Bulb, 573451",LED BLB,"Philips 573451 LED Bulb With 40 W, 2700 K, 2 pk","Philips LED Bulb, 40 W, 2700 K, 2 pk","LED Bulb, 40 W, 2700 K, 2 pk",,Wattage: 40 W,Color Temperature: 2700 K,Package Quantity: 2 pk,,,,,,,,,,,,,,,,,,,,,,,LED Bulb,Wattage,40,W,Color Temperature,2700,K,Package Quantity,2,pk,,,,,,,,,,,,,,,,,,,,,,,,,,,,,,,,,,,,,,,,,,,,,,,,,,,,,,,,,,,,,,,,,,,,,,,,,,,,,,,,,,,,,,,,,,,,,,,,,,,,,,,,,,,,,,,,,,,,,,,,,,,,,,,,,,,,,,,,,,,,,,,,,,,,,,,,,,,,,,,,,Philips_573451.jpg,Philips_573451_1.jpg,Philips_573451_2.jpg,Philips_573451_3.jpg,Philips_573451_4.jpg,,,,,Philips_573451_Specification_Sheet.pdf,,,,,,,,,,,,,,,,,,
,,,,,,,Lighting,Light Bulbs,LED Light Bulbs,,586883,586883 100W Led Multi CCT 2pk,-- Unbranded --,-- No Unilog Brand --,Philips,Phillips Lighting (5831),Signify North America Corporation,Philips,,586883,,Lighting>Light Bulbs>LED Light Bulbs,"Signify North America Corporation, Philips, LED Bulb, 586883",LED BLB,"Philips 586883 LED Bulb With 100 W, 2 pk","Philips LED Bulb, 100 W, 2 pk","LED Bulb, 100 W, 2 pk",,Wattage: 100 W,Package Quantity: 2 pk,,,,,,,,,,,,,,,,,,,,,,,,LED Bulb,Wattage,100,W,Package Quantity,2,pk,,,,,,,,,,,,,,,,,,,,,,,,,,,,,,,,,,,,,,,,,,,,,,,,,,,,,,,,,,,,,,,,,,,,,,,,,,,,,,,,,,,,,,,,,,,,,,,,,,,,,,,,,,,,,,,,,,,,,,,,,,,,,,,,,,,,,,,,,,,,,,,,,,,,,,,,,,,,,,,,,,,,Philips_586883.jpg,Philips_586883_1.jpg,Philips_586883_2.jpg,Philips_586883_3.jpg,Philips_586883_4.jpg,,,,,Philips_586883_Specification_Sheet.pdf,,,,,,,,,,,,,,,,,,
,,,,,,,Lighting,Light Bulbs,LED Light Bulbs,,586859,586859 40W Led Med 27K Back Up,-- Unbranded --,-- No Unilog Brand --,Philips,Phillips Lighting (5831),Signify North America Corporation,Philips,,586859,,Lighting>Light Bulbs>LED Light Bulbs,"Signify North America Corporation, Philips, LED Bulb, 586859",LED BLB,"Philips 586859 LED Bulb With 40 W, 2700 K","Philips LED Bulb, 40 W, 2700 K","LED Bulb, 40 W, 2700 K",,Wattage: 40 W,Color Temperature: 2700 K,,,,,,,,,,,,,,,,,,,,,,,,LED Bulb,Wattage,40,W,Color Temperature,2700,K,,,,,,,,,,,,,,,,,,,,,,,,,,,,,,,,,,,,,,,,,,,,,,,,,,,,,,,,,,,,,,,,,,,,,,,,,,,,,,,,,,,,,,,,,,,,,,,,,,,,,,,,,,,,,,,,,,,,,,,,,,,,,,,,,,,,,,,,,,,,,,,,,,,,,,,,,,,,,,,,,,,,Philips_586859.jpg,Philips_586859_1.jpg,Philips_586859_2.jpg,Philips_586859_3.jpg,Philips_586859_4.jpg,,,,,Philips_586859_Specification_Sheet.pdf,,,,,,,,,,,,,,,,,,
,,,,,,,Lighting,Light Bulbs,LED Light Bulbs,,576488,576488 45W Led R20 Med 50k,-- Unbranded --,-- No Unilog Brand --,Philips,Phillips Lighting (5831),Signify North America Corporation,Philips,,576488,,Lighting>Light Bulbs>LED Light Bulbs,"Signify North America Corporation, Philips, LED Bulb, 576488",LED BLB,"Philips 576488 LED Bulb With 45 W, 5000 K","Philips LED Bulb, 45 W, 5000 K","LED Bulb, 45 W, 5000 K",,Wattage: 45 W,Color Temperature: 5000 K,,,,,,,,,,,,,,,,,,,,,,,,LED Bulb,Wattage,45,W,Color Temperature,5000,K,,,,,,,,,,,,,,,,,,,,,,,,,,,,,,,,,,,,,,,,,,,,,,,,,,,,,,,,,,,,,,,,,,,,,,,,,,,,,,,,,,,,,,,,,,,,,,,,,,,,,,,,,,,,,,,,,,,,,,,,,,,,,,,,,,,,,,,,,,,,,,,,,,,,,,,,,,,,,,,,,,,,Philips_576488.jpg,Philips_576488_1.jpg,Philips_576488_2.jpg,Philips_576488_3.jpg,Philips_576488_4.jpg,,,,,Philips_576488_Specification_Sheet.pdf,,,,,,,,,,,,,,,,,,
,,,,,,,Lighting,Light Bulbs,LED Light Bulbs,,575217,575217 60W Led Med 50k 2pk,-- Unbranded --,-- No Unilog Brand --,Philips,Phillips Lighting (5831),Signify North America Corporation,Philips,,575217,,Lighting>Light Bulbs>LED Light Bulbs,"Signify North America Corporation, Philips, LED Bulb, 575217",LED BLB,"Philips 575217 LED Bulb With 60 W, 5000 K, 2 pk","Philips LED Bulb, 60 W, 5000 K, 2 pk","LED Bulb, 60 W, 5000 K, 2 pk",,Wattage: 60 W,Color Temperature: 5000 K,Package Quantity: 2 pk,,,,,,,,,,,,,,,,,,,,,,,LED Bulb,Wattage,60,W,Color Temperature,5000,K,Package Quantity,2,pk,,,,,,,,,,,,,,,,,,,,,,,,,,,,,,,,,,,,,,,,,,,,,,,,,,,,,,,,,,,,,,,,,,,,,,,,,,,,,,,,,,,,,,,,,,,,,,,,,,,,,,,,,,,,,,,,,,,,,,,,,,,,,,,,,,,,,,,,,,,,,,,,,,,,,,,,,,,,,,,,,Philips_575217.jpg,Philips_575217_1.jpg,Philips_575217_2.jpg,Philips_575217_3.jpg,Philips_575217_4.jpg,,,,,Philips_575217_Specification_Sheet.pdf,,,,,,,,,,,,,,,,,,
,,,,,,,Lighting,Light Bulbs,LED Light Bulbs,,586479,586479 90W Led Med Multi CCT,-- Unbranded --,-- No Unilog Brand --,Philips,Phillips Lighting (5831),Signify North America Corporation,Philips,,586479,,Lighting>Light Bulbs>LED Light Bulbs,"Signify North America Corporation, Philips, LED Bulb, 586479",LED BLB,Philips 586479 LED Bulb With 90 W,"Philips LED Bulb, 90 W","LED Bulb, 90 W",,Wattage: 90 W,,,,,,,,,,,,,,,,,,,,,,,,,LED Bulb,Wattage,90,W,,,,,,,,,,,,,,,,,,,,,,,,,,,,,,,,,,,,,,,,,,,,,,,,,,,,,,,,,,,,,,,,,,,,,,,,,,,,,,,,,,,,,,,,,,,,,,,,,,,,,,,,,,,,,,,,,,,,,,,,,,,,,,,,,,,,,,,,,,,,,,,,,,,,,,,,,,,,,,,,,,,,,,,Philips_586479.jpg,Philips_586479_1.jpg,Philips_586479_2.jpg,Philips_586479_3.jpg,Philips_586479_4.jpg,,,,,Philips_586479_Specification_Sheet.pdf,,,,,,,,,,,,,,,,,,
,,,,,,,Lighting,Light Bulbs,LED Light Bulbs,,571471,571471 100W Led BR30 Med 27k,-- Unbranded --,-- No Unilog Brand --,Philips,Phillips Lighting (5831),Signify North America Corporation,Philips,,571471,,Lighting>Light Bulbs>LED Light Bulbs,"Signify North America Corporation, Philips, LED Bulb, 571471",LED BLB,"Philips 571471 LED Bulb With 100 W, 2700 K","Philips LED Bulb, 100 W, 2700 K","LED Bulb, 100 W, 2700 K",,Wattage: 100 W,Color Temperature: 2700 K,,,,,,,,,,,,,,,,,,,,,,,,LED Bulb,Wattage,100,W,Color Temperature,2700,K,,,,,,,,,,,,,,,,,,,,,,,,,,,,,,,,,,,,,,,,,,,,,,,,,,,,,,,,,,,,,,,,,,,,,,,,,,,,,,,,,,,,,,,,,,,,,,,,,,,,,,,,,,,,,,,,,,,,,,,,,,,,,,,,,,,,,,,,,,,,,,,,,,,,,,,,,,,,,,,,,,,,Philips_571471.jpg,Philips_571471_1.jpg,Philips_571471_2.jpg,Philips_571471_3.jpg,Philips_571471_4.jpg,,,,,Philips_571471_Specification_Sheet.pdf,,,,,,,,,,,,,,,,,,
,,,,,,,Lighting,Light Bulbs,LED Light Bulbs,,570762,570762 50W Led Par16 30k 3pk,-- Unbranded --,-- No Unilog Brand --,Philips,Phillips Lighting (5831),Signify North America Corporation,Philips,,570762,,Lighting>Light Bulbs>LED Light Bulbs,"Signify North America Corporation, Philips, LED Bulb, 570762",LED BLB,"Philips 570762 LED Bulb With 50 W, 3000 K, 3 pk","Philips LED Bulb, 50 W, 3000 K, 3 pk","LED Bulb, 50 W, 3000 K, 3 pk",,Wattage: 50 W,Color Temperature: 3000 K,Package Quantity: 3 pk,,,,,,,,,,,,,,,,,,,,,,,LED Bulb,Wattage,50,W,Color Temperature,3000,K,Package Quantity,3,pk,,,,,,,,,,,,,,,,,,,,,,,,,,,,,,,,,,,,,,,,,,,,,,,,,,,,,,,,,,,,,,,,,,,,,,,,,,,,,,,,,,,,,,,,,,,,,,,,,,,,,,,,,,,,,,,,,,,,,,,,,,,,,,,,,,,,,,,,,,,,,,,,,,,,,,,,,,,,,,,,,Philips_570762.jpg,Philips_570762_1.jpg,Philips_570762_2.jpg,Philips_570762_3.jpg,Philips_570762_4.jpg,,,,,Philips_570762_Specification_Sheet.pdf,,,,,,,,,,,,,,,,,,
,,,,,,,Lighting,Light Bulbs,LED Light Bulbs,,533352,571505 150W Led Med 50k,-- Unbranded --,-- No Unilog Brand --,Philips,Phillips Lighting (5831),Signify North America Corporation,Philips,,533352,,Lighting>Light Bulbs>LED Light Bulbs,"Signify North America Corporation, Philips, LED Bulb, 533352",LED BLB,"Philips 533352 LED Bulb With 150 W, 5000 K","Philips LED Bulb, 150 W, 5000 K","LED Bulb, 150 W, 5000 K",,Wattage: 150 W,Color Temperature: 5000 K,,,,,,,,,,,,,,,,,,,,,,,,LED Bulb,Wattage,150,W,Color Temperature,5000,K,,,,,,,,,,,,,,,,,,,,,,,,,,,,,,,,,,,,,,,,,,,,,,,,,,,,,,,,,,,,,,,,,,,,,,,,,,,,,,,,,,,,,,,,,,,,,,,,,,,,,,,,,,,,,,,,,,,,,,,,,,,,,,,,,,,,,,,,,,,,,,,,,,,,,,,,,,,,,,,,,,,,Philips_533352.jpg,Philips_533352_1.jpg,Philips_533352_2.jpg,Philips_533352_3.jpg,Philips_533352_4.jpg,,,,,Philips_533352_Specification_Sheet.pdf,,,,,,,,,,,,,,,,,,
,,,,,,,Lighting,Light Bulbs,LED Light Bulbs,,573519,573519 100W Led A21 27k 2pk,-- Unbranded --,-- No Unilog Brand --,Philips,Phillips Lighting (5831),Signify North America Corporation,Philips,,573519,,Lighting>Light Bulbs>LED Light Bulbs,"Signify North America Corporation, Philips, LED Bulb, 573519",LED BLB,"Philips 573519 LED Bulb With 100 W, 2700 K, 2 pk","Philips LED Bulb, 100 W, 2700 K, 2 pk","LED Bulb, 100 W, 2700 K, 2 pk",,Wattage: 100 W,Color Temperature: 2700 K,Package Quantity: 2 pk,,,,,,,,,,,,,,,,,,,,,,,LED Bulb,Wattage,100,W,Color Temperature,2700,K,Package Quantity,2,pk,,,,,,,,,,,,,,,,,,,,,,,,,,,,,,,,,,,,,,,,,,,,,,,,,,,,,,,,,,,,,,,,,,,,,,,,,,,,,,,,,,,,,,,,,,,,,,,,,,,,,,,,,,,,,,,,,,,,,,,,,,,,,,,,,,,,,,,,,,,,,,,,,,,,,,,,,,,,,,,,,Philips_573519.jpg,Philips_573519_1.jpg,Philips_573519_2.jpg,Philips_573519_3.jpg,Philips_573519_4.jpg,,,,,Philips_573519_Specification_Sheet.pdf,,,,,,,,,,,,,,,,,,
,,,,,,,Lighting,Light Bulbs,LED Light Bulbs,,573378,573378 60W Led Med 27k 3pk,-- Unbranded --,-- No Unilog Brand --,Philips,Phillips Lighting (5831),Signify North America Corporation,Philips,,573378,,Lighting>Light Bulbs>LED Light Bulbs,"Signify North America Corporation, Philips, LED Bulb, 573378",LED BLB,"Philips 573378 LED Bulb With 60 W, 2700 K, 3 pk","Philips LED Bulb, 60 W, 2700 K, 3 pk","LED Bulb, 60 W, 2700 K, 3 pk",,Wattage: 60 W,Color Temperature: 2700 K,Package Quantity: 3 pk,,,,,,,,,,,,,,,,,,,,,,,LED Bulb,Wattage,60,W,Color Temperature,2700,K,Package Quantity,3,pk,,,,,,,,,,,,,,,,,,,,,,,,,,,,,,,,,,,,,,,,,,,,,,,,,,,,,,,,,,,,,,,,,,,,,,,,,,,,,,,,,,,,,,,,,,,,,,,,,,,,,,,,,,,,,,,,,,,,,,,,,,,,,,,,,,,,,,,,,,,,,,,,,,,,,,,,,,,,,,,,,Philips_573378.jpg,Philips_573378_1.jpg,Philips_573378_2.jpg,Philips_573378_3.jpg,Philips_573378_4.jpg,,,,,Philips_573378_Specification_Sheet.pdf,,,,,,,,,,,,,,,,,,
,,,,,,,Lighting,Light Bulbs,LED Light Bulbs,,565622,565622 60W Led Med 20k,-- Unbranded --,-- No Unilog Brand --,Philips,Phillips Lighting (5831),Signify North America Corporation,Philips,,565622,,Lighting>Light Bulbs>LED Light Bulbs,"Signify North America Corporation, Philips, LED Bulb, 565622",LED BLB,"Philips 565622 LED Bulb With 60 W, 2000 K","Philips LED Bulb, 60 W, 2000 K","LED Bulb, 60 W, 2000 K",,Wattage: 60 W,Color Temperature: 2000 K,,,,,,,,,,,,,,,,,,,,,,,,LED Bulb,Wattage,60,W,Color Temperature,2000,K,,,,,,,,,,,,,,,,,,,,,,,,,,,,,,,,,,,,,,,,,,,,,,,,,,,,,,,,,,,,,,,,,,,,,,,,,,,,,,,,,,,,,,,,,,,,,,,,,,,,,,,,,,,,,,,,,,,,,,,,,,,,,,,,,,,,,,,,,,,,,,,,,,,,,,,,,,,,,,,,,,,,Philips_565622.jpg,Philips_565622_1.jpg,Philips_565622_2.jpg,Philips_565622_3.jpg,Philips_565622_4.jpg,,,,,Philips_565622_Specification_Sheet.pdf,,,,,,,,,,,,,,,,,,
,,,,,,,Lighting,Light Bulbs,LED Light Bulbs,,586891,586891 Led 60W Med A19 27k,-- Unbranded --,-- No Unilog Brand --,Philips,Phillips Lighting (5831),Signify North America Corporation,Philips,,586891,,Lighting>Light Bulbs>LED Light Bulbs,"Signify North America Corporation, Philips, LED Bulb, 586891",LED BLB,"Philips 586891 LED Bulb With 60 W, 2700 K","Philips LED Bulb, 60 W, 2700 K","LED Bulb, 60 W, 2700 K",,Wattage: 60 W,Color Temperature: 2700 K,,,,,,,,,,,,,,,,,,,,,,,,LED Bulb,Wattage,60,W,Color Temperature,2700,K,,,,,,,,,,,,,,,,,,,,,,,,,,,,,,,,,,,,,,,,,,,,,,,,,,,,,,,,,,,,,,,,,,,,,,,,,,,,,,,,,,,,,,,,,,,,,,,,,,,,,,,,,,,,,,,,,,,,,,,,,,,,,,,,,,,,,,,,,,,,,,,,,,,,,,,,,,,,,,,,,,,,Philips_586891.jpg,Philips_586891_1.jpg,Philips_586891_2.jpg,Philips_586891_3.jpg,Philips_586891_4.jpg,,,,,Philips_586891_Specification_Sheet.pdf,,,,,,,,,,,,,,,,,,
,,,,,,,Lighting,Light Bulbs,LED Light Bulbs,,585448,585448 120W Led Motion Bulb,-- Unbranded --,-- No Unilog Brand --,Philips,Phillips Lighting (5831),Signify North America Corporation,Philips,,585448,,Lighting>Light Bulbs>LED Light Bulbs,"Signify North America Corporation, Philips, LED Bulb, 585448",LED BLB,Philips 585448 LED Bulb With 120 W,"Philips LED Bulb, 120 W","LED Bulb, 120 W",,Wattage: 120 W,,,,,,,,,,,,,,,,,,,,,,,,,LED Bulb,Wattage,120,W,,,,,,,,,,,,,,,,,,,,,,,,,,,,,,,,,,,,,,,,,,,,,,,,,,,,,,,,,,,,,,,,,,,,,,,,,,,,,,,,,,,,,,,,,,,,,,,,,,,,,,,,,,,,,,,,,,,,,,,,,,,,,,,,,,,,,,,,,,,,,,,,,,,,,,,,,,,,,,,,,,,,,,,Philips_585448.jpg,Philips_585448_1.jpg,Philips_585448_2.jpg,Philips_585448_3.jpg,Philips_585448_4.jpg,,,,,Philips_585448_Specification_Sheet.pdf,,,,,,,,,,,,,,,,,,
,,,,,,,Lighting,Light Bulbs,LED Light Bulbs,,573444,573444 60W Led A19 Med 50k 2pk,-- Unbranded --,-- No Unilog Brand --,Philips,Phillips Lighting (5831),Signify North America Corporation,Philips,,573444,,Lighting>Light Bulbs>LED Light Bulbs,"Signify North America Corporation, Philips, LED Bulb, 573444",LED BLB,"Philips 573444 LED Bulb With 60 W, 5000 K, 2 pk","Philips LED Bulb, 60 W, 5000 K, 2 pk","LED Bulb, 60 W, 5000 K, 2 pk",,Wattage: 60 W,Color Temperature: 5000 K,Package Quantity: 2 pk,,,,,,,,,,,,,,,,,,,,,,,LED Bulb,Wattage,60,W,Color Temperature,5000,K,Package Quantity,2,pk,,,,,,,,,,,,,,,,,,,,,,,,,,,,,,,,,,,,,,,,,,,,,,,,,,,,,,,,,,,,,,,,,,,,,,,,,,,,,,,,,,,,,,,,,,,,,,,,,,,,,,,,,,,,,,,,,,,,,,,,,,,,,,,,,,,,,,,,,,,,,,,,,,,,,,,,,,,,,,,,,Philips_573444.jpg,Philips_573444_1.jpg,Philips_573444_2.jpg,Philips_573444_3.jpg,Philips_573444_4.jpg,,,,,Philips_573444_Specification_Sheet.pdf,,,,,,,,,,,,,,,,,,
,,,,,,,Lighting,Light Bulbs,LED Light Bulbs,,566687,566687 60W Cand Led 27k 3pk,-- Unbranded --,-- No Unilog Brand --,Philips,Phillips Lighting (5831),Signify North America Corporation,Philips,,566687,,Lighting>Light Bulbs>LED Light Bulbs,"Signify North America Corporation, Philips, LED Bulb, 566687",LED BLB,"Philips 566687 LED Bulb With 60 W, 2700 K, 3 pk","Philips LED Bulb, 60 W, 2700 K, 3 pk","LED Bulb, 60 W, 2700 K, 3 pk",,Wattage: 60 W,Color Temperature: 2700 K,Package Quantity: 3 pk,,,,,,,,,,,,,,,,,,,,,,,LED Bulb,Wattage,60,W,Color Temperature,2700,K,Package Quantity,3,pk,,,,,,,,,,,,,,,,,,,,,,,,,,,,,,,,,,,,,,,,,,,,,,,,,,,,,,,,,,,,,,,,,,,,,,,,,,,,,,,,,,,,,,,,,,,,,,,,,,,,,,,,,,,,,,,,,,,,,,,,,,,,,,,,,,,,,,,,,,,,,,,,,,,,,,,,,,,,,,,,,Philips_566687.jpg,Philips_566687_1.jpg,Philips_566687_2.jpg,Philips_566687_3.jpg,Philips_566687_4.jpg,,,,,Philips_566687_Specification_Sheet.pdf,,,,,,,,,,,,,,,,,,
,,,,,,,Lighting,Light Bulbs,LED Light Bulbs,,564385,564385 40w Led Med 27k 2pk,-- Unbranded --,-- No Unilog Brand --,Philips,Phillips Lighting (5831),Signify North America Corporation,Philips,,564385,,Lighting>Light Bulbs>LED Light Bulbs,"Signify North America Corporation, Philips, LED Bulb, 564385",LED BLB,"Philips 564385 LED Bulb With 40 W, 2700 K, 2 pk","Philips LED Bulb, 40 W, 2700 K, 2 pk","LED Bulb, 40 W, 2700 K, 2 pk",,Wattage: 40 W,Color Temperature: 2700 K,Package Quantity: 2 pk,,,,,,,,,,,,,,,,,,,,,,,LED Bulb,Wattage,40,W,Color Temperature,2700,K,Package Quantity,2,pk,,,,,,,,,,,,,,,,,,,,,,,,,,,,,,,,,,,,,,,,,,,,,,,,,,,,,,,,,,,,,,,,,,,,,,,,,,,,,,,,,,,,,,,,,,,,,,,,,,,,,,,,,,,,,,,,,,,,,,,,,,,,,,,,,,,,,,,,,,,,,,,,,,,,,,,,,,,,,,,,,Philips_564385.jpg,Philips_564385_1.jpg,Philips_564385_2.jpg,Philips_564385_3.jpg,Philips_564385_4.jpg,,,,,Philips_564385_Specification_Sheet.pdf,,,,,,,,,,,,,,,,,,
,,,,,,,Lighting,Light Bulbs,LED Light Bulbs,,566661,566661 40W LED Cand 27k 3pk,-- Unbranded --,-- No Unilog Brand --,Philips,Phillips Lighting (5831),Signify North America Corporation,Philips,,566661,,Lighting>Light Bulbs>LED Light Bulbs,"Signify North America Corporation, Philips, LED Bulb, 566661",LED BLB,"Philips 566661 LED Bulb With 40 W, 2700 K, 3 pk","Philips LED Bulb, 40 W, 2700 K, 3 pk","LED Bulb, 40 W, 2700 K, 3 pk",,Wattage: 40 W,Color Temperature: 2700 K,Package Quantity: 3 pk,,,,,,,,,,,,,,,,,,,,,,,LED Bulb,Wattage,40,W,Color Temperature,2700,K,Package Quantity,3,pk,,,,,,,,,,,,,,,,,,,,,,,,,,,,,,,,,,,,,,,,,,,,,,,,,,,,,,,,,,,,,,,,,,,,,,,,,,,,,,,,,,,,,,,,,,,,,,,,,,,,,,,,,,,,,,,,,,,,,,,,,,,,,,,,,,,,,,,,,,,,,,,,,,,,,,,,,,,,,,,,,Philips_566661.jpg,Philips_566661_1.jpg,Philips_566661_2.jpg,Philips_566661_3.jpg,Philips_566661_4.jpg,,,,,Philips_566661_Specification_Sheet.pdf,,,,,,,,,,,,,,,,,,
,,,,,,,Lighting,Light Bulbs,LED Light Bulbs,,564898,564898 60W Cand Led 50k 3pk,-- Unbranded --,-- No Unilog Brand --,Philips,Phillips Lighting (5831),Signify North America Corporation,Philips,,564898,,Lighting>Light Bulbs>LED Light Bulbs,"Signify North America Corporation, Philips, LED Bulb, 564898",LED BLB,"Philips 564898 LED Bulb With 60 W, 5000 K, 3 pk","Philips LED Bulb, 60 W, 5000 K, 3 pk","LED Bulb, 60 W, 5000 K, 3 pk",,Wattage: 60 W,Color Temperature: 5000 K,Package Quantity: 3 pk,,,,,,,,,,,,,,,,,,,,,,,LED Bulb,Wattage,60,W,Color Temperature,5000,K,Package Quantity,3,pk,,,,,,,,,,,,,,,,,,,,,,,,,,,,,,,,,,,,,,,,,,,,,,,,,,,,,,,,,,,,,,,,,,,,,,,,,,,,,,,,,,,,,,,,,,,,,,,,,,,,,,,,,,,,,,,,,,,,,,,,,,,,,,,,,,,,,,,,,,,,,,,,,,,,,,,,,,,,,,,,,Philips_564898.jpg,Philips_564898_1.jpg,Philips_564898_2.jpg,Philips_564898_3.jpg,Philips_564898_4.jpg,,,,,Philips_564898_Specification_Sheet.pdf,,,,,,,,,,,,,,,,,,
,,,,,,,Lighting,Light Bulbs,LED Light Bulbs,,538319,588525 40W Led Cand 3pk,-- Unbranded --,-- No Unilog Brand --,Philips,Phillips Lighting (5831),Signify North America Corporation,Philips,,538319,,Lighting>Light Bulbs>LED Light Bulbs,"Signify North America Corporation, Philips, LED Bulb, 538319",LED BLB,"Philips 538319 LED Bulb With 40 W, 3 pk","Philips LED Bulb, 40 W, 3 pk","LED Bulb, 40 W, 3 pk",,Wattage: 40 W,Package Quantity: 3 pk,,,,,,,,,,,,,,,,,,,,,,,,LED Bulb,Wattage,40,W,Package Quantity,3,pk,,,,,,,,,,,,,,,,,,,,,,,,,,,,,,,,,,,,,,,,,,,,,,,,,,,,,,,,,,,,,,,,,,,,,,,,,,,,,,,,,,,,,,,,,,,,,,,,,,,,,,,,,,,,,,,,,,,,,,,,,,,,,,,,,,,,,,,,,,,,,,,,,,,,,,,,,,,,,,,,,,,,Philips_538319.jpg,Philips_538319_1.jpg,Philips_538319_2.jpg,Philips_538319_3.jpg,Philips_538319_4.jpg,,,,,Philips_538319_Specification_Sheet.pdf,,,,,,,,,,,,,,,,,,
,,,,,,,Lighting,Light Bulbs,LED Light Bulbs,,576009,576009 100W Led Par30L Med 50k,-- Unbranded --,-- No Unilog Brand --,Philips,Phillips Lighting (5831),Signify North America Corporation,Philips,,576009,,Lighting>Light Bulbs>LED Light Bulbs,"Signify North America Corporation, Philips, LED Bulb, 576009",LED BLB,"Philips 576009 LED Bulb With 100 W, 5000 K","Philips LED Bulb, 100 W, 5000 K","LED Bulb, 100 W, 5000 K",,Wattage: 100 W,Color Temperature: 5000 K,,,,,,,,,,,,,,,,,,,,,,,,LED Bulb,Wattage,100,W,Color Temperature,5000,K,,,,,,,,,,,,,,,,,,,,,,,,,,,,,,,,,,,,,,,,,,,,,,,,,,,,,,,,,,,,,,,,,,,,,,,,,,,,,,,,,,,,,,,,,,,,,,,,,,,,,,,,,,,,,,,,,,,,,,,,,,,,,,,,,,,,,,,,,,,,,,,,,,,,,,,,,,,,,,,,,,,,Philips_576009.jpg,Philips_576009_1.jpg,Philips_576009_2.jpg,Philips_576009_3.jpg,Philips_576009_4.jpg,,,,,Philips_576009_Specification_Sheet.pdf,,,,,,,,,,,,,,,,,,
,,,,,,,Lighting,Light Bulbs,LED Light Bulbs,,564450,564450 40W Led Cand 27k 2pk,-- Unbranded --,-- No Unilog Brand --,Philips,Phillips Lighting (5831),Signify North America Corporation,Philips,,564450,,Lighting>Light Bulbs>LED Light Bulbs,"Signify North America Corporation, Philips, LED Bulb, 564450",LED BLB,"Philips 564450 LED Bulb With 40 W, 2700 K, 2 pk","Philips LED Bulb, 40 W, 2700 K, 2 pk","LED Bulb, 40 W, 2700 K, 2 pk",,Wattage: 40 W,Color Temperature: 2700 K,Package Quantity: 2 pk,,,,,,,,,,,,,,,,,,,,,,,LED Bulb,Wattage,40,W,Color Temperature,2700,K,Package Quantity,2,pk,,,,,,,,,,,,,,,,,,,,,,,,,,,,,,,,,,,,,,,,,,,,,,,,,,,,,,,,,,,,,,,,,,,,,,,,,,,,,,,,,,,,,,,,,,,,,,,,,,,,,,,,,,,,,,,,,,,,,,,,,,,,,,,,,,,,,,,,,,,,,,,,,,,,,,,,,,,,,,,,,Philips_564450.jpg,Philips_564450_1.jpg,Philips_564450_2.jpg,Philips_564450_3.jpg,Philips_564450_4.jpg,,,,,Philips_564450_Specification_Sheet.pdf,,,,,,,,,,,,,,,,,,
,,,,,,,Lighting,Light Bulbs,LED Light Bulbs,,572669,572669 60W Led F15 Med 27k,-- Unbranded --,-- No Unilog Brand --,Philips,Phillips Lighting (5831),Signify North America Corporation,Philips,,572669,,Lighting>Light Bulbs>LED Light Bulbs,"Signify North America Corporation, Philips, LED Bulb, 572669",LED BLB,"Philips 572669 LED Bulb With 60 W, 2700 K","Philips LED Bulb, 60 W, 2700 K","LED Bulb, 60 W, 2700 K",,Wattage: 60 W,Color Temperature: 2700 K,,,,,,,,,,,,,,,,,,,,,,,,LED Bulb,Wattage,60,W,Color Temperature,2700,K,,,,,,,,,,,,,,,,,,,,,,,,,,,,,,,,,,,,,,,,,,,,,,,,,,,,,,,,,,,,,,,,,,,,,,,,,,,,,,,,,,,,,,,,,,,,,,,,,,,,,,,,,,,,,,,,,,,,,,,,,,,,,,,,,,,,,,,,,,,,,,,,,,,,,,,,,,,,,,,,,,,,Philips_572669.jpg,Philips_572669_1.jpg,Philips_572669_2.jpg,Philips_572669_3.jpg,Philips_572669_4.jpg,,,,,Philips_572669_Specification_Sheet.pdf,,,,,,,,,,,,,,,,,,
,,,,,,,Lighting,Light Bulbs,LED Light Bulbs,,564906,564906 60W Led Med 27k 2pk,-- Unbranded --,-- No Unilog Brand --,Philips,Phillips Lighting (5831),Signify North America Corporation,Philips,,564906,,Lighting>Light Bulbs>LED Light Bulbs,"Signify North America Corporation, Philips, LED Bulb, 564906",LED BLB,"Philips 564906 LED Bulb With 60 W, 2700 K, 2 pk","Philips LED Bulb, 60 W, 2700 K, 2 pk","LED Bulb, 60 W, 2700 K, 2 pk",,Wattage: 60 W,Color Temperature: 2700 K,Package Quantity: 2 pk,,,,,,,,,,,,,,,,,,,,,,,LED Bulb,Wattage,60,W,Color Temperature,2700,K,Package Quantity,2,pk,,,,,,,,,,,,,,,,,,,,,,,,,,,,,,,,,,,,,,,,,,,,,,,,,,,,,,,,,,,,,,,,,,,,,,,,,,,,,,,,,,,,,,,,,,,,,,,,,,,,,,,,,,,,,,,,,,,,,,,,,,,,,,,,,,,,,,,,,,,,,,,,,,,,,,,,,,,,,,,,,Philips_564906.jpg,Philips_564906_1.jpg,Philips_564906_2.jpg,Philips_564906_3.jpg,Philips_564906_4.jpg,,,,,Philips_564906_Specification_Sheet.pdf,,,,,,,,,,,,,,,,,,
,,,,,,,Lighting,Light Bulbs,LED Light Bulbs,,573410,573410 40W Led A19 Med 27k 2pk,-- Unbranded --,-- No Unilog Brand --,Philips,Phillips Lighting (5831),Signify North America Corporation,Philips,,573410,,Lighting>Light Bulbs>LED Light Bulbs,"Signify North America Corporation, Philips, LED Bulb, 573410",LED BLB,"Philips 573410 LED Bulb With 40 W, 2700 K, 2 pk","Philips LED Bulb, 40 W, 2700 K, 2 pk","LED Bulb, 40 W, 2700 K, 2 pk",,Wattage: 40 W,Color Temperature: 2700 K,Package Quantity: 2 pk,,,,,,,,,,,,,,,,,,,,,,,LED Bulb,Wattage,40,W,Color Temperature,2700,K,Package Quantity,2,pk,,,,,,,,,,,,,,,,,,,,,,,,,,,,,,,,,,,,,,,,,,,,,,,,,,,,,,,,,,,,,,,,,,,,,,,,,,,,,,,,,,,,,,,,,,,,,,,,,,,,,,,,,,,,,,,,,,,,,,,,,,,,,,,,,,,,,,,,,,,,,,,,,,,,,,,,,,,,,,,,,Philips_573410.jpg,Philips_573410_1.jpg,Philips_573410_2.jpg,Philips_573410_3.jpg,Philips_573410_4.jpg,,,,,Philips_573410_Specification_Sheet.pdf,,,,,,,,,,,,,,,,,,
,,,,,,,Lighting,Light Bulbs,LED Light Bulbs,,576504,576504 65W Led BR40 Med 50k,-- Unbranded --,-- No Unilog Brand --,Philips,Phillips Lighting (5831),Signify North America Corporation,Philips,,576504,,Lighting>Light Bulbs>LED Light Bulbs,"Signify North America Corporation, Philips, LED Bulb, 576504",LED BLB,"Philips 576504 LED Bulb With 65 W, 5000 K","Philips LED Bulb, 65 W, 5000 K","LED Bulb, 65 W, 5000 K",,Wattage: 65 W,Color Temperature: 5000 K,,,,,,,,,,,,,,,,,,,,,,,,LED Bulb,Wattage,65,W,Color Temperature,5000,K,,,,,,,,,,,,,,,,,,,,,,,,,,,,,,,,,,,,,,,,,,,,,,,,,,,,,,,,,,,,,,,,,,,,,,,,,,,,,,,,,,,,,,,,,,,,,,,,,,,,,,,,,,,,,,,,,,,,,,,,,,,,,,,,,,,,,,,,,,,,,,,,,,,,,,,,,,,,,,,,,,,,Philips_576504.jpg,Philips_576504_1.jpg,Philips_576504_2.jpg,Philips_576504_3.jpg,Philips_576504_4.jpg,,,,,Philips_576504_Specification_Sheet.pdf,,,,,,,,,,,,,,,,,,
,,,,,,,Lighting,Light Bulbs,LED Light Bulbs,,576017,576017 100W Led Par30L Med 30k,-- Unbranded --,-- No Unilog Brand --,Philips,Phillips Lighting (5831),Signify North America Corporation,Philips,,576017,,Lighting>Light Bulbs>LED Light Bulbs,"Signify North America Corporation, Philips, LED Bulb, 576017",LED BLB,"Philips 576017 LED Bulb With 100 W, 3000 K","Philips LED Bulb, 100 W, 3000 K","LED Bulb, 100 W, 3000 K",,Wattage: 100 W,Color Temperature: 3000 K,,,,,,,,,,,,,,,,,,,,,,,,LED Bulb,Wattage,100,W,Color Temperature,3000,K,,,,,,,,,,,,,,,,,,,,,,,,,,,,,,,,,,,,,,,,,,,,,,,,,,,,,,,,,,,,,,,,,,,,,,,,,,,,,,,,,,,,,,,,,,,,,,,,,,,,,,,,,,,,,,,,,,,,,,,,,,,,,,,,,,,,,,,,,,,,,,,,,,,,,,,,,,,,,,,,,,,,Philips_576017.jpg,Philips_576017_1.jpg,Philips_576017_2.jpg,Philips_576017_3.jpg,Philips_576017_4.jpg,,,,,Philips_576017_Specification_Sheet.pdf,,,,,,,,,,,,,,,,,,
,,,,,,,Lighting,Light Bulbs,LED Light Bulbs,,574392,574392 40W Led B11 Med 27k 3pk,-- Unbranded --,-- No Unilog Brand --,Philips,Phillips Lighting (5831),Signify North America Corporation,Philips,,574392,,Lighting>Light Bulbs>LED Light Bulbs,"Signify North America Corporation, Philips, LED Bulb, 574392",LED BLB,"Philips 574392 LED Bulb With 40 W, 2700 K, 3 pk","Philips LED Bulb, 40 W, 2700 K, 3 pk","LED Bulb, 40 W, 2700 K, 3 pk",,Wattage: 40 W,Color Temperature: 2700 K,Package Quantity: 3 pk,,,,,,,,,,,,,,,,,,,,,,,LED Bulb,Wattage,40,W,Color Temperature,2700,K,Package Quantity,3,pk,,,,,,,,,,,,,,,,,,,,,,,,,,,,,,,,,,,,,,,,,,,,,,,,,,,,,,,,,,,,,,,,,,,,,,,,,,,,,,,,,,,,,,,,,,,,,,,,,,,,,,,,,,,,,,,,,,,,,,,,,,,,,,,,,,,,,,,,,,,,,,,,,,,,,,,,,,,,,,,,,Philips_574392.jpg,Philips_574392_1.jpg,Philips_574392_2.jpg,Philips_574392_3.jpg,Philips_574392_4.jpg,,,,,Philips_574392_Specification_Sheet.pdf,,,,,,,,,,,,,,,,,,
,,,,,,,Lighting,Light Bulbs,LED Light Bulbs,,576751,576751 65W Led BR30 Med 3pk,-- Unbranded --,-- No Unilog Brand --,Philips,Phillips Lighting (5831),Signify North America Corporation,Philips,,576751,,Lighting>Light Bulbs>LED Light Bulbs,"Signify North America Corporation, Philips, LED Bulb, 576751",LED BLB,"Philips 576751 LED Bulb With 65 W, 3 pk","Philips LED Bulb, 65 W, 3 pk","LED Bulb, 65 W, 3 pk",,Wattage: 65 W,Package Quantity: 3 pk,,,,,,,,,,,,,,,,,,,,,,,,LED Bulb,Wattage,65,W,Package Quantity,3,pk,,,,,,,,,,,,,,,,,,,,,,,,,,,,,,,,,,,,,,,,,,,,,,,,,,,,,,,,,,,,,,,,,,,,,,,,,,,,,,,,,,,,,,,,,,,,,,,,,,,,,,,,,,,,,,,,,,,,,,,,,,,,,,,,,,,,,,,,,,,,,,,,,,,,,,,,,,,,,,,,,,,,Philips_576751.jpg,Philips_576751_1.jpg,Philips_576751_2.jpg,Philips_576751_3.jpg,Philips_576751_4.jpg,,,,,Philips_576751_Specification_Sheet.pdf,,,,,,,,,,,,,,,,,,
,,,,,,,Lighting,Light Bulbs,LED Light Bulbs,,583161,583161 Led 65W Med BR30 3pk,-- Unbranded --,-- No Unilog Brand --,Philips,Phillips Lighting (5831),Signify North America Corporation,Philips,,583161,,Lighting>Light Bulbs>LED Light Bulbs,"Signify North America Corporation, Philips, LED Bulb, 583161",LED BLB,"Philips 583161 LED Bulb With 65 W, 3 pk","Philips LED Bulb, 65 W, 3 pk","LED Bulb, 65 W, 3 pk",,Wattage: 65 W,Package Quantity: 3 pk,,,,,,,,,,,,,,,,,,,,,,,,LED Bulb,Wattage,65,W,Package Quantity,3,pk,,,,,,,,,,,,,,,,,,,,,,,,,,,,,,,,,,,,,,,,,,,,,,,,,,,,,,,,,,,,,,,,,,,,,,,,,,,,,,,,,,,,,,,,,,,,,,,,,,,,,,,,,,,,,,,,,,,,,,,,,,,,,,,,,,,,,,,,,,,,,,,,,,,,,,,,,,,,,,,,,,,,Philips_583161.jpg,Philips_583161_1.jpg,Philips_583161_2.jpg,Philips_583161_3.jpg,Philips_583161_4.jpg,,,,,Philips_583161_Specification_Sheet.pdf,,,,,,,,,,,,,,,,,,
,,,,,,,Lighting,Light Bulbs,LED Light Bulbs,,566695,566695 60W Led Med 27k 3pk,-- Unbranded --,-- No Unilog Brand --,Philips,Phillips Lighting (5831),Signify North America Corporation,Philips,,566695,,Lighting>Light Bulbs>LED Light Bulbs,"Signify North America Corporation, Philips, LED Bulb, 566695",LED BLB,"Philips 566695 LED Bulb With 60 W, 2700 K, 3 pk","Philips LED Bulb, 60 W, 2700 K, 3 pk","LED Bulb, 60 W, 2700 K, 3 pk",,Wattage: 60 W,Color Temperature: 2700 K,Package Quantity: 3 pk,,,,,,,,,,,,,,,,,,,,,,,LED Bulb,Wattage,60,W,Color Temperature,2700,K,Package Quantity,3,pk,,,,,,,,,,,,,,,,,,,,,,,,,,,,,,,,,,,,,,,,,,,,,,,,,,,,,,,,,,,,,,,,,,,,,,,,,,,,,,,,,,,,,,,,,,,,,,,,,,,,,,,,,,,,,,,,,,,,,,,,,,,,,,,,,,,,,,,,,,,,,,,,,,,,,,,,,,,,,,,,,Philips_566695.jpg,Philips_566695_1.jpg,Philips_566695_2.jpg,Philips_566695_3.jpg,Philips_566695_4.jpg,,,,,Philips_566695_Specification_Sheet.pdf,,,,,,,,,,,,,,,,,,
,,,,,,,Lighting,Light Bulbs,LED Light Bulbs,,577007,577007 125W Led Med 30k Flood,-- Unbranded --,-- No Unilog Brand --,Philips,Phillips Lighting (5831),Signify North America Corporation,Philips,,577007,,Lighting>Light Bulbs>LED Light Bulbs,"Signify North America Corporation, Philips, LED Bulb, 577007",LED BLB,"Philips 577007 LED Bulb With 125 W, 3000 K","Philips LED Bulb, 125 W, 3000 K","LED Bulb, 125 W, 3000 K",,Wattage: 125 W,Color Temperature: 3000 K,,,,,,,,,,,,,,,,,,,,,,,,LED Bulb,Wattage,125,W,Color Temperature,3000,K,,,,,,,,,,,,,,,,,,,,,,,,,,,,,,,,,,,,,,,,,,,,,,,,,,,,,,,,,,,,,,,,,,,,,,,,,,,,,,,,,,,,,,,,,,,,,,,,,,,,,,,,,,,,,,,,,,,,,,,,,,,,,,,,,,,,,,,,,,,,,,,,,,,,,,,,,,,,,,,,,,,,Philips_577007.jpg,Philips_577007_1.jpg,Philips_577007_2.jpg,Philips_577007_3.jpg,Philips_577007_4.jpg,,,,,Philips_577007_Specification_Sheet.pdf,,,,,,,,,,,,,,,,,,
,,,,,,,Lighting,Light Bulbs,LED Light Bulbs,,566653,566653 25W Led Cand 27k 3pk,-- Unbranded --,-- No Unilog Brand --,Philips,Phillips Lighting (5831),Signify North America Corporation,Philips,,566653,,Lighting>Light Bulbs>LED Light Bulbs,"Signify North America Corporation, Philips, LED Bulb, 566653",LED BLB,"Philips 566653 LED Bulb With 25 W, 2700 K, 3 pk","Philips LED Bulb, 25 W, 2700 K, 3 pk","LED Bulb, 25 W, 2700 K, 3 pk",,Wattage: 25 W,Color Temperature: 2700 K,Package Quantity: 3 pk,,,,,,,,,,,,,,,,,,,,,,,LED Bulb,Wattage,25,W,Color Temperature,2700,K,Package Quantity,3,pk,,,,,,,,,,,,,,,,,,,,,,,,,,,,,,,,,,,,,,,,,,,,,,,,,,,,,,,,,,,,,,,,,,,,,,,,,,,,,,,,,,,,,,,,,,,,,,,,,,,,,,,,,,,,,,,,,,,,,,,,,,,,,,,,,,,,,,,,,,,,,,,,,,,,,,,,,,,,,,,,,Philips_566653.jpg,Philips_566653_1.jpg,Philips_566653_2.jpg,Philips_566653_3.jpg,Philips_566653_4.jpg,,,,,Philips_566653_Specification_Sheet.pdf,,,,,,,,,,,,,,,,,,
,,,,,,,Lighting,Light Bulbs,LED Light Bulbs,,566679,566679 40W Led Med 27k 3pk,-- Unbranded --,-- No Unilog Brand --,Philips,Phillips Lighting (5831),Signify North America Corporation,Philips,,566679,,Lighting>Light Bulbs>LED Light Bulbs,"Signify North America Corporation, Philips, LED Bulb, 566679",LED BLB,"Philips 566679 LED Bulb With 40 W, 2700 K, 3 pk","Philips LED Bulb, 40 W, 2700 K, 3 pk","LED Bulb, 40 W, 2700 K, 3 pk",,Wattage: 40 W,Color Temperature: 2700 K,Package Quantity: 3 pk,,,,,,,,,,,,,,,,,,,,,,,LED Bulb,Wattage,40,W,Color Temperature,2700,K,Package Quantity,3,pk,,,,,,,,,,,,,,,,,,,,,,,,,,,,,,,,,,,,,,,,,,,,,,,,,,,,,,,,,,,,,,,,,,,,,,,,,,,,,,,,,,,,,,,,,,,,,,,,,,,,,,,,,,,,,,,,,,,,,,,,,,,,,,,,,,,,,,,,,,,,,,,,,,,,,,,,,,,,,,,,,Philips_566679.jpg,Philips_566679_1.jpg,Philips_566679_2.jpg,Philips_566679_3.jpg,Philips_566679_4.jpg,,,,,Philips_566679_Specification_Sheet.pdf,,,,,,,,,,,,,,,,,,
,,,,,,,Lighting,Light Bulbs,LED Light Bulbs,,573311,573311 60W Led Med 27k 2pk,-- Unbranded --,-- No Unilog Brand --,Philips,Phillips Lighting (5831),Signify North America Corporation,Philips,,573311,,Lighting>Light Bulbs>LED Light Bulbs,"Signify North America Corporation, Philips, LED Bulb, 573311",LED BLB,"Philips 573311 LED Bulb With 60 W, 2700 K, 2 pk","Philips LED Bulb, 60 W, 2700 K, 2 pk","LED Bulb, 60 W, 2700 K, 2 pk",,Wattage: 60 W,Color Temperature: 2700 K,Package Quantity: 2 pk,,,,,,,,,,,,,,,,,,,,,,,LED Bulb,Wattage,60,W,Color Temperature,2700,K,Package Quantity,2,pk,,,,,,,,,,,,,,,,,,,,,,,,,,,,,,,,,,,,,,,,,,,,,,,,,,,,,,,,,,,,,,,,,,,,,,,,,,,,,,,,,,,,,,,,,,,,,,,,,,,,,,,,,,,,,,,,,,,,,,,,,,,,,,,,,,,,,,,,,,,,,,,,,,,,,,,,,,,,,,,,,Philips_573311.jpg,Philips_573311_1.jpg,Philips_573311_2.jpg,Philips_573311_3.jpg,Philips_573311_4.jpg,,,,,Philips_573311_Specification_Sheet.pdf,,,,,,,,,,,,,,,,,,
,,,,,,,Lighting,Light Bulbs,LED Light Bulbs,,573394,573394 60W Led Cand 27k 2pk,-- Unbranded --,-- No Unilog Brand --,Philips,Phillips Lighting (5831),Signify North America Corporation,Philips,,573394,,Lighting>Light Bulbs>LED Light Bulbs,"Signify North America Corporation, Philips, LED Bulb, 573394",LED BLB,"Philips 573394 LED Bulb With 60 W, 2700 K, 2 pk","Philips LED Bulb, 60 W, 2700 K, 2 pk","LED Bulb, 60 W, 2700 K, 2 pk",,Wattage: 60 W,Color Temperature: 2700 K,Package Quantity: 2 pk,,,,,,,,,,,,,,,,,,,,,,,LED Bulb,Wattage,60,W,Color Temperature,2700,K,Package Quantity,2,pk,,,,,,,,,,,,,,,,,,,,,,,,,,,,,,,,,,,,,,,,,,,,,,,,,,,,,,,,,,,,,,,,,,,,,,,,,,,,,,,,,,,,,,,,,,,,,,,,,,,,,,,,,,,,,,,,,,,,,,,,,,,,,,,,,,,,,,,,,,,,,,,,,,,,,,,,,,,,,,,,,Philips_573394.jpg,Philips_573394_1.jpg,Philips_573394_2.jpg,Philips_573394_3.jpg,Philips_573394_4.jpg,,,,,Philips_573394_Specification_Sheet.pdf,,,,,,,,,,,,,,,,,,
,,,,,,,Lighting,Light Bulbs,LED Light Bulbs,,573329,573329 60W Cand Led 27k 2pk,-- Unbranded --,-- No Unilog Brand --,Philips,Phillips Lighting (5831),Signify North America Corporation,Philips,,573329,,Lighting>Light Bulbs>LED Light Bulbs,"Signify North America Corporation, Philips, LED Bulb, 573329",LED BLB,"Philips 573329 LED Bulb With 60 W, 2700 K, 2 pk","Philips LED Bulb, 60 W, 2700 K, 2 pk","LED Bulb, 60 W, 2700 K, 2 pk",,Wattage: 60 W,Color Temperature: 2700 K,Package Quantity: 2 pk,,,,,,,,,,,,,,,,,,,,,,,LED Bulb,Wattage,60,W,Color Temperature,2700,K,Package Quantity,2,pk,,,,,,,,,,,,,,,,,,,,,,,,,,,,,,,,,,,,,,,,,,,,,,,,,,,,,,,,,,,,,,,,,,,,,,,,,,,,,,,,,,,,,,,,,,,,,,,,,,,,,,,,,,,,,,,,,,,,,,,,,,,,,,,,,,,,,,,,,,,,,,,,,,,,,,,,,,,,,,,,,Philips_573329.jpg,Philips_573329_1.jpg,Philips_573329_2.jpg,Philips_573329_3.jpg,Philips_573329_4.jpg,,,,,Philips_573329_Specification_Sheet.pdf,,,,,,,,,,,,,,,,,,
,,,,,,,Lighting,Light Bulbs,LED Light Bulbs,,564930,564930 40W Cand Led 50k 3pk,-- Unbranded --,-- No Unilog Brand --,Philips,Phillips Lighting (5831),Signify North America Corporation,Philips,,564930,,Lighting>Light Bulbs>LED Light Bulbs,"Signify North America Corporation, Philips, LED Bulb, 564930",LED BLB,"Philips 564930 LED Bulb With 40 W, 5000 K, 3 pk","Philips LED Bulb, 40 W, 5000 K, 3 pk","LED Bulb, 40 W, 5000 K, 3 pk",,Wattage: 40 W,Color Temperature: 5000 K,Package Quantity: 3 pk,,,,,,,,,,,,,,,,,,,,,,,LED Bulb,Wattage,40,W,Color Temperature,5000,K,Package Quantity,3,pk,,,,,,,,,,,,,,,,,,,,,,,,,,,,,,,,,,,,,,,,,,,,,,,,,,,,,,,,,,,,,,,,,,,,,,,,,,,,,,,,,,,,,,,,,,,,,,,,,,,,,,,,,,,,,,,,,,,,,,,,,,,,,,,,,,,,,,,,,,,,,,,,,,,,,,,,,,,,,,,,,Philips_564930.jpg,Philips_564930_1.jpg,Philips_564930_2.jpg,Philips_564930_3.jpg,Philips_564930_4.jpg,,,,,Philips_564930_Specification_Sheet.pdf,,,,,,,,,,,,,,,,,,
,,,,,,,Lighting,Light Bulbs,LED Light Bulbs,,565000,565000 60W Led Med 27k 2pk,-- Unbranded --,-- No Unilog Brand --,Philips,Phillips Lighting (5831),Signify North America Corporation,Philips,,565000,,Lighting>Light Bulbs>LED Light Bulbs,"Signify North America Corporation, Philips, LED Bulb, 565000",LED BLB,"Philips 565000 LED Bulb With 60 W, 2700 K, 2 pk","Philips LED Bulb, 60 W, 2700 K, 2 pk","LED Bulb, 60 W, 2700 K, 2 pk",,Wattage: 60 W,Color Temperature: 2700 K,Package Quantity: 2 pk,,,,,,,,,,,,,,,,,,,,,,,LED Bulb,Wattage,60,W,Color Temperature,2700,K,Package Quantity,2,pk,,,,,,,,,,,,,,,,,,,,,,,,,,,,,,,,,,,,,,,,,,,,,,,,,,,,,,,,,,,,,,,,,,,,,,,,,,,,,,,,,,,,,,,,,,,,,,,,,,,,,,,,,,,,,,,,,,,,,,,,,,,,,,,,,,,,,,,,,,,,,,,,,,,,,,,,,,,,,,,,,Philips_565000.jpg,Philips_565000_1.jpg,Philips_565000_2.jpg,Philips_565000_3.jpg,Philips_565000_4.jpg,,,,,Philips_565000_Specification_Sheet.pdf,,,,,,,,,,,,,,,,,,
,,,,,,,Lighting,Light Bulbs,LED Light Bulbs,,564922,564922 60W Led BA11 50k 3pk,-- Unbranded --,-- No Unilog Brand --,Philips,Phillips Lighting (5831),Signify North America Corporation,Philips,,564922,,Lighting>Light Bulbs>LED Light Bulbs,"Signify North America Corporation, Philips, LED Bulb, 564922",LED BLB,"Philips 564922 LED Bulb With 60 W, 5000 K, 3 pk","Philips LED Bulb, 60 W, 5000 K, 3 pk","LED Bulb, 60 W, 5000 K, 3 pk",,Wattage: 60 W,Color Temperature: 5000 K,Package Quantity: 3 pk,,,,,,,,,,,,,,,,,,,,,,,LED Bulb,Wattage,60,W,Color Temperature,5000,K,Package Quantity,3,pk,,,,,,,,,,,,,,,,,,,,,,,,,,,,,,,,,,,,,,,,,,,,,,,,,,,,,,,,,,,,,,,,,,,,,,,,,,,,,,,,,,,,,,,,,,,,,,,,,,,,,,,,,,,,,,,,,,,,,,,,,,,,,,,,,,,,,,,,,,,,,,,,,,,,,,,,,,,,,,,,,Philips_564922.jpg,Philips_564922_1.jpg,Philips_564922_2.jpg,Philips_564922_3.jpg,Philips_564922_4.jpg,,,,,Philips_564922_Specification_Sheet.pdf,,,,,,,,,,,,,,,,,,
,,,,,,,Lighting,Light Bulbs,LED Light Bulbs,,573295,573295 40W Led Med 27k 2pk,-- Unbranded --,-- No Unilog Brand --,Philips,Phillips Lighting (5831),Signify North America Corporation,Philips,,573295,,Lighting>Light Bulbs>LED Light Bulbs,"Signify North America Corporation, Philips, LED Bulb, 573295",LED BLB,"Philips 573295 LED Bulb With 40 W, 2700 K, 2 pk","Philips LED Bulb, 40 W, 2700 K, 2 pk","LED Bulb, 40 W, 2700 K, 2 pk",,Wattage: 40 W,Color Temperature: 2700 K,Package Quantity: 2 pk,,,,,,,,,,,,,,,,,,,,,,,LED Bulb,Wattage,40,W,Color Temperature,2700,K,Package Quantity,2,pk,,,,,,,,,,,,,,,,,,,,,,,,,,,,,,,,,,,,,,,,,,,,,,,,,,,,,,,,,,,,,,,,,,,,,,,,,,,,,,,,,,,,,,,,,,,,,,,,,,,,,,,,,,,,,,,,,,,,,,,,,,,,,,,,,,,,,,,,,,,,,,,,,,,,,,,,,,,,,,,,,Philips_573295.jpg,Philips_573295_1.jpg,Philips_573295_2.jpg,Philips_573295_3.jpg,Philips_573295_4.jpg,,,,,Philips_573295_Specification_Sheet.pdf,,,,,,,,,,,,,,,,,,
,,,,,,,Lighting,Light Bulbs,LED Light Bulbs,,564914,564914 60W Med Led 50k 2pk,-- Unbranded --,-- No Unilog Brand --,Philips,Phillips Lighting (5831),Signify North America Corporation,Philips,,564914,,Lighting>Light Bulbs>LED Light Bulbs,"Signify North America Corporation, Philips, LED Bulb, 564914",LED BLB,"Philips 564914 LED Bulb With 60 W, 5000 K, 2 pk","Philips LED Bulb, 60 W, 5000 K, 2 pk","LED Bulb, 60 W, 5000 K, 2 pk",,Wattage: 60 W,Color Temperature: 5000 K,Package Quantity: 2 pk,,,,,,,,,,,,,,,,,,,,,,,LED Bulb,Wattage,60,W,Color Temperature,5000,K,Package Quantity,2,pk,,,,,,,,,,,,,,,,,,,,,,,,,,,,,,,,,,,,,,,,,,,,,,,,,,,,,,,,,,,,,,,,,,,,,,,,,,,,,,,,,,,,,,,,,,,,,,,,,,,,,,,,,,,,,,,,,,,,,,,,,,,,,,,,,,,,,,,,,,,,,,,,,,,,,,,,,,,,,,,,,Philips_564914.jpg,Philips_564914_1.jpg,Philips_564914_2.jpg,Philips_564914_3.jpg,Philips_564914_4.jpg,,,,,Philips_564914_Specification_Sheet.pdf,,,,,,,,,,,,,,,,,,
,,,,,,,Lighting,Light Bulbs,LED Light Bulbs,,573485,573485 60W Led A19 Med 50k 2pk,-- Unbranded --,-- No Unilog Brand --,Philips,Phillips Lighting (5831),Signify North America Corporation,Philips,,573485,,Lighting>Light Bulbs>LED Light Bulbs,"Signify North America Corporation, Philips, LED Bulb, 573485",LED BLB,"Philips 573485 LED Bulb With 60 W, 5000 K, 2 pk","Philips LED Bulb, 60 W, 5000 K, 2 pk","LED Bulb, 60 W, 5000 K, 2 pk",,Wattage: 60 W,Color Temperature: 5000 K,Package Quantity: 2 pk,,,,,,,,,,,,,,,,,,,,,,,LED Bulb,Wattage,60,W,Color Temperature,5000,K,Package Quantity,2,pk,,,,,,,,,,,,,,,,,,,,,,,,,,,,,,,,,,,,,,,,,,,,,,,,,,,,,,,,,,,,,,,,,,,,,,,,,,,,,,,,,,,,,,,,,,,,,,,,,,,,,,,,,,,,,,,,,,,,,,,,,,,,,,,,,,,,,,,,,,,,,,,,,,,,,,,,,,,,,,,,,Philips_573485.jpg,Philips_573485_1.jpg,Philips_573485_2.jpg,Philips_573485_3.jpg,Philips_573485_4.jpg,,,,,Philips_573485_Specification_Sheet.pdf,,,,,,,,,,,,,,,,,,
,,,,,,,Lighting,Light Bulbs,LED Light Bulbs,,573337,573337 40W Led G25 Med 50k 2pk,-- Unbranded --,-- No Unilog Brand --,Philips,Phillips Lighting (5831),Signify North America Corporation,Philips,,573337,,Lighting>Light Bulbs>LED Light Bulbs,"Signify North America Corporation, Philips, LED Bulb, 573337",LED BLB,"Philips 573337 LED Bulb With 40 W, 5000 K, 2 pk","Philips LED Bulb, 40 W, 5000 K, 2 pk","LED Bulb, 40 W, 5000 K, 2 pk",,Wattage: 40 W,Color Temperature: 5000 K,Package Quantity: 2 pk,,,,,,,,,,,,,,,,,,,,,,,LED Bulb,Wattage,40,W,Color Temperature,5000,K,Package Quantity,2,pk,,,,,,,,,,,,,,,,,,,,,,,,,,,,,,,,,,,,,,,,,,,,,,,,,,,,,,,,,,,,,,,,,,,,,,,,,,,,,,,,,,,,,,,,,,,,,,,,,,,,,,,,,,,,,,,,,,,,,,,,,,,,,,,,,,,,,,,,,,,,,,,,,,,,,,,,,,,,,,,,,Philips_573337.jpg,Philips_573337_1.jpg,Philips_573337_2.jpg,Philips_573337_3.jpg,Philips_573337_4.jpg,,,,,Philips_573337_Specification_Sheet.pdf,,,,,,,,,,,,,,,,,,
,,,,,,,Lighting,Light Bulbs,LED Light Bulbs,,544874,544874 32W Led T8 UBulb 40k,-- Unbranded --,-- No Unilog Brand --,Philips,Phillips Lighting (5831),Signify North America Corporation,Philips,,544874,,Lighting>Light Bulbs>LED Light Bulbs,"Signify North America Corporation, Philips, LED Bulb, 544874",LED BLB,"Philips 544874 LED Bulb With 32 W, 4000 K","Philips LED Bulb, 32 W, 4000 K","LED Bulb, 32 W, 4000 K",,Wattage: 32 W,Color Temperature: 4000 K,,,,,,,,,,,,,,,,,,,,,,,,LED Bulb,Wattage,32,W,Color Temperature,4000,K,,,,,,,,,,,,,,,,,,,,,,,,,,,,,,,,,,,,,,,,,,,,,,,,,,,,,,,,,,,,,,,,,,,,,,,,,,,,,,,,,,,,,,,,,,,,,,,,,,,,,,,,,,,,,,,,,,,,,,,,,,,,,,,,,,,,,,,,,,,,,,,,,,,,,,,,,,,,,,,,,,,,Philips_544874.jpg,Philips_544874_1.jpg,Philips_544874_2.jpg,Philips_544874_3.jpg,Philips_544874_4.jpg,,,,,Philips_544874_Specification_Sheet.pdf,,,,,,,,,,,,,,,,,,
,,,,,,,Lighting,Light Bulbs,LED Light Bulbs,,570846,570846 50W Led Med 22K 2pk,-- Unbranded --,-- No Unilog Brand --,Philips,Phillips Lighting (5831),Signify North America Corporation,Philips,,570846,,Lighting>Light Bulbs>LED Light Bulbs,"Signify North America Corporation, Philips, LED Bulb, 570846",LED BLB,"Philips 570846 LED Bulb With 50 W, 2200 K, 2 pk","Philips LED Bulb, 50 W, 2200 K, 2 pk","LED Bulb, 50 W, 2200 K, 2 pk",,Wattage: 50 W,Color Temperature: 2200 K,Package Quantity: 2 pk,,,,,,,,,,,,,,,,,,,,,,,LED Bulb,Wattage,50,W,Color Temperature,2200,K,Package Quantity,2,pk,,,,,,,,,,,,,,,,,,,,,,,,,,,,,,,,,,,,,,,,,,,,,,,,,,,,,,,,,,,,,,,,,,,,,,,,,,,,,,,,,,,,,,,,,,,,,,,,,,,,,,,,,,,,,,,,,,,,,,,,,,,,,,,,,,,,,,,,,,,,,,,,,,,,,,,,,,,,,,,,,Philips_570846.jpg,Philips_570846_1.jpg,Philips_570846_2.jpg,Philips_570846_3.jpg,Philips_570846_4.jpg,,,,,Philips_570846_Specification_Sheet.pdf,,,,,,,,,,,,,,,,,,
,,,,,,,Lighting,Light Bulbs,LED Light Bulbs,,565473,565473 60W Led A19 Bulb 2pk,-- Unbranded --,-- No Unilog Brand --,Philips,Phillips Lighting (5831),Signify North America Corporation,Philips,,565473,,Lighting>Light Bulbs>LED Light Bulbs,"Signify North America Corporation, Philips, LED Bulb, 565473",LED BLB,"Philips 565473 LED Bulb With 60 W, 2 pk","Philips LED Bulb, 60 W, 2 pk","LED Bulb, 60 W, 2 pk",,Wattage: 60 W,Package Quantity: 2 pk,,,,,,,,,,,,,,,,,,,,,,,,LED Bulb,Wattage,60,W,Package Quantity,2,pk,,,,,,,,,,,,,,,,,,,,,,,,,,,,,,,,,,,,,,,,,,,,,,,,,,,,,,,,,,,,,,,,,,,,,,,,,,,,,,,,,,,,,,,,,,,,,,,,,,,,,,,,,,,,,,,,,,,,,,,,,,,,,,,,,,,,,,,,,,,,,,,,,,,,,,,,,,,,,,,,,,,,Philips_565473.jpg,Philips_565473_1.jpg,Philips_565473_2.jpg,Philips_565473_3.jpg,Philips_565473_4.jpg,,,,,Philips_565473_Specification_Sheet.pdf,,,,,,,,,,,,,,,,,,
,,,,,,,Lighting,Light Bulbs,LED Light Bulbs,,573402,573402 60W Led Med 50k 2pk,-- Unbranded --,-- No Unilog Brand --,Philips,Phillips Lighting (5831),Signify North America Corporation,Philips,,573402,,Lighting>Light Bulbs>LED Light Bulbs,"Signify North America Corporation, Philips, LED Bulb, 573402",LED BLB,"Philips 573402 LED Bulb With 60 W, 5000 K, 2 pk","Philips LED Bulb, 60 W, 5000 K, 2 pk","LED Bulb, 60 W, 5000 K, 2 pk",,Wattage: 60 W,Color Temperature: 5000 K,Package Quantity: 2 pk,,,,,,,,,,,,,,,,,,,,,,,LED Bulb,Wattage,60,W,Color Temperature,5000,K,Package Quantity,2,pk,,,,,,,,,,,,,,,,,,,,,,,,,,,,,,,,,,,,,,,,,,,,,,,,,,,,,,,,,,,,,,,,,,,,,,,,,,,,,,,,,,,,,,,,,,,,,,,,,,,,,,,,,,,,,,,,,,,,,,,,,,,,,,,,,,,,,,,,,,,,,,,,,,,,,,,,,,,,,,,,,Philips_573402.jpg,Philips_573402_1.jpg,Philips_573402_2.jpg,Philips_573402_3.jpg,Philips_573402_4.jpg,,,,,Philips_573402_Specification_Sheet.pdf,,,,,,,,,,,,,,,,,,
,,,,,,,Lighting,Light Bulbs,LED Light Bulbs,,573352,573352 40W Led Med 27k 2pk,-- Unbranded --,-- No Unilog Brand --,Philips,Phillips Lighting (5831),Signify North America Corporation,Philips,,573352,,Lighting>Light Bulbs>LED Light Bulbs,"Signify North America Corporation, Philips, LED Bulb, 573352",LED BLB,"Philips 573352 LED Bulb With 40 W, 2700 K, 2 pk","Philips LED Bulb, 40 W, 2700 K, 2 pk","LED Bulb, 40 W, 2700 K, 2 pk",,Wattage: 40 W,Color Temperature: 2700 K,Package Quantity: 2 pk,,,,,,,,,,,,,,,,,,,,,,,LED Bulb,Wattage,40,W,Color Temperature,2700,K,Package Quantity,2,pk,,,,,,,,,,,,,,,,,,,,,,,,,,,,,,,,,,,,,,,,,,,,,,,,,,,,,,,,,,,,,,,,,,,,,,,,,,,,,,,,,,,,,,,,,,,,,,,,,,,,,,,,,,,,,,,,,,,,,,,,,,,,,,,,,,,,,,,,,,,,,,,,,,,,,,,,,,,,,,,,,Philips_573352.jpg,Philips_573352_1.jpg,Philips_573352_2.jpg,Philips_573352_3.jpg,Philips_573352_4.jpg,,,,,Philips_573352_Specification_Sheet.pdf,,,,,,,,,,,,,,,,,,
,,,,,,,Lighting,Light Bulbs,LED Light Bulbs,,573428,573428 40W Med Led 50k 2pk,-- Unbranded --,-- No Unilog Brand --,Philips,Phillips Lighting (5831),Signify North America Corporation,Philips,,573428,,Lighting>Light Bulbs>LED Light Bulbs,"Signify North America Corporation, Philips, LED Bulb, 573428",LED BLB,"Philips 573428 LED Bulb With 40 W, 5000 K, 2 pk","Philips LED Bulb, 40 W, 5000 K, 2 pk","LED Bulb, 40 W, 5000 K, 2 pk",,Wattage: 40 W,Color Temperature: 5000 K,Package Quantity: 2 pk,,,,,,,,,,,,,,,,,,,,,,,LED Bulb,Wattage,40,W,Color Temperature,5000,K,Package Quantity,2,pk,,,,,,,,,,,,,,,,,,,,,,,,,,,,,,,,,,,,,,,,,,,,,,,,,,,,,,,,,,,,,,,,,,,,,,,,,,,,,,,,,,,,,,,,,,,,,,,,,,,,,,,,,,,,,,,,,,,,,,,,,,,,,,,,,,,,,,,,,,,,,,,,,,,,,,,,,,,,,,,,,Philips_573428.jpg,Philips_573428_1.jpg,Philips_573428_2.jpg,Philips_573428_3.jpg,Philips_573428_4.jpg,,,,,Philips_573428_Specification_Sheet.pdf,,,,,,,,,,,,,,,,,,
,,,,,,,Lighting,Light Bulbs,LED Light Bulbs,,573386,573386 60W Led Med 27k 2pk,-- Unbranded --,-- No Unilog Brand --,Philips,Phillips Lighting (5831),Signify North America Corporation,Philips,,573386,,Lighting>Light Bulbs>LED Light Bulbs,"Signify North America Corporation, Philips, LED Bulb, 573386",LED BLB,"Philips 573386 LED Bulb With 60 W, 2700 K, 2 pk","Philips LED Bulb, 60 W, 2700 K, 2 pk","LED Bulb, 60 W, 2700 K, 2 pk",,Wattage: 60 W,Color Temperature: 2700 K,Package Quantity: 2 pk,,,,,,,,,,,,,,,,,,,,,,,LED Bulb,Wattage,60,W,Color Temperature,2700,K,Package Quantity,2,pk,,,,,,,,,,,,,,,,,,,,,,,,,,,,,,,,,,,,,,,,,,,,,,,,,,,,,,,,,,,,,,,,,,,,,,,,,,,,,,,,,,,,,,,,,,,,,,,,,,,,,,,,,,,,,,,,,,,,,,,,,,,,,,,,,,,,,,,,,,,,,,,,,,,,,,,,,,,,,,,,,Philips_573386.jpg,Philips_573386_1.jpg,Philips_573386_2.jpg,Philips_573386_3.jpg,Philips_573386_4.jpg,,,,,Philips_573386_Specification_Sheet.pdf,,,,,,,,,,,,,,,,,,
,,,,,,,Lighting,Light Bulbs,LED Light Bulbs,,564948,564948 40W Led Med 50k 3pk,-- Unbranded --,-- No Unilog Brand --,Philips,Phillips Lighting (5831),Signify North America Corporation,Philips,,564948,,Lighting>Light Bulbs>LED Light Bulbs,"Signify North America Corporation, Philips, LED Bulb, 564948",LED BLB,"Philips 564948 LED Bulb With 40 W, 5000 K, 3 pk","Philips LED Bulb, 40 W, 5000 K, 3 pk","LED Bulb, 40 W, 5000 K, 3 pk",,Wattage: 40 W,Color Temperature: 5000 K,Package Quantity: 3 pk,,,,,,,,,,,,,,,,,,,,,,,LED Bulb,Wattage,40,W,Color Temperature,5000,K,Package Quantity,3,pk,,,,,,,,,,,,,,,,,,,,,,,,,,,,,,,,,,,,,,,,,,,,,,,,,,,,,,,,,,,,,,,,,,,,,,,,,,,,,,,,,,,,,,,,,,,,,,,,,,,,,,,,,,,,,,,,,,,,,,,,,,,,,,,,,,,,,,,,,,,,,,,,,,,,,,,,,,,,,,,,,Philips_564948.jpg,Philips_564948_1.jpg,Philips_564948_2.jpg,Philips_564948_3.jpg,Philips_564948_4.jpg,,,,,Philips_564948_Specification_Sheet.pdf,,,,,,,,,,,,,,,,,,
,,,,,,,Lighting,Light Bulbs,LED Light Bulbs,,573303,573303 40W Led Cand 27k 2pk,-- Unbranded --,-- No Unilog Brand --,Philips,Phillips Lighting (5831),Signify North America Corporation,Philips,,573303,,Lighting>Light Bulbs>LED Light Bulbs,"Signify North America Corporation, Philips, LED Bulb, 573303",LED BLB,"Philips 573303 LED Bulb With 40 W, 2700 K, 2 pk","Philips LED Bulb, 40 W, 2700 K, 2 pk","LED Bulb, 40 W, 2700 K, 2 pk",,Wattage: 40 W,Color Temperature: 2700 K,Package Quantity: 2 pk,,,,,,,,,,,,,,,,,,,,,,,LED Bulb,Wattage,40,W,Color Temperature,2700,K,Package Quantity,2,pk,,,,,,,,,,,,,,,,,,,,,,,,,,,,,,,,,,,,,,,,,,,,,,,,,,,,,,,,,,,,,,,,,,,,,,,,,,,,,,,,,,,,,,,,,,,,,,,,,,,,,,,,,,,,,,,,,,,,,,,,,,,,,,,,,,,,,,,,,,,,,,,,,,,,,,,,,,,,,,,,,Philips_573303.jpg,Philips_573303_1.jpg,Philips_573303_2.jpg,Philips_573303_3.jpg,Philips_573303_4.jpg,,,,,Philips_573303_Specification_Sheet.pdf,,,,,,,,,,,,,,,,,,
,,,,,,,Lighting,Light Bulbs,LED Light Bulbs,,573188,573188 250W Led Par38 Med 50k,-- Unbranded --,-- No Unilog Brand --,Philips,Phillips Lighting (5831),Signify North America Corporation,Philips,,573188,,Lighting>Light Bulbs>LED Light Bulbs,"Signify North America Corporation, Philips, LED Bulb, 573188",LED BLB,"Philips 573188 LED Bulb With 250 W, 5000 K","Philips LED Bulb, 250 W, 5000 K","LED Bulb, 250 W, 5000 K",,Wattage: 250 W,Color Temperature: 5000 K,,,,,,,,,,,,,,,,,,,,,,,,LED Bulb,Wattage,250,W,Color Temperature,5000,K,,,,,,,,,,,,,,,,,,,,,,,,,,,,,,,,,,,,,,,,,,,,,,,,,,,,,,,,,,,,,,,,,,,,,,,,,,,,,,,,,,,,,,,,,,,,,,,,,,,,,,,,,,,,,,,,,,,,,,,,,,,,,,,,,,,,,,,,,,,,,,,,,,,,,,,,,,,,,,,,,,,,Philips_573188.jpg,Philips_573188_1.jpg,Philips_573188_2.jpg,Philips_573188_3.jpg,Philips_573188_4.jpg,,,,,Philips_573188_Specification_Sheet.pdf,,,,,,,,,,,,,,,,,,
,,,,,,,Lighting,Light Bulbs,LED Light Bulbs,,573469,573469 40W Led A19 Med 50k 2pk,-- Unbranded --,-- No Unilog Brand --,Philips,Phillips Lighting (5831),Signify North America Corporation,Philips,,573469,,Lighting>Light Bulbs>LED Light Bulbs,"Signify North America Corporation, Philips, LED Bulb, 573469",LED BLB,"Philips 573469 LED Bulb With 40 W, 5000 K, 2 pk","Philips LED Bulb, 40 W, 5000 K, 2 pk","LED Bulb, 40 W, 5000 K, 2 pk",,Wattage: 40 W,Color Temperature: 5000 K,Package Quantity: 2 pk,,,,,,,,,,,,,,,,,,,,,,,LED Bulb,Wattage,40,W,Color Temperature,5000,K,Package Quantity,2,pk,,,,,,,,,,,,,,,,,,,,,,,,,,,,,,,,,,,,,,,,,,,,,,,,,,,,,,,,,,,,,,,,,,,,,,,,,,,,,,,,,,,,,,,,,,,,,,,,,,,,,,,,,,,,,,,,,,,,,,,,,,,,,,,,,,,,,,,,,,,,,,,,,,,,,,,,,,,,,,,,,Philips_573469.jpg,Philips_573469_1.jpg,Philips_573469_2.jpg,Philips_573469_3.jpg,Philips_573469_4.jpg,,,,,Philips_573469_Specification_Sheet.pdf,,,,,,,,,,,,,,,,,,
,,,,,,,Lighting,Light Bulbs,LED Light Bulbs,,565671,565671 25W Led Med 20K,-- Unbranded --,-- No Unilog Brand --,Philips,Phillips Lighting (5831),Signify North America Corporation,Philips,,565671,,Lighting>Light Bulbs>LED Light Bulbs,"Signify North America Corporation, Philips, LED Bulb, 565671",LED BLB,"Philips 565671 LED Bulb With 25 W, 2000 K","Philips LED Bulb, 25 W, 2000 K","LED Bulb, 25 W, 2000 K",,Wattage: 25 W,Color Temperature: 2000 K,,,,,,,,,,,,,,,,,,,,,,,,LED Bulb,Wattage,25,W,Color Temperature,2000,K,,,,,,,,,,,,,,,,,,,,,,,,,,,,,,,,,,,,,,,,,,,,,,,,,,,,,,,,,,,,,,,,,,,,,,,,,,,,,,,,,,,,,,,,,,,,,,,,,,,,,,,,,,,,,,,,,,,,,,,,,,,,,,,,,,,,,,,,,,,,,,,,,,,,,,,,,,,,,,,,,,,,Philips_565671.jpg,Philips_565671_1.jpg,Philips_565671_2.jpg,Philips_565671_3.jpg,Philips_565671_4.jpg,,,,,Philips_565671_Specification_Sheet.pdf,,,,,,,,,,,,,,,,,,
,,,,,,,Lighting,Light Bulbs,LED Light Bulbs,,573204,573204 75W Led Par20 Med 50k,-- Unbranded --,-- No Unilog Brand --,Philips,Phillips Lighting (5831),Signify North America Corporation,Philips,,573204,,Lighting>Light Bulbs>LED Light Bulbs,"Signify North America Corporation, Philips, LED Bulb, 573204",LED BLB,"Philips 573204 LED Bulb With 75 W, 5000 K","Philips LED Bulb, 75 W, 5000 K","LED Bulb, 75 W, 5000 K",,Wattage: 75 W,Color Temperature: 5000 K,,,,,,,,,,,,,,,,,,,,,,,,LED Bulb,Wattage,75,W,Color Temperature,5000,K,,,,,,,,,,,,,,,,,,,,,,,,,,,,,,,,,,,,,,,,,,,,,,,,,,,,,,,,,,,,,,,,,,,,,,,,,,,,,,,,,,,,,,,,,,,,,,,,,,,,,,,,,,,,,,,,,,,,,,,,,,,,,,,,,,,,,,,,,,,,,,,,,,,,,,,,,,,,,,,,,,,,Philips_573204.jpg,Philips_573204_1.jpg,Philips_573204_2.jpg,Philips_573204_3.jpg,Philips_573204_4.jpg,,,,,Philips_573204_Specification_Sheet.pdf,,,,,,,,,,,,,,,,,,
,,,,,,,Lighting,Light Bulbs,LED Light Bulbs,,581199,581199 60W Led Med 2pk,-- Unbranded --,-- No Unilog Brand --,Philips,Phillips Lighting (5831),Signify North America Corporation,Philips,,581199,,Lighting>Light Bulbs>LED Light Bulbs,"Signify North America Corporation, Philips, LED Bulb, 581199",LED BLB,"Philips 581199 LED Bulb With 60 W, 2 pk","Philips LED Bulb, 60 W, 2 pk","LED Bulb, 60 W, 2 pk",,Wattage: 60 W,Package Quantity: 2 pk,,,,,,,,,,,,,,,,,,,,,,,,LED Bulb,Wattage,60,W,Package Quantity,2,pk,,,,,,,,,,,,,,,,,,,,,,,,,,,,,,,,,,,,,,,,,,,,,,,,,,,,,,,,,,,,,,,,,,,,,,,,,,,,,,,,,,,,,,,,,,,,,,,,,,,,,,,,,,,,,,,,,,,,,,,,,,,,,,,,,,,,,,,,,,,,,,,,,,,,,,,,,,,,,,,,,,,,Philips_581199.jpg,Philips_581199_1.jpg,Philips_581199_2.jpg,Philips_581199_3.jpg,Philips_581199_4.jpg,,,,,Philips_581199_Specification_Sheet.pdf,,,,,,,,,,,,,,,,,,
,,,,,,,Lighting,Light Bulbs,LED Light Bulbs,,565887,565887 60W Led Med 20k,-- Unbranded --,-- No Unilog Brand --,Philips,Phillips Lighting (5831),Signify North America Corporation,Philips,,565887,,Lighting>Light Bulbs>LED Light Bulbs,"Signify North America Corporation, Philips, LED Bulb, 565887",LED BLB,"Philips 565887 LED Bulb With 60 W, 2000 K","Philips LED Bulb, 60 W, 2000 K","LED Bulb, 60 W, 2000 K",,Wattage: 60 W,Color Temperature: 2000 K,,,,,,,,,,,,,,,,,,,,,,,,LED Bulb,Wattage,60,W,Color Temperature,2000,K,,,,,,,,,,,,,,,,,,,,,,,,,,,,,,,,,,,,,,,,,,,,,,,,,,,,,,,,,,,,,,,,,,,,,,,,,,,,,,,,,,,,,,,,,,,,,,,,,,,,,,,,,,,,,,,,,,,,,,,,,,,,,,,,,,,,,,,,,,,,,,,,,,,,,,,,,,,,,,,,,,,,Philips_565887.jpg,Philips_565887_1.jpg,Philips_565887_2.jpg,Philips_565887_3.jpg,Philips_565887_4.jpg,,,,,Philips_565887_Specification_Sheet.pdf,,,,,,,,,,,,,,,,,,
,,,,,,,Lighting,Light Bulbs,LED Light Bulbs,,586867,586867 60W Led Med 27K,-- Unbranded --,-- No Unilog Brand --,Philips,Phillips Lighting (5831),Signify North America Corporation,Philips,,586867,,Lighting>Light Bulbs>LED Light Bulbs,"Signify North America Corporation, Philips, LED Bulb, 586867",LED BLB,"Philips 586867 LED Bulb With 60 W, 2700 K","Philips LED Bulb, 60 W, 2700 K","LED Bulb, 60 W, 2700 K",,Wattage: 60 W,Color Temperature: 2700 K,,,,,,,,,,,,,,,,,,,,,,,,LED Bulb,Wattage,60,W,Color Temperature,2700,K,,,,,,,,,,,,,,,,,,,,,,,,,,,,,,,,,,,,,,,,,,,,,,,,,,,,,,,,,,,,,,,,,,,,,,,,,,,,,,,,,,,,,,,,,,,,,,,,,,,,,,,,,,,,,,,,,,,,,,,,,,,,,,,,,,,,,,,,,,,,,,,,,,,,,,,,,,,,,,,,,,,,Philips_586867.jpg,Philips_586867_1.jpg,Philips_586867_2.jpg,Philips_586867_3.jpg,Philips_586867_4.jpg,,,,,Philips_586867_Specification_Sheet.pdf,,,,,,,,,,,,,,,,,,
,,,,,,,Lighting,Light Bulbs,LED Light Bulbs,,568451,5686451 50W Led Med 50k 2pk,-- Unbranded --,-- No Unilog Brand --,Philips,Phillips Lighting (5831),Signify North America Corporation,Philips,,568451,,Lighting>Light Bulbs>LED Light Bulbs,"Signify North America Corporation, Philips, LED Bulb, 568451",LED BLB,"Philips 568451 LED Bulb With 50 W, 5000 K, 2 pk","Philips LED Bulb, 50 W, 5000 K, 2 pk","LED Bulb, 50 W, 5000 K, 2 pk",,Wattage: 50 W,Color Temperature: 5000 K,Package Quantity: 2 pk,,,,,,,,,,,,,,,,,,,,,,,LED Bulb,Wattage,50,W,Color Temperature,5000,K,Package Quantity,2,pk,,,,,,,,,,,,,,,,,,,,,,,,,,,,,,,,,,,,,,,,,,,,,,,,,,,,,,,,,,,,,,,,,,,,,,,,,,,,,,,,,,,,,,,,,,,,,,,,,,,,,,,,,,,,,,,,,,,,,,,,,,,,,,,,,,,,,,,,,,,,,,,,,,,,,,,,,,,,,,,,,Philips_568451.jpg,Philips_568451_1.jpg,Philips_568451_2.jpg,Philips_568451_3.jpg,Philips_568451_4.jpg,,,,,Philips_568451_Specification_Sheet.pdf,,,,,,,,,,,,,,,,,,
,,,,,,,Lighting,Light Bulbs,LED Light Bulbs,,568444,568444 90W Led Par38 50k 2pk,-- Unbranded --,-- No Unilog Brand --,Philips,Phillips Lighting (5831),Signify North America Corporation,Philips,,568444,,Lighting>Light Bulbs>LED Light Bulbs,"Signify North America Corporation, Philips, LED Bulb, 568444",LED BLB,"Philips 568444 LED Bulb With 90 W, 5000 K, 2 pk","Philips LED Bulb, 90 W, 5000 K, 2 pk","LED Bulb, 90 W, 5000 K, 2 pk",,Wattage: 90 W,Color Temperature: 5000 K,Package Quantity: 2 pk,,,,,,,,,,,,,,,,,,,,,,,LED Bulb,Wattage,90,W,Color Temperature,5000,K,Package Quantity,2,pk,,,,,,,,,,,,,,,,,,,,,,,,,,,,,,,,,,,,,,,,,,,,,,,,,,,,,,,,,,,,,,,,,,,,,,,,,,,,,,,,,,,,,,,,,,,,,,,,,,,,,,,,,,,,,,,,,,,,,,,,,,,,,,,,,,,,,,,,,,,,,,,,,,,,,,,,,,,,,,,,,Philips_568444.jpg,Philips_568444_1.jpg,Philips_568444_2.jpg,Philips_568444_3.jpg,Philips_568444_4.jpg,,,,,Philips_568444_Specification_Sheet.pdf,,,,,,,,,,,,,,,,,,
,,,,,,,Lighting,Light Bulbs,LED Light Bulbs,,573196,573196 75W Led Med 30K,-- Unbranded --,-- No Unilog Brand --,Philips,Phillips Lighting (5831),Signify North America Corporation,Philips,,573196,,Lighting>Light Bulbs>LED Light Bulbs,"Signify North America Corporation, Philips, LED Bulb, 573196",LED BLB,"Philips 573196 LED Bulb With 75 W, 3000 K","Philips LED Bulb, 75 W, 3000 K","LED Bulb, 75 W, 3000 K",,Wattage: 75 W,Color Temperature: 3000 K,,,,,,,,,,,,,,,,,,,,,,,,LED Bulb,Wattage,75,W,Color Temperature,3000,K,,,,,,,,,,,,,,,,,,,,,,,,,,,,,,,,,,,,,,,,,,,,,,,,,,,,,,,,,,,,,,,,,,,,,,,,,,,,,,,,,,,,,,,,,,,,,,,,,,,,,,,,,,,,,,,,,,,,,,,,,,,,,,,,,,,,,,,,,,,,,,,,,,,,,,,,,,,,,,,,,,,,Philips_573196.jpg,Philips_573196_1.jpg,Philips_573196_2.jpg,Philips_573196_3.jpg,Philips_573196_4.jpg,,,,,Philips_573196_Specification_Sheet.pdf,,,,,,,,,,,,,,,,,,
,,,,,,,Lighting,Light Bulbs,LED Light Bulbs,,564500,564500 75W Adj Base 50k 3pk,-- Unbranded --,-- No Unilog Brand --,Philips,Phillips Lighting (5831),Signify North America Corporation,Philips,,564500,,Lighting>Light Bulbs>LED Light Bulbs,"Signify North America Corporation, Philips, LED Bulb, 564500",LED BLB,"Philips 564500 LED Bulb With 75 W, 5000 K, 3 pk","Philips LED Bulb, 75 W, 5000 K, 3 pk","LED Bulb, 75 W, 5000 K, 3 pk",,Wattage: 75 W,Color Temperature: 5000 K,Package Quantity: 3 pk,,,,,,,,,,,,,,,,,,,,,,,LED Bulb,Wattage,75,W,Color Temperature,5000,K,Package Quantity,3,pk,,,,,,,,,,,,,,,,,,,,,,,,,,,,,,,,,,,,,,,,,,,,,,,,,,,,,,,,,,,,,,,,,,,,,,,,,,,,,,,,,,,,,,,,,,,,,,,,,,,,,,,,,,,,,,,,,,,,,,,,,,,,,,,,,,,,,,,,,,,,,,,,,,,,,,,,,,,,,,,,,Philips_564500.jpg,Philips_564500_1.jpg,Philips_564500_2.jpg,Philips_564500_3.jpg,Philips_564500_4.jpg,,,,,Philips_564500_Specification_Sheet.pdf,,,,,,,,,,,,,,,,,,
,,,,,,,Lighting,Light Bulbs,LED Light Bulbs,,571513,571513 40/60/100 Led Med 27k,-- Unbranded --,-- No Unilog Brand --,Philips,Phillips Lighting (5831),Signify North America Corporation,Philips,,571513,,Lighting>Light Bulbs>LED Light Bulbs,"Signify North America Corporation, Philips, LED Bulb, 571513",LED BLB,Philips 571513 LED Bulb With 2700 K,"Philips LED Bulb, 2700 K","LED Bulb, 2700 K",,Color Temperature: 2700 K,,,,,,,,,,,,,,,,,,,,,,,,,LED Bulb,Color Temperature,2700,K,,,,,,,,,,,,,,,,,,,,,,,,,,,,,,,,,,,,,,,,,,,,,,,,,,,,,,,,,,,,,,,,,,,,,,,,,,,,,,,,,,,,,,,,,,,,,,,,,,,,,,,,,,,,,,,,,,,,,,,,,,,,,,,,,,,,,,,,,,,,,,,,,,,,,,,,,,,,,,,,,,,,,,,Philips_571513.jpg,Philips_571513_1.jpg,Philips_571513_2.jpg,Philips_571513_3.jpg,Philips_571513_4.jpg,,,,,Philips_571513_Specification_Sheet.pdf,,,,,,,,,,,,,,,,,,
,,,,,,,Lighting,Light Bulbs,LED Light Bulbs,,588566,588566 40W Led Med 55k 3pk,-- Unbranded --,-- No Unilog Brand --,Philips,Phillips Lighting (5831),Signify North America Corporation,Philips,,588566,,Lighting>Light Bulbs>LED Light Bulbs,"Signify North America Corporation, Philips, LED Bulb, 588566",LED BLB,"Philips 588566 LED Bulb With 40 W, 5500 K, 3 pk","Philips LED Bulb, 40 W, 5500 K, 3 pk","LED Bulb, 40 W, 5500 K, 3 pk",,Wattage: 40 W,Color Temperature: 5500 K,Package Quantity: 3 pk,,,,,,,,,,,,,,,,,,,,,,,LED Bulb,Wattage,40,W,Color Temperature,5500,K,Package Quantity,3,pk,,,,,,,,,,,,,,,,,,,,,,,,,,,,,,,,,,,,,,,,,,,,,,,,,,,,,,,,,,,,,,,,,,,,,,,,,,,,,,,,,,,,,,,,,,,,,,,,,,,,,,,,,,,,,,,,,,,,,,,,,,,,,,,,,,,,,,,,,,,,,,,,,,,,,,,,,,,,,,,,,Philips_588566.jpg,Philips_588566_1.jpg,Philips_588566_2.jpg,Philips_588566_3.jpg,Philips_588566_4.jpg,,,,,Philips_588566_Specification_Sheet.pdf,,,,,,,,,,,,,,,,,,
,,,,,,,Lighting,Light Bulbs,LED Light Bulbs,,565655,565655 25W Led A15 Med 20k,-- Unbranded --,-- No Unilog Brand --,Philips,Phillips Lighting (5831),Signify North America Corporation,Philips,,565655,,Lighting>Light Bulbs>LED Light Bulbs,"Signify North America Corporation, Philips, LED Bulb, 565655",LED BLB,"Philips 565655 LED Bulb With 25 W, 2000 K","Philips LED Bulb, 25 W, 2000 K","LED Bulb, 25 W, 2000 K",,Wattage: 25 W,Color Temperature: 2000 K,,,,,,,,,,,,,,,,,,,,,,,,LED Bulb,Wattage,25,W,Color Temperature,2000,K,,,,,,,,,,,,,,,,,,,,,,,,,,,,,,,,,,,,,,,,,,,,,,,,,,,,,,,,,,,,,,,,,,,,,,,,,,,,,,,,,,,,,,,,,,,,,,,,,,,,,,,,,,,,,,,,,,,,,,,,,,,,,,,,,,,,,,,,,,,,,,,,,,,,,,,,,,,,,,,,,,,,Philips_565655.jpg,Philips_565655_1.jpg,Philips_565655_2.jpg,Philips_565655_3.jpg,Philips_565655_4.jpg,,,,,Philips_565655_Specification_Sheet.pdf,,,,,,,,,,,,,,,,,,
,,,,,,,Lighting,Light Bulbs,LED Light Bulbs,,565812,565812 60W Med Led 50k,-- Unbranded --,-- No Unilog Brand --,Philips,Phillips Lighting (5831),Signify North America Corporation,Philips,,565812,,Lighting>Light Bulbs>LED Light Bulbs,"Signify North America Corporation, Philips, LED Bulb, 565812",LED BLB,"Philips 565812 LED Bulb With 60 W, 5000 K","Philips LED Bulb, 60 W, 5000 K","LED Bulb, 60 W, 5000 K",,Wattage: 60 W,Color Temperature: 5000 K,,,,,,,,,,,,,,,,,,,,,,,,LED Bulb,Wattage,60,W,Color Temperature,5000,K,,,,,,,,,,,,,,,,,,,,,,,,,,,,,,,,,,,,,,,,,,,,,,,,,,,,,,,,,,,,,,,,,,,,,,,,,,,,,,,,,,,,,,,,,,,,,,,,,,,,,,,,,,,,,,,,,,,,,,,,,,,,,,,,,,,,,,,,,,,,,,,,,,,,,,,,,,,,,,,,,,,,Philips_565812.jpg,Philips_565812_1.jpg,Philips_565812_2.jpg,Philips_565812_3.jpg,Philips_565812_4.jpg,,,,,Philips_565812_Specification_Sheet.pdf,,,,,,,,,,,,,,,,,,
,,,,,,,Lighting,Light Bulbs,LED Light Bulbs,,586917,586917 40W Led Cand 27K 2pk,-- Unbranded --,-- No Unilog Brand --,Philips,Phillips Lighting (5831),Signify North America Corporation,Philips,,586917,,Lighting>Light Bulbs>LED Light Bulbs,"Signify North America Corporation, Philips, LED Bulb, 586917",LED BLB,"Philips 586917 LED Bulb With 40 W, 2700 K, 2 pk","Philips LED Bulb, 40 W, 2700 K, 2 pk","LED Bulb, 40 W, 2700 K, 2 pk",,Wattage: 40 W,Color Temperature: 2700 K,Package Quantity: 2 pk,,,,,,,,,,,,,,,,,,,,,,,LED Bulb,Wattage,40,W,Color Temperature,2700,K,Package Quantity,2,pk,,,,,,,,,,,,,,,,,,,,,,,,,,,,,,,,,,,,,,,,,,,,,,,,,,,,,,,,,,,,,,,,,,,,,,,,,,,,,,,,,,,,,,,,,,,,,,,,,,,,,,,,,,,,,,,,,,,,,,,,,,,,,,,,,,,,,,,,,,,,,,,,,,,,,,,,,,,,,,,,,Philips_586917.jpg,Philips_586917_1.jpg,Philips_586917_2.jpg,Philips_586917_3.jpg,Philips_586917_4.jpg,,,,,Philips_586917_Specification_Sheet.pdf,,,,,,,,,,,,,,,,,,
,,,,,,,Lighting,Indoor Lighting,Wall Lights,,46719,49719 Wall Light Motion Wh,-- Unbranded --,-- No Unilog Brand --,-- No DIB Brand --,Maxsa Innovations (MAXIN),Maxsa Innovations,,,46719,,Lighting>Indoor Lighting>Wall Lights,"Maxsa Innovations, Wall Light, 46719",WALL LT,46719 Wall Light With White,"Wall Light, White","Wall Light, White",,Color: White,Finish: White,,,,,,,,,,,,,,,,,,,,,,,,Wall Light,Color,White,,Finish,White,,,,,,,,,,,,,,,,,,,,,,,,,,,,,,,,,,,,,,,,,,,,,,,,,,,,,,,,,,,,,,,,,,,,,,,,,,,,,,,,,,,,,,,,,,,,,,,,,,,,,,,,,,,,,,,,,,,,,,,,,,,,,,,,,,,,,,,,,,,,,,,,,,,,,,,,,,,,,,,,,,,,,,,,,,,,,,,,,,,,,,,,,,,,,,,,
,,,,,,,Lighting,Indoor Lighting,Wall Lights,,59061BSL,59061BSL Kichler Ext Wall Lt,-- Unbranded --,-- No Unilog Brand --,-- No DIB Brand --,Kichler Lighting (KICLI),Kichler Lighting LLC,KICHLER,,59061BSL,,Lighting>Indoor Lighting>Wall Lights,"Kichler Lighting LLC, KICHLER, Wall Light, 59061BSL",WALL LT,KICHLER 59061BSL Wall Light,KICHLER Wall Light,Wall Light,,,,,,,,,,,,,,,,,,,,,,,,,,,Wall Light,,,,,,,,,,,,,,,,,,,,,,,,,,,,,,,,,,,,,,,,,,,,,,,,,,,,,,,,,,,,,,,,,,,,,,,,,,,,,,,,,,,,,,,,,,,,,,,,,,,,,,,,,,,,,,,,,,,,,,,,,,,,,,,,,,,,,,,,,,,,,,,,,,,,,,,,,,,,,,,,,,,,,,,,,,KICHLER_59061BSL.jpg,KICHLER_59061BSL_1.jpg,KICHLER_59061BSL_2.jpg,KICHLER_59061BSL_3.jpg,KICHLER_59061BSL_4.jpg,,,,,KICHLER_59061BSL_Specification_Sheet.pdf,,,,,,,,,,,,,,,,,,
,,,,,,,Lighting,Indoor Lighting,Wall Lights,,59062BSL,59062BSL Kichler Ext Wall Lt,-- Unbranded --,-- No Unilog Brand --,-- No DIB Brand --,Kichler Lighting (KICLI),Kichler Lighting LLC,KICHLER,,59062BSL,,Lighting>Indoor Lighting>Wall Lights,"Kichler Lighting LLC, KICHLER, Wall Light, 59062BSL",WALL LT,KICHLER 59062BSL Wall Light,KICHLER Wall Light,Wall Light,,,,,,,,,,,,,,,,,,,,,,,,,,,Wall Light,,,,,,,,,,,,,,,,,,,,,,,,,,,,,,,,,,,,,,,,,,,,,,,,,,,,,,,,,,,,,,,,,,,,,,,,,,,,,,,,,,,,,,,,,,,,,,,,,,,,,,,,,,,,,,,,,,,,,,,,,,,,,,,,,,,,,,,,,,,,,,,,,,,,,,,,,,,,,,,,,,,,,,,,,,KICHLER_59062BSL.jpg,KICHLER_59062BSL_1.jpg,KICHLER_59062BSL_2.jpg,KICHLER_59062BSL_3.jpg,KICHLER_59062BSL_4.jpg,,,,,KICHLER_59062BSL_Specification_Sheet.pdf,,,,,,,,,,,,,,,,,,
,,,,,,,Lighting,Indoor Lighting,Wall Lights,,59124BKT,59124BKT Kichler Ext Wall Lt,-- Unbranded --,-- No Unilog Brand --,-- No DIB Brand --,Kichler Lighting (KICLI),Kichler Lighting LLC,KICHLER,,59124BKT,,Lighting>Indoor Lighting>Wall Lights,"Kichler Lighting LLC, KICHLER, Wall Light, 59124BKT",WALL LT,KICHLER 59124BKT Wall Light,KICHLER Wall Light,Wall Light,,,,,,,,,,,,,,,,,,,,,,,,,,,Wall Light,,,,,,,,,,,,,,,,,,,,,,,,,,,,,,,,,,,,,,,,,,,,,,,,,,,,,,,,,,,,,,,,,,,,,,,,,,,,,,,,,,,,,,,,,,,,,,,,,,,,,,,,,,,,,,,,,,,,,,,,,,,,,,,,,,,,,,,,,,,,,,,,,,,,,,,,,,,,,,,,,,,,,,,,,,KICHLER_59124BKT.jpg,KICHLER_59124BKT_1.jpg,KICHLER_59124BKT_2.jpg,KICHLER_59124BKT_3.jpg,KICHLER_59124BKT_4.jpg,,,,,KICHLER_59124BKT_Specification_Sheet.pdf,,,,,,,,,,,,,,,,,,
,,,,,,,Lighting,Outdoor Lighting,Outdoor Wall & Post Lights,,59025BK,59025BK Kichler Post Lt,-- Unbranded --,-- No Unilog Brand --,-- No DIB Brand --,Kichler Lighting (KICLI),Kichler Lighting LLC,KICHLER,,59025BK,,Lighting>Outdoor Lighting>Outdoor Wall & Post Lights,"Kichler Lighting LLC, KICHLER, Outdoor Light, 59025BK",OUTDOOR LT,KICHLER 59025BK Outdoor Light,KICHLER Outdoor Light,Outdoor Light,,,,,,,,,,,,,,,,,,,,,,,,,,,Outdoor Light,,,,,,,,,,,,,,,,,,,,,,,,,,,,,,,,,,,,,,,,,,,,,,,,,,,,,,,,,,,,,,,,,,,,,,,,,,,,,,,,,,,,,,,,,,,,,,,,,,,,,,,,,,,,,,,,,,,,,,,,,,,,,,,,,,,,,,,,,,,,,,,,,,,,,,,,,,,,,,,,,,,,,,,,,,KICHLER_59025BK.jpg,KICHLER_59025BK_1.jpg,KICHLER_59025BK_2.jpg,KICHLER_59025BK_3.jpg,KICHLER_59025BK_4.jpg,,,,,KICHLER_59025BK_Specification_Sheet.pdf,,,,,,,,,,,,,,,,,,
,,,,,,,Lighting,Task Lighting,Work & Task Lights,,DCL183,Dewalt DCL183 Light - Rechargeable,-- Unbranded --,-- No Unilog Brand --,DEWALT,Black & Decker/dewlt (2585),Stanley Black & Decker Inc,DEWALT,,DCL183,,Lighting>Portable & Task Lighting>Work Lights & Flashlights,"Stanley Black & Decker Inc, DEWALT, Work Light, DCL183",WRK LT,DEWALT DCL183 Work Light,DEWALT Work Light,Work Light,,,,,,,,,,,,,,,,,,,,,,,,,,,Work Light,,,,,,,,,,,,,,,,,,,,,,,,,,,,,,,,,,,,,,,,,,,,,,,,,,,,,,,,,,,,,,,,,,,,,,,,,,,,,,,,,,,,,,,,,,,,,,,,,,,,,,,,,,,,,,,,,,,,,,,,,,,,,,,,,,,,,,,,,,,,,,,,,,,,,,,,,,,,,,,,,,,,,,,,,,DEWALT_DCL183.jpg,DEWALT_DCL183_1.jpg,DEWALT_DCL183_2.jpg,DEWALT_DCL183_3.jpg,DEWALT_DCL183_4.jpg,,,,,DEWALT_DCL183_Specification_Sheet.pdf,,,,,,,,,,,,,,,,,,
,,,,,,,Lighting,Task Lighting,Work & Task Lights,,73020,73020 Nano Clip Light Bk,-- Unbranded --,-- No Unilog Brand --,-- No DIB Brand --,Streamlight (7277),Streamlight Inc,Streamlight,,73020,,Lighting>Portable & Task Lighting>Work Lights & Flashlights,"Streamlight Inc, Streamlight, Work Light, 73020",WRK LT,Streamlight 73020 Work Light With Black,"Streamlight Work Light, Black","Work Light, Black",,Color: Black,Finish: Black,,,,,,,,,,,,,,,,,,,,,,,,Work Light,Color,Black,,Finish,Black,,,,,,,,,,,,,,,,,,,,,,,,,,,,,,,,,,,,,,,,,,,,,,,,,,,,,,,,,,,,,,,,,,,,,,,,,,,,,,,,,,,,,,,,,,,,,,,,,,,,,,,,,,,,,,,,,,,,,,,,,,,,,,,,,,,,,,,,,,,,,,,,,,,,,,,,,,,,,,,,,,,,,Streamlight_73020.jpg,Streamlight_73020_1.jpg,Streamlight_73020_2.jpg,Streamlight_73020_3.jpg,Streamlight_73020_4.jpg,,,,,Streamlight_73020_Specification_Sheet.pdf,,,,,,,,,,,,,,,,,,
,,,,,,,Lighting,Task Lighting,Work & Task Lights,,NEB-FLT-1021,NEBFLT1021 Slyde King FlashLt,-- Unbranded --,-- No Unilog Brand --,-- No DIB Brand --,ACG Brands (1154),ACG Brands,,,NEB-FLT-1021,,Lighting>Portable & Task Lighting>Work Lights & Flashlights,"ACG Brands, Work Light, NEB-FLT-1021",WRK LT,NEB-FLT-1021 Work Light,Work Light,Work Light,,,,,,,,,,,,,,,,,,,,,,,,,,,Work Light,,,,,,,,,,,,,,,,,,,,,,,,,,,,,,,,,,,,,,,,,,,,,,,,,,,,,,,,,,,,,,,,,,,,,,,,,,,,,,,,,,,,,,,,,,,,,,,,,,,,,,,,,,,,,,,,,,,,,,,,,,,,,,,,,,,,,,,,,,,,,,,,,,,,,,,,,,,,,,,,,,,,,,,,,,,,,,,,,,,,,,,,,,,,,,,,,,,,,
,,,,,,,Lighting,Task Lighting,Work & Task Lights,,NEB-FLT-0053,NEBFLT0053 2600L Flash Light,-- Unbranded --,-- No Unilog Brand --,-- No DIB Brand --,ACG Brands (1154),ACG Brands,,,NEB-FLT-0053,,Lighting>Portable & Task Lighting>Work Lights & Flashlights,"ACG Brands, Work Light, NEB-FLT-0053",WRK LT,NEB-FLT-0053 Work Light,Work Light,Work Light,,,,,,,,,,,,,,,,,,,,,,,,,,,Work Light,,,,,,,,,,,,,,,,,,,,,,,,,,,,,,,,,,,,,,,,,,,,,,,,,,,,,,,,,,,,,,,,,,,,,,,,,,,,,,,,,,,,,,,,,,,,,,,,,,,,,,,,,,,,,,,,,,,,,,,,,,,,,,,,,,,,,,,,,,,,,,,,,,,,,,,,,,,,,,,,,,,,,,,,,,,,,,,,,,,,,,,,,,,,,,,,,,,,,
,,,,,,,Lighting,Task Lighting,Work & Task Lights,,97708,97708 Police 800L Headlight,-- Unbranded --,-- No Unilog Brand --,Police Security,Police Security (9470),Police Security LLC,Police Security,,97708,,Lighting>Portable & Task Lighting>Work Lights & Flashlights,"Police Security LLC, Police Security, Work Light, 97708",WRK LT,Police Security 97708 Work Light,Police Security Work Light,Work Light,,,,,,,,,,,,,,,,,,,,,,,,,,,Work Light,,,,,,,,,,,,,,,,,,,,,,,,,,,,,,,,,,,,,,,,,,,,,,,,,,,,,,,,,,,,,,,,,,,,,,,,,,,,,,,,,,,,,,,,,,,,,,,,,,,,,,,,,,,,,,,,,,,,,,,,,,,,,,,,,,,,,,,,,,,,,,,,,,,,,,,,,,,,,,,,,,,,,,,,,,PoliceSecurity_97708.jpg,PoliceSecurity_97708_1.jpg,PoliceSecurity_97708_2.jpg,PoliceSecurity_97708_3.jpg,PoliceSecurity_97708_4.jpg,,,,,PoliceSecurity_97708_Specification_Sheet.pdf,,,,,,,,,,,,,,,,,,
,,,,,,,Lighting,Task Lighting,Work & Task Lights,,WORK6000XLTPPLUG,6000L Twin Head Work Light,-- Unbranded --,-- No Unilog Brand --,Feit Electric,Feit Electric (3468),Feit Electric Company,Feit Electric,,WORK6000XLTPPLUG,,Lighting>Portable & Task Lighting>Work Lights & Flashlights,"Feit Electric Company, Feit Electric, Work Light, WORK6000XLTPPLUG",WRK LT,Feit Electric WORK6000XLTPPLUG Work Light,Feit Electric Work Light,Work Light,,,,,,,,,,,,,,,,,,,,,,,,,,,Work Light,,,,,,,,,,,,,,,,,,,,,,,,,,,,,,,,,,,,,,,,,,,,,,,,,,,,,,,,,,,,,,,,,,,,,,,,,,,,,,,,,,,,,,,,,,,,,,,,,,,,,,,,,,,,,,,,,,,,,,,,,,,,,,,,,,,,,,,,,,,,,,,,,,,,,,,,,,,,,,,,,,,,,,,,,,FeitElectric_WORK6000XLTPPLUG.jpg,FeitElectric_WORK6000XLTPPLUG_1.jpg,FeitElectric_WORK6000XLTPPLUG_2.jpg,FeitElectric_WORK6000XLTPPLUG_3.jpg,FeitElectric_WORK6000XLTPPLUG_4.jpg,,,,,FeitElectric_WORK6000XLTPPLUG_Specification_Sheet.pdf,,,,,,,,,,,,,,,,,,
,,,,,,,Electrical,Power Distribution,Load Centers,,HOM2040M200PRB,HOM2040M200PRB 200A Load Cntr,-- Unbranded --,-- No Unilog Brand --,-- No DIB Brand --,Square D Con Prod Dv (6825),Schneider Electric USA Inc,Square D,,HOM2040M200PRB,,Electrical>Power Distribution>Load Centers,"Schneider Electric USA Inc, Square D, Load Center, HOM2040M200PRB",LOAD CTR 200A,Square D HOM2040M200PRB Load Center With 200 A,"Square D Load Center, 200 A","Load Center, 200 A",,Amperage Rating: 200 A,,,,,,,,,,,,,,,,,,,,,,,,,Load Center,Amperage Rating,200,A,,,,,,,,,,,,,,,,,,,,,,,,,,,,,,,,,,,,,,,,,,,,,,,,,,,,,,,,,,,,,,,,,,,,,,,,,,,,,,,,,,,,,,,,,,,,,,,,,,,,,,,,,,,,,,,,,,,,,,,,,,,,,,,,,,,,,,,,,,,,,,,,,,,,,,,,,,,,,,,,,,,,,,,SquareD_HOM2040M200PRB.jpg,SquareD_HOM2040M200PRB_1.jpg,SquareD_HOM2040M200PRB_2.jpg,SquareD_HOM2040M200PRB_3.jpg,SquareD_HOM2040M200PRB_4.jpg,,,,,SquareD_HOM2040M200PRB_Specification_Sheet.pdf,,,,,,,,,,,,,,,,,,
,,,,,,,Electrical,Power Distribution,Load Centers,,HOM3060L225PGC,HOM3060L225PGC 225 Load Center,-- Unbranded --,-- No Unilog Brand --,Square D,Square D Con Prod Dv (6825),Schneider Electric USA Inc,Square D,,HOM3060L225PGC,,Electrical>Power Distribution>Load Centers,"Schneider Electric USA Inc, Square D, Load Center, HOM3060L225PGC",LOAD CTR,Square D HOM3060L225PGC Load Center,Square D Load Center,Load Center,,,,,,,,,,,,,,,,,,,,,,,,,,,Load Center,,,,,,,,,,,,,,,,,,,,,,,,,,,,,,,,,,,,,,,,,,,,,,,,,,,,,,,,,,,,,,,,,,,,,,,,,,,,,,,,,,,,,,,,,,,,,,,,,,,,,,,,,,,,,,,,,,,,,,,,,,,,,,,,,,,,,,,,,,,,,,,,,,,,,,,,,,,,,,,,,,,,,,,,,,SquareD_HOM3060L225PGC.jpg,SquareD_HOM3060L225PGC_1.jpg,SquareD_HOM3060L225PGC_2.jpg,SquareD_HOM3060L225PGC_3.jpg,SquareD_HOM3060L225PGC_4.jpg,,,,,SquareD_HOM3060L225PGC_Specification_Sheet.pdf,,,,,,,,,,,,,,,,,,
,,,,,,,Electrical,Power Distribution,Load Centers,,QO612L100RBCP,QO612L100RBCP 100A Load Center,-- Unbranded --,-- No Unilog Brand --,Square D,Square D Con Prod Dv (6825),Schneider Electric USA Inc,Square D,,QO612L100RBCP,,Electrical>Power Distribution>Load Centers,"Schneider Electric USA Inc, Square D, Load Center, QO612L100RBCP",LOAD CTR 100A,Square D QO612L100RBCP Load Center With 100 A,"Square D Load Center, 100 A","Load Center, 100 A",,Amperage Rating: 100 A,,,,,,,,,,,,,,,,,,,,,,,,,Load Center,Amperage Rating,100,A,,,,,,,,,,,,,,,,,,,,,,,,,,,,,,,,,,,,,,,,,,,,,,,,,,,,,,,,,,,,,,,,,,,,,,,,,,,,,,,,,,,,,,,,,,,,,,,,,,,,,,,,,,,,,,,,,,,,,,,,,,,,,,,,,,,,,,,,,,,,,,,,,,,,,,,,,,,,,,,,,,,,,,,SquareD_QO612L100RBCP.jpg,SquareD_QO612L100RBCP_1.jpg,SquareD_QO612L100RBCP_2.jpg,SquareD_QO612L100RBCP_3.jpg,SquareD_QO612L100RBCP_4.jpg,,,,,SquareD_QO612L100RBCP_Specification_Sheet.pdf,,,,,,,,,,,,,,,,,,
,,,,,,,Electrical,Wiring,Wire & Cable,,13093005,4/0 Aluminum Entrance Cable (Linear Foot),-- Unbranded --,-- No Unilog Brand --,-- No DIB Brand --,Southwire/g Turner (6603),Southwire Company LLC,SOUTHWIRE,,13093005,,Electrical>Wiring & Cable>Wire & Cable,"Southwire Company LLC, SOUTHWIRE, Wire, 13093005",WIRE ALUM,SOUTHWIRE 13093005 Wire With Aluminum,"SOUTHWIRE Wire, Aluminum","Wire, Aluminum",,Material: Aluminum,,,,,,,,,,,,,,,,,,,,,,,,,Wire,Material,Aluminum,,,,,,,,,,,,,,,,,,,,,,,,,,,,,,,,,,,,,,,,,,,,,,,,,,,,,,,,,,,,,,,,,,,,,,,,,,,,,,,,,,,,,,,,,,,,,,,,,,,,,,,,,,,,,,,,,,,,,,,,,,,,,,,,,,,,,,,,,,,,,,,,,,,,,,,,,,,,,,,,,,,,,,,,SOUTHWIRE_13093005.jpg,SOUTHWIRE_13093005_1.jpg,SOUTHWIRE_13093005_2.jpg,SOUTHWIRE_13093005_3.jpg,SOUTHWIRE_13093005_4.jpg,,,,,SOUTHWIRE_13093005_Specification_Sheet.pdf,,,,,,,,,,,,,,,,,,
,,,,,,,Electrical,Wiring,Wire & Cable,,12-4 SO,12-4 SO Cord (Linear Foot),-- Unbranded --,-- No Unilog Brand --,-- No DIB Brand --,-,,,,12-4 SO,,Electrical>Wiring & Cable>Wire & Cable,"Wire, 12-4 SO",WIRE,12-4 SO Wire,Wire,Wire,,,,,,,,,,,,,,,,,,,,,,,,,,,Wire,,,,,,,,,,,,,,,,,,,,,,,,,,,,,,,,,,,,,,,,,,,,,,,,,,,,,,,,,,,,,,,,,,,,,,,,,,,,,,,,,,,,,,,,,,,,,,,,,,,,,,,,,,,,,,,,,,,,,,,,,,,,,,,,,,,,,,,,,,,,,,,,,,,,,,,,,,,,,,,,,,,,,,,,,,,,,,,,,,,,,,,,,,,,,,,,,,,,,
,,,,,,,Electrical,Wiring,Wire & Cable,,96263-46-06,96263-46-06 CAT5E Wire (Linear Foot),-- Unbranded --,-- No Unilog Brand --,-- No DIB Brand --,Woods Wire Southwire (7579),Southwire Company LLC,SOUTHWIRE,,96263-46-06,,Electrical>Wiring & Cable>Wire & Cable,"Southwire Company LLC, SOUTHWIRE, Wire, 96263-46-06",WIRE,SOUTHWIRE 96263-46-06 Wire,SOUTHWIRE Wire,Wire,,,,,,,,,,,,,,,,,,,,,,,,,,,Wire,,,,,,,,,,,,,,,,,,,,,,,,,,,,,,,,,,,,,,,,,,,,,,,,,,,,,,,,,,,,,,,,,,,,,,,,,,,,,,,,,,,,,,,,,,,,,,,,,,,,,,,,,,,,,,,,,,,,,,,,,,,,,,,,,,,,,,,,,,,,,,,,,,,,,,,,,,,,,,,,,,,,,,,,,,SOUTHWIRE_96263-46-06.jpg,SOUTHWIRE_96263-46-06_1.jpg,SOUTHWIRE_96263-46-06_2.jpg,SOUTHWIRE_96263-46-06_3.jpg,SOUTHWIRE_96263-46-06_4.jpg,,,,,SOUTHWIRE_96263-46-06_Specification_Sheet.pdf,,,,,,,,,,,,,,,,,,
,,,,,,,Electrical,Wiring,Wire & Cable,,R50003-ID,16-2 Stranded Wire CL3 500' (Linear Foot),-- Unbranded --,-- No Unilog Brand --,-- No DIB Brand --,Southwire/g Turner (6603),Southwire Company LLC,SOUTHWIRE,,R50003-ID,,Electrical>Wiring & Cable>Wire & Cable,"Southwire Company LLC, SOUTHWIRE, Wire, R50003-ID",WIRE,SOUTHWIRE R50003-ID Wire,SOUTHWIRE Wire,Wire,,,,,,,,,,,,,,,,,,,,,,,,,,,Wire,,,,,,,,,,,,,,,,,,,,,,,,,,,,,,,,,,,,,,,,,,,,,,,,,,,,,,,,,,,,,,,,,,,,,,,,,,,,,,,,,,,,,,,,,,,,,,,,,,,,,,,,,,,,,,,,,,,,,,,,,,,,,,,,,,,,,,,,,,,,,,,,,,,,,,,,,,,,,,,,,,,,,,,,,,SOUTHWIRE_R50003-ID.jpg,SOUTHWIRE_R50003-ID_1.jpg,SOUTHWIRE_R50003-ID_2.jpg,SOUTHWIRE_R50003-ID_3.jpg,SOUTHWIRE_R50003-ID_4.jpg,,,,,SOUTHWIRE_R50003-ID_Specification_Sheet.pdf,,,,,,,,,,,,,,,,,,
,,,,,,,Electrical,Wiring,Wire & Cable,,10-4 SO,10-4 SO Cord (Linear Foot),-- Unbranded --,-- No Unilog Brand --,-- No DIB Brand --,Southwire/g Turner (6603),Southwire Company LLC,SOUTHWIRE,,10-4 SO,,Electrical>Wiring & Cable>Wire & Cable,"Southwire Company LLC, SOUTHWIRE, Wire, 10-4 SO",WIRE,SOUTHWIRE 10-4 SO Wire,SOUTHWIRE Wire,Wire,,,,,,,,,,,,,,,,,,,,,,,,,,,Wire,,,,,,,,,,,,,,,,,,,,,,,,,,,,,,,,,,,,,,,,,,,,,,,,,,,,,,,,,,,,,,,,,,,,,,,,,,,,,,,,,,,,,,,,,,,,,,,,,,,,,,,,,,,,,,,,,,,,,,,,,,,,,,,,,,,,,,,,,,,,,,,,,,,,,,,,,,,,,,,,,,,,,,,,,,SOUTHWIRE_10-4SO.jpg,SOUTHWIRE_10-4SO_1.jpg,SOUTHWIRE_10-4SO_2.jpg,SOUTHWIRE_10-4SO_3.jpg,SOUTHWIRE_10-4SO_4.jpg,,,,,SOUTHWIRE_10-4SO_Specification_Sheet.pdf,,,,,,,,,,,,,,,,,,
,,,,,,,Electrical,Wiring,Wire & Cable,,23346-0408,23346-0408 Wire 16/3 SJEWA 250 (Linear Foot),-- Unbranded --,-- No Unilog Brand --,-- No DIB Brand --,-,,,,23346-0408,,Electrical>Wiring & Cable>Wire & Cable,"Wire, 23346-0408",WIRE,23346-0408 Wire,Wire,Wire,,,,,,,,,,,,,,,,,,,,,,,,,,,Wire,,,,,,,,,,,,,,,,,,,,,,,,,,,,,,,,,,,,,,,,,,,,,,,,,,,,,,,,,,,,,,,,,,,,,,,,,,,,,,,,,,,,,,,,,,,,,,,,,,,,,,,,,,,,,,,,,,,,,,,,,,,,,,,,,,,,,,,,,,,,,,,,,,,,,,,,,,,,,,,,,,,,,,,,,,,,,,,,,,,,,,,,,,,,,,,,,,,,,
,,,,,,,Electrical,Wiring,Wire & Cable,,2/2/4 UD ALUM,2/2/4 UD Aluminum Triplex Wire (Linear Foot),-- Unbranded --,-- No Unilog Brand --,-- No DIB Brand --,Southwire/g Turner (6603),Southwire Company LLC,SOUTHWIRE,,2/2/4 UD ALUM,,Electrical>Wiring & Cable>Wire & Cable,"Southwire Company LLC, SOUTHWIRE, Wire, 2/2/4 UD ALUM",WIRE ALUM,SOUTHWIRE 2/2/4 UD ALUM Wire With Aluminum,"SOUTHWIRE Wire, Aluminum","Wire, Aluminum",,Material: Aluminum,,,,,,,,,,,,,,,,,,,,,,,,,Wire,Material,Aluminum,,,,,,,,,,,,,,,,,,,,,,,,,,,,,,,,,,,,,,,,,,,,,,,,,,,,,,,,,,,,,,,,,,,,,,,,,,,,,,,,,,,,,,,,,,,,,,,,,,,,,,,,,,,,,,,,,,,,,,,,,,,,,,,,,,,,,,,,,,,,,,,,,,,,,,,,,,,,,,,,,,,,,,,,SOUTHWIRE_224UDALUM.jpg,SOUTHWIRE_224UDALUM_1.jpg,SOUTHWIRE_224UDALUM_2.jpg,SOUTHWIRE_224UDALUM_3.jpg,SOUTHWIRE_224UDALUM_4.jpg,,,,,SOUTHWIRE_224UDALUM_Specification_Sheet.pdf,,,,,,,,,,,,,,,,,,
,,,,,,,Electrical,Wiring,Wire & Cable,,55418901,6/6/6 UD Triplex Aluminum Wire,-- Unbranded --,-- No Unilog Brand --,-- No DIB Brand --,Southwire/g Turner (6603),Southwire Company LLC,SOUTHWIRE,,55418901,,Electrical>Wiring & Cable>Wire & Cable,"Southwire Company LLC, SOUTHWIRE, Wire, 55418901",WIRE ALUM,SOUTHWIRE 55418901 Wire With Aluminum,"SOUTHWIRE Wire, Aluminum","Wire, Aluminum",,Material: Aluminum,,,,,,,,,,,,,,,,,,,,,,,,,Wire,Material,Aluminum,,,,,,,,,,,,,,,,,,,,,,,,,,,,,,,,,,,,,,,,,,,,,,,,,,,,,,,,,,,,,,,,,,,,,,,,,,,,,,,,,,,,,,,,,,,,,,,,,,,,,,,,,,,,,,,,,,,,,,,,,,,,,,,,,,,,,,,,,,,,,,,,,,,,,,,,,,,,,,,,,,,,,,,,SOUTHWIRE_55418901.jpg,SOUTHWIRE_55418901_1.jpg,SOUTHWIRE_55418901_2.jpg,SOUTHWIRE_55418901_3.jpg,SOUTHWIRE_55418901_4.jpg,,,,,SOUTHWIRE_55418901_Specification_Sheet.pdf,,,,,,,,,,,,,,,,,,
,,,,,,,Electrical,Wiring,Cord Connectors,,CG50K,"CG50K 1/2"" Cord Grip Kit",-- Unbranded --,-- No Unilog Brand --,-- No DIB Brand --,Fenton Bros Electric Inc (FENBR),Fenton Bros Electric Inc,,,CG50K,,Electrical>Wiring & Cable>Cord Connectors & Plugs,"Fenton Bros Electric Inc, Cord Connector, CG50K",CRD CONN,CG50K Cord Connector,Cord Connector,Cord Connector,,,,,,,,,,,,,,,,,,,,,,,,,,,Cord Connector,,,,,,,,,,,,,,,,,,,,,,,,,,,,,,,,,,,,,,,,,,,,,,,,,,,,,,,,,,,,,,,,,,,,,,,,,,,,,,,,,,,,,,,,,,,,,,,,,,,,,,,,,,,,,,,,,,,,,,,,,,,,,,,,,,,,,,,,,,,,,,,,,,,,,,,,,,,,,,,,,,,,,,,,,,,,,,,,,,,,,,,,,,,,,,,,,,,,,
,,,,,,,Electrical,Outlets & Receptacles,Outlets,,R02-D215P-1RW,R02D215P1RW 15A Mini Outlet Wh,-- Unbranded --,-- No Unilog Brand --,Leviton,Leviton Mfg Co (4927),Leviton Manufacturing Co Inc,Leviton,,R02-D215P-1RW,,Electrical>Outlets & Receptacles>Outlets,"Leviton Manufacturing Co Inc, Leviton, Outlet, R02-D215P-1RW",OCL 15A,"Leviton R02-D215P-1RW Outlet With 15 A, White","Leviton Outlet, 15 A, White","Outlet, 15 A, White",,Amperage Rating: 15 A,Color: White,Finish: White,,,,,,,,,,,,,,,,,,,,,,,Outlet,Amperage Rating,15,A,Color,White,,Finish,White,,,,,,,,,,,,,,,,,,,,,,,,,,,,,,,,,,,,,,,,,,,,,,,,,,,,,,,,,,,,,,,,,,,,,,,,,,,,,,,,,,,,,,,,,,,,,,,,,,,,,,,,,,,,,,,,,,,,,,,,,,,,,,,,,,,,,,,,,,,,,,,,,,,,,,,,,,,,,,,,,,Leviton_R02-D215P-1RW.jpg,Leviton_R02-D215P-1RW_1.jpg,Leviton_R02-D215P-1RW_2.jpg,Leviton_R02-D215P-1RW_3.jpg,Leviton_R02-D215P-1RW_4.jpg,,,,,Leviton_R02-D215P-1RW_Specification_Sheet.pdf,,,,,,,,,,,,,,,,,,
,,,,,,,Electrical,Outlets & Receptacles,USB & Charging Outlets,,PBUC013,PBUC013 15A Wall Tap w/USB,-- Unbranded --,-- No Unilog Brand --,Prime,Prime Wire & Cable (3562),Prime Wire & Cable Inc,Prime,,PBUC013,,Electrical>Outlets & Receptacles>USB & Charging Outlets,"Prime Wire & Cable Inc, Prime, Wall Tap, PBUC013",WALL TAP 15A,Prime PBUC013 Wall Tap With 15 A,"Prime Wall Tap, 15 A","Wall Tap, 15 A",,Amperage Rating: 15 A,,,,,,,,,,,,,,,,,,,,,,,,,Wall Tap,Amperage Rating,15,A,,,,,,,,,,,,,,,,,,,,,,,,,,,,,,,,,,,,,,,,,,,,,,,,,,,,,,,,,,,,,,,,,,,,,,,,,,,,,,,,,,,,,,,,,,,,,,,,,,,,,,,,,,,,,,,,,,,,,,,,,,,,,,,,,,,,,,,,,,,,,,,,,,,,,,,,,,,,,,,,,,,,,,,Prime_PBUC013.jpg,Prime_PBUC013_1.jpg,Prime_PBUC013_2.jpg,Prime_PBUC013_3.jpg,Prime_PBUC013_4.jpg,,,,,Prime_PBUC013_Specification_Sheet.pdf,,,,,,,,,,,,,,,,,,
,,,,,,,Electrical,Outlets & Receptacles,Outlets,,R00-GFNT1-00K,R00GFNT100K 15A Outlet Br,-- Unbranded --,-- No Unilog Brand --,Leviton,Leviton Mfg Co (4927),Leviton Manufacturing Co Inc,Leviton,,R00-GFNT1-00K,,Electrical>Outlets & Receptacles>Outlets,"Leviton Manufacturing Co Inc, Leviton, Outlet, R00-GFNT1-00K",OCL 15A,"Leviton R00-GFNT1-00K Outlet With 15 A, Brown","Leviton Outlet, 15 A, Brown","Outlet, 15 A, Brown",,Amperage Rating: 15 A,Color: Brown,,,,,,,,,,,,,,,,,,,,,,,,Outlet,Amperage Rating,15,A,Color,Brown,,,,,,,,,,,,,,,,,,,,,,,,,,,,,,,,,,,,,,,,,,,,,,,,,,,,,,,,,,,,,,,,,,,,,,,,,,,,,,,,,,,,,,,,,,,,,,,,,,,,,,,,,,,,,,,,,,,,,,,,,,,,,,,,,,,,,,,,,,,,,,,,,,,,,,,,,,,,,,,,,,,,,Leviton_R00-GFNT1-00K.jpg,Leviton_R00-GFNT1-00K_1.jpg,Leviton_R00-GFNT1-00K_2.jpg,Leviton_R00-GFNT1-00K_3.jpg,Leviton_R00-GFNT1-00K_4.jpg,,,,,Leviton_R00-GFNT1-00K_Specification_Sheet.pdf,,,,,,,,,,,,,,,,,,
,,,,,,,Electrical,Outlets & Receptacles,GFCI Outlets,,R92-GFWT1-0KW,R92GFWT10KW 15A GFCI Outlet Wh,-- Unbranded --,-- No Unilog Brand --,Leviton,Leviton Mfg Co (4927),Leviton Manufacturing Co Inc,Leviton,,R92-GFWT1-0KW,,Electrical>Outlets & Receptacles>GFCI Outlets,"Leviton Manufacturing Co Inc, Leviton, GFCI Outlet, R92-GFWT1-0KW",GFCI OCL 15A,"Leviton R92-GFWT1-0KW GFCI Outlet With 15 A, White","Leviton GFCI Outlet, 15 A, White","GFCI Outlet, 15 A, White",,Amperage Rating: 15 A,Color: White,Finish: White,,,,,,,,,,,,,,,,,,,,,,,GFCI Outlet,Amperage Rating,15,A,Color,White,,Finish,White,,,,,,,,,,,,,,,,,,,,,,,,,,,,,,,,,,,,,,,,,,,,,,,,,,,,,,,,,,,,,,,,,,,,,,,,,,,,,,,,,,,,,,,,,,,,,,,,,,,,,,,,,,,,,,,,,,,,,,,,,,,,,,,,,,,,,,,,,,,,,,,,,,,,,,,,,,,,,,,,,,Leviton_R92-GFWT1-0KW.jpg,Leviton_R92-GFWT1-0KW_1.jpg,Leviton_R92-GFWT1-0KW_2.jpg,Leviton_R92-GFWT1-0KW_3.jpg,Leviton_R92-GFWT1-0KW_4.jpg,,,,,Leviton_R92-GFWT1-0KW_Specification_Sheet.pdf,,,,,,,,,,,,,,,,,,
,,,,,,,Electrical,Outlets & Receptacles,GFCI Outlets,,R12-AGTR1-0KW,R12AGTR10KW 15A GFCI Outler Wh,-- Unbranded --,-- No Unilog Brand --,Leviton,Leviton Mfg Co (4927),Leviton Manufacturing Co Inc,Leviton,,R12-AGTR1-0KW,,Electrical>Outlets & Receptacles>GFCI Outlets,"Leviton Manufacturing Co Inc, Leviton, GFCI Outlet, R12-AGTR1-0KW",GFCI OCL 15A,"Leviton R12-AGTR1-0KW GFCI Outlet With 15 A, White","Leviton GFCI Outlet, 15 A, White","GFCI Outlet, 15 A, White",,Amperage Rating: 15 A,Color: White,Finish: White,,,,,,,,,,,,,,,,,,,,,,,GFCI Outlet,Amperage Rating,15,A,Color,White,,Finish,White,,,,,,,,,,,,,,,,,,,,,,,,,,,,,,,,,,,,,,,,,,,,,,,,,,,,,,,,,,,,,,,,,,,,,,,,,,,,,,,,,,,,,,,,,,,,,,,,,,,,,,,,,,,,,,,,,,,,,,,,,,,,,,,,,,,,,,,,,,,,,,,,,,,,,,,,,,,,,,,,,,Leviton_R12-AGTR1-0KW.jpg,Leviton_R12-AGTR1-0KW_1.jpg,Leviton_R12-AGTR1-0KW_2.jpg,Leviton_R12-AGTR1-0KW_3.jpg,Leviton_R12-AGTR1-0KW_4.jpg,,,,,Leviton_R12-AGTR1-0KW_Specification_Sheet.pdf,,,,,,,,,,,,,,,,,,
,,,,,,,Electrical,Outlets & Receptacles,GFCI Outlets,,R62-GFTA1-0KW,R92GFTA10KW 15A GFCI Outlet Wh,-- Unbranded --,-- No Unilog Brand --,Leviton,Leviton Mfg Co (4927),Leviton Manufacturing Co Inc,Leviton,,R62-GFTA1-0KW,,Electrical>Outlets & Receptacles>GFCI Outlets,"Leviton Manufacturing Co Inc, Leviton, GFCI Outlet, R62-GFTA1-0KW",GFCI OCL 15A,"Leviton R62-GFTA1-0KW GFCI Outlet With 15 A, White","Leviton GFCI Outlet, 15 A, White","GFCI Outlet, 15 A, White",,Amperage Rating: 15 A,Color: White,Finish: White,,,,,,,,,,,,,,,,,,,,,,,GFCI Outlet,Amperage Rating,15,A,Color,White,,Finish,White,,,,,,,,,,,,,,,,,,,,,,,,,,,,,,,,,,,,,,,,,,,,,,,,,,,,,,,,,,,,,,,,,,,,,,,,,,,,,,,,,,,,,,,,,,,,,,,,,,,,,,,,,,,,,,,,,,,,,,,,,,,,,,,,,,,,,,,,,,,,,,,,,,,,,,,,,,,,,,,,,,Leviton_R62-GFTA1-0KW.jpg,Leviton_R62-GFTA1-0KW_1.jpg,Leviton_R62-GFTA1-0KW_2.jpg,Leviton_R62-GFTA1-0KW_3.jpg,Leviton_R62-GFTA1-0KW_4.jpg,,,,,Leviton_R62-GFTA1-0KW_Specification_Sheet.pdf,,,,,,,,,,,,,,,,,,
,,,,,,,Electrical,Wiring,Wire & Cable,,165-04729-00C,1650472900C 15A 125V Cord Conn,-- Unbranded --,-- No Unilog Brand --,Leviton,Leviton Mfg Co (4927),Leviton Manufacturing Co Inc,Leviton,,165-04729-00C,,Electrical>Wiring & Cable>Wire & Cable,"Leviton Manufacturing Co Inc, Leviton, Wire, 165-04729-00C",WIRE 125V 15A,"Leviton 165-04729-00C Wire With 125 V, 15 A","Leviton Wire, 125 V, 15 A","Wire, 125 V, 15 A",,Voltage Rating: 125 V,Amperage Rating: 15 A,,,,,,,,,,,,,,,,,,,,,,,,Wire,Voltage Rating,125,V,Amperage Rating,15,A,,,,,,,,,,,,,,,,,,,,,,,,,,,,,,,,,,,,,,,,,,,,,,,,,,,,,,,,,,,,,,,,,,,,,,,,,,,,,,,,,,,,,,,,,,,,,,,,,,,,,,,,,,,,,,,,,,,,,,,,,,,,,,,,,,,,,,,,,,,,,,,,,,,,,,,,,,,,,,,,,,,,Leviton_165-04729-00C.jpg,Leviton_165-04729-00C_1.jpg,Leviton_165-04729-00C_2.jpg,Leviton_165-04729-00C_3.jpg,Leviton_165-04729-00C_4.jpg,,,,,Leviton_165-04729-00C_Specification_Sheet.pdf,,,,,,,,,,,,,,,,,,
,,,,,,,Electrical,Wiring,Wire & Cable,,161-04720-00C,1610472000C 15A 125V Cord Conn,-- Unbranded --,-- No Unilog Brand --,Leviton,Leviton Mfg Co (4927),Leviton Manufacturing Co Inc,Leviton,,161-04720-00C,,Electrical>Wiring & Cable>Wire & Cable,"Leviton Manufacturing Co Inc, Leviton, Wire, 161-04720-00C",WIRE 125V 15A,"Leviton 161-04720-00C Wire With 125 V, 15 A","Leviton Wire, 125 V, 15 A","Wire, 125 V, 15 A",,Voltage Rating: 125 V,Amperage Rating: 15 A,,,,,,,,,,,,,,,,,,,,,,,,Wire,Voltage Rating,125,V,Amperage Rating,15,A,,,,,,,,,,,,,,,,,,,,,,,,,,,,,,,,,,,,,,,,,,,,,,,,,,,,,,,,,,,,,,,,,,,,,,,,,,,,,,,,,,,,,,,,,,,,,,,,,,,,,,,,,,,,,,,,,,,,,,,,,,,,,,,,,,,,,,,,,,,,,,,,,,,,,,,,,,,,,,,,,,,,Leviton_161-04720-00C.jpg,Leviton_161-04720-00C_1.jpg,Leviton_161-04720-00C_2.jpg,Leviton_161-04720-00C_3.jpg,Leviton_161-04720-00C_4.jpg,,,,,Leviton_161-04720-00C_Specification_Sheet.pdf,,,,,,,,,,,,,,,,,,
,,,,,,,Electrical,Outlets & Receptacles,USB & Charging Outlets,,R02-GUAC1-0BW,R02GUAC10BW 15A/USB Outlet Wh,-- Unbranded --,-- No Unilog Brand --,Leviton,Leviton Mfg Co (4927),Leviton Manufacturing Co Inc,Leviton,,R02-GUAC1-0BW,,Electrical>Outlets & Receptacles>USB & Charging Outlets,"Leviton Manufacturing Co Inc, Leviton, Wall Tap, R02-GUAC1-0BW",WALL TAP 15A,"Leviton R02-GUAC1-0BW Wall Tap With 15 A, White","Leviton Wall Tap, 15 A, White","Wall Tap, 15 A, White",,Amperage Rating: 15 A,Color: White,Finish: White,,,,,,,,,,,,,,,,,,,,,,,Wall Tap,Amperage Rating,15,A,Color,White,,Finish,White,,,,,,,,,,,,,,,,,,,,,,,,,,,,,,,,,,,,,,,,,,,,,,,,,,,,,,,,,,,,,,,,,,,,,,,,,,,,,,,,,,,,,,,,,,,,,,,,,,,,,,,,,,,,,,,,,,,,,,,,,,,,,,,,,,,,,,,,,,,,,,,,,,,,,,,,,,,,,,,,,,Leviton_R02-GUAC1-0BW.jpg,Leviton_R02-GUAC1-0BW_1.jpg,Leviton_R02-GUAC1-0BW_2.jpg,Leviton_R02-GUAC1-0BW_3.jpg,Leviton_R02-GUAC1-0BW_4.jpg,,,,,Leviton_R02-GUAC1-0BW_Specification_Sheet.pdf,,,,,,,,,,,,,,,,,,
,,,,,,,Electrical,Outlets & Receptacles,Outlets,,R56-CBR15-00T,R56CBR1500T 15A Outlet LA,-- Unbranded --,-- No Unilog Brand --,Leviton,Leviton Mfg Co (4927),Leviton Manufacturing Co Inc,Leviton,,R56-CBR15-00T,,Electrical>Outlets & Receptacles>Outlets,"Leviton Manufacturing Co Inc, Leviton, Outlet, R56-CBR15-00T",OCL 15A,Leviton R56-CBR15-00T Outlet With 15 A,"Leviton Outlet, 15 A","Outlet, 15 A",,Amperage Rating: 15 A,,,,,,,,,,,,,,,,,,,,,,,,,Outlet,Amperage Rating,15,A,,,,,,,,,,,,,,,,,,,,,,,,,,,,,,,,,,,,,,,,,,,,,,,,,,,,,,,,,,,,,,,,,,,,,,,,,,,,,,,,,,,,,,,,,,,,,,,,,,,,,,,,,,,,,,,,,,,,,,,,,,,,,,,,,,,,,,,,,,,,,,,,,,,,,,,,,,,,,,,,,,,,,,,Leviton_R56-CBR15-00T.jpg,Leviton_R56-CBR15-00T_1.jpg,Leviton_R56-CBR15-00T_2.jpg,Leviton_R56-CBR15-00T_3.jpg,Leviton_R56-CBR15-00T_4.jpg,,,,,Leviton_R56-CBR15-00T_Specification_Sheet.pdf,,,,,,,,,,,,,,,,,,
,,,,,,,Electrical,Outlets & Receptacles,Outlets,,R20-05378-P00,R2005378P00 6-50R Welder Outet,-- Unbranded --,-- No Unilog Brand --,Leviton,Leviton Mfg Co (4927),Leviton Manufacturing Co Inc,Leviton,,R20-05378-P00,,Electrical>Outlets & Receptacles>Outlets,"Leviton Manufacturing Co Inc, Leviton, Outlet, R20-05378-P00",OCL,Leviton R20-05378-P00 Outlet,Leviton Outlet,Outlet,,,,,,,,,,,,,,,,,,,,,,,,,,,Outlet,,,,,,,,,,,,,,,,,,,,,,,,,,,,,,,,,,,,,,,,,,,,,,,,,,,,,,,,,,,,,,,,,,,,,,,,,,,,,,,,,,,,,,,,,,,,,,,,,,,,,,,,,,,,,,,,,,,,,,,,,,,,,,,,,,,,,,,,,,,,,,,,,,,,,,,,,,,,,,,,,,,,,,,,,,Leviton_R20-05378-P00.jpg,Leviton_R20-05378-P00_1.jpg,Leviton_R20-05378-P00_2.jpg,Leviton_R20-05378-P00_3.jpg,Leviton_R20-05378-P00_4.jpg,,,,,Leviton_R20-05378-P00_Specification_Sheet.pdf,,,,,,,,,,,,,,,,,,
,,,,,,,Electrical,Wall Plates,Wall Plates,,WC1V12W-SG-UPC,WC1V12WSGUPC 1G Cover Wh,-- Unbranded --,-- No Unilog Brand --,Southwire,Southwire/g Turner (6603),Southwire Company LLC,SOUTHWIRE,,WC1V12W-SG-UPC,,Electrical>Wall Plates>Wall Plates,"Southwire Company LLC, SOUTHWIRE, Wall Plate, WC1V12W-SG-UPC",WALL PLATE,SOUTHWIRE WC1V12W-SG-UPC Wall Plate With White,"SOUTHWIRE Wall Plate, White","Wall Plate, White",,Color: White,Finish: White,,,,,,,,,,,,,,,,,,,,,,,,Wall Plate,Color,White,,Finish,White,,,,,,,,,,,,,,,,,,,,,,,,,,,,,,,,,,,,,,,,,,,,,,,,,,,,,,,,,,,,,,,,,,,,,,,,,,,,,,,,,,,,,,,,,,,,,,,,,,,,,,,,,,,,,,,,,,,,,,,,,,,,,,,,,,,,,,,,,,,,,,,,,,,,,,,,,,,,,,,,,,,,,SOUTHWIRE_WC1V12W-SG-UPC.jpg,SOUTHWIRE_WC1V12W-SG-UPC_1.jpg,SOUTHWIRE_WC1V12W-SG-UPC_2.jpg,SOUTHWIRE_WC1V12W-SG-UPC_3.jpg,SOUTHWIRE_WC1V12W-SG-UPC_4.jpg,,,,,SOUTHWIRE_WC1V12W-SG-UPC_Specification_Sheet.pdf,,,,,,,,,,,,,,,,,,
,,,,,,,Electrical,Outlets & Receptacles,GFCI Outlets,,R51-GSRA1-THD,R5GSRA1THD 15A GFCI Plug,-- Unbranded --,-- No Unilog Brand --,Leviton,Leviton Mfg Co (4927),Leviton Manufacturing Co Inc,Leviton,,R51-GSRA1-THD,,Electrical>Outlets & Receptacles>GFCI Outlets,"Leviton Manufacturing Co Inc, Leviton, GFCI Outlet, R51-GSRA1-THD",GFCI OCL 15A,Leviton R51-GSRA1-THD GFCI Outlet With 15 A,"Leviton GFCI Outlet, 15 A","GFCI Outlet, 15 A",,Amperage Rating: 15 A,,,,,,,,,,,,,,,,,,,,,,,,,GFCI Outlet,Amperage Rating,15,A,,,,,,,,,,,,,,,,,,,,,,,,,,,,,,,,,,,,,,,,,,,,,,,,,,,,,,,,,,,,,,,,,,,,,,,,,,,,,,,,,,,,,,,,,,,,,,,,,,,,,,,,,,,,,,,,,,,,,,,,,,,,,,,,,,,,,,,,,,,,,,,,,,,,,,,,,,,,,,,,,,,,,,,Leviton_R51-GSRA1-THD.jpg,Leviton_R51-GSRA1-THD_1.jpg,Leviton_R51-GSRA1-THD_2.jpg,Leviton_R51-GSRA1-THD_3.jpg,Leviton_R51-GSRA1-THD_4.jpg,,,,,Leviton_R51-GSRA1-THD_Specification_Sheet.pdf,,,,,,,,,,,,,,,,,,
,,,,,,,Electrical,Outlets & Receptacles,Outlets,,R62-CBR15-00W,R62CBR1500W 15A Outlet Wh,-- Unbranded --,-- No Unilog Brand --,Leviton,Leviton Mfg Co (4927),Leviton Manufacturing Co Inc,Leviton,,R62-CBR15-00W,,Electrical>Outlets & Receptacles>Outlets,"Leviton Manufacturing Co Inc, Leviton, Outlet, R62-CBR15-00W",OCL 15A,"Leviton R62-CBR15-00W Outlet With 15 A, 1500 W, White","Leviton Outlet, 15 A, 1500 W, White","Outlet, 15 A, 1500 W, White",,Amperage Rating: 15 A,Wattage: 1500 W,Color: White,Finish: White,,,,,,,,,,,,,,,,,,,,,,Outlet,Amperage Rating,15,A,Wattage,1500,W,Color,White,,Finish,White,,,,,,,,,,,,,,,,,,,,,,,,,,,,,,,,,,,,,,,,,,,,,,,,,,,,,,,,,,,,,,,,,,,,,,,,,,,,,,,,,,,,,,,,,,,,,,,,,,,,,,,,,,,,,,,,,,,,,,,,,,,,,,,,,,,,,,,,,,,,,,,,,,,,,,,,,,,,,,,Leviton_R62-CBR15-00W.jpg,Leviton_R62-CBR15-00W_1.jpg,Leviton_R62-CBR15-00W_2.jpg,Leviton_R62-CBR15-00W_3.jpg,Leviton_R62-CBR15-00W_4.jpg,,,,,Leviton_R62-CBR15-00W_Specification_Sheet.pdf,,,,,,,,,,,,,,,,,,
,,,,,,,Electrical,Switches,Switches,,S03-05226-IS,S0305226IS IV Switch / Pilot,-- Unbranded --,-- No Unilog Brand --,Leviton,Leviton Mfg Co (4927),Leviton Manufacturing Co Inc,Leviton,,S03-05226-IS,,Electrical>Switches>Wall Switches,"Leviton Manufacturing Co Inc, Leviton, Switch, S03-05226-IS",SW,Leviton S03-05226-IS Switch,Leviton Switch,Switch,,,,,,,,,,,,,,,,,,,,,,,,,,,Switch,,,,,,,,,,,,,,,,,,,,,,,,,,,,,,,,,,,,,,,,,,,,,,,,,,,,,,,,,,,,,,,,,,,,,,,,,,,,,,,,,,,,,,,,,,,,,,,,,,,,,,,,,,,,,,,,,,,,,,,,,,,,,,,,,,,,,,,,,,,,,,,,,,,,,,,,,,,,,,,,,,,,,,,,,,Leviton_S03-05226-IS.jpg,Leviton_S03-05226-IS_1.jpg,Leviton_S03-05226-IS_2.jpg,Leviton_S03-05226-IS_3.jpg,Leviton_S03-05226-IS_4.jpg,,,,,Leviton_S03-05226-IS_Specification_Sheet.pdf,,,,,,,,,,,,,,,,,,
,,,,,,,Electrical,Switches,Switches,,174-0CSB3-15W,174-OCSB3-15A Toggle 3-Way Switch Wh,-- Unbranded --,-- No Unilog Brand --,-- No DIB Brand --,Leviton Mfg Co (4927),Leviton Manufacturing Co Inc,Leviton,,174-0CSB3-15W,,Electrical>Switches>Wall Switches,"Leviton Manufacturing Co Inc, Leviton, Switch, 174-0CSB3-15W",SW 15A,"Leviton 174-0CSB3-15W Switch With 15 A, White","Leviton Switch, 15 A, White","Switch, 15 A, White",,Amperage Rating: 15 A,Color: White,Finish: White,,,,,,,,,,,,,,,,,,,,,,,Switch,Amperage Rating,15,A,Color,White,,Finish,White,,,,,,,,,,,,,,,,,,,,,,,,,,,,,,,,,,,,,,,,,,,,,,,,,,,,,,,,,,,,,,,,,,,,,,,,,,,,,,,,,,,,,,,,,,,,,,,,,,,,,,,,,,,,,,,,,,,,,,,,,,,,,,,,,,,,,,,,,,,,,,,,,,,,,,,,,,,,,,,,,,Leviton_174-0CSB3-15W.jpg,Leviton_174-0CSB3-15W_1.jpg,Leviton_174-0CSB3-15W_2.jpg,Leviton_174-0CSB3-15W_3.jpg,Leviton_174-0CSB3-15W_4.jpg,,,,,Leviton_174-0CSB3-15W_Specification_Sheet.pdf,,,,,,,,,,,,,,,,,,
,,,,,,,Electrical,Wall Plates,Wall Plates,,R50-0SL13-000,T50-0SL13000 1G Wallplate SS - Blank,-- Unbranded --,-- No Unilog Brand --,Leviton,Leviton Mfg Co (4927),Leviton Manufacturing Co Inc,Leviton,,R50-0SL13-000,,Electrical>Wall Plates>Wall Plates,"Leviton Manufacturing Co Inc, Leviton, Wall Plate, R50-0SL13-000",WALL PLATE SST,Leviton R50-0SL13-000 Wall Plate With Stainless Steel,"Leviton Wall Plate, Stainless Steel","Wall Plate, Stainless Steel",,Material: Stainless Steel,Finish: Stainless Steel,,,,,,,,,,,,,,,,,,,,,,,,Wall Plate,Material,Stainless Steel,,Finish,Stainless Steel,,,,,,,,,,,,,,,,,,,,,,,,,,,,,,,,,,,,,,,,,,,,,,,,,,,,,,,,,,,,,,,,,,,,,,,,,,,,,,,,,,,,,,,,,,,,,,,,,,,,,,,,,,,,,,,,,,,,,,,,,,,,,,,,,,,,,,,,,,,,,,,,,,,,,,,,,,,,,,,,,,,,,Leviton_R50-0SL13-000.jpg,Leviton_R50-0SL13-000_1.jpg,Leviton_R50-0SL13-000_2.jpg,Leviton_R50-0SL13-000_3.jpg,Leviton_R50-0SL13-000_4.jpg,,,,,Leviton_R50-0SL13-000_Specification_Sheet.pdf,,,,,,,,,,,,,,,,,,
,,,,,,,Electrical,Wall Plates,Wall Plates,,R52-0PJ13-00W,R520PJ1300W 1G Wallplate Wh - Blank,-- Unbranded --,-- No Unilog Brand --,Leviton,Leviton Mfg Co (4927),Leviton Manufacturing Co Inc,Leviton,,R52-0PJ13-00W,,Electrical>Wall Plates>Wall Plates,"Leviton Manufacturing Co Inc, Leviton, Wall Plate, R52-0PJ13-00W",WALL PLATE,"Leviton R52-0PJ13-00W Wall Plate With 1300 W, White","Leviton Wall Plate, 1300 W, White","Wall Plate, 1300 W, White",,Wattage: 1300 W,Finish: White,,,,,,,,,,,,,,,,,,,,,,,,Wall Plate,Wattage,1300,W,Finish,White,,,,,,,,,,,,,,,,,,,,,,,,,,,,,,,,,,,,,,,,,,,,,,,,,,,,,,,,,,,,,,,,,,,,,,,,,,,,,,,,,,,,,,,,,,,,,,,,,,,,,,,,,,,,,,,,,,,,,,,,,,,,,,,,,,,,,,,,,,,,,,,,,,,,,,,,,,,,,,,,,,,,,Leviton_R52-0PJ13-00W.jpg,Leviton_R52-0PJ13-00W_1.jpg,Leviton_R52-0PJ13-00W_2.jpg,Leviton_R52-0PJ13-00W_3.jpg,Leviton_R52-0PJ13-00W_4.jpg,,,,,Leviton_R52-0PJ13-00W_Specification_Sheet.pdf,,,,,,,,,,,,,,,,,,
,,,,,,,Appliances,Large Appliances,Beverage Centers,,XOU2470BCGS,XOU2470BCGS Tall Beverage Center SS,-- Unbranded --,-- No Unilog Brand --,-- No DIB Brand --,Appliance Dealers Cooperative (APPDE),GE Appliances (Haier),GE,,XOU2470BCGS,,Appliances & Consumer Electronics>Refrigeration>Beverage Centers,"GE Appliances (Haier), GE, Beverage Center, XOU2470BCGS",BEVERAGE CTR SST,GE XOU2470BCGS Beverage Center With Stainless Steel,"GE Beverage Center, Stainless Steel","Beverage Center, Stainless Steel",,Material: Stainless Steel,Color: Stainless Steel,Finish: Stainless Steel,,,,,,,,,,,,,,,,,,,,,,,Beverage Center,Material,Stainless Steel,,Color,Stainless Steel,,Finish,Stainless Steel,,,,,,,,,,,,,,,,,,,,,,,,,,,,,,,,,,,,,,,,,,,,,,,,,,,,,,,,,,,,,,,,,,,,,,,,,,,,,,,,,,,,,,,,,,,,,,,,,,,,,,,,,,,,,,,,,,,,,,,,,,,,,,,,,,,,,,,,,,,,,,,,,,,,,,,,,,,,,,,,,,GE_XOU2470BCGS.jpg,GE_XOU2470BCGS_1.jpg,GE_XOU2470BCGS_2.jpg,GE_XOU2470BCGS_3.jpg,GE_XOU2470BCGS_4.jpg,,,,,GE_XOU2470BCGS_Specification_Sheet.pdf,,,,,,,,,,,,,,,,,,
,,,,,,,Appliances,Large Appliances,Beverage Centers,,XOU24BCGSR,XOU24BCGSR Beverage Center SS,-- Unbranded --,-- No Unilog Brand --,-- No DIB Brand --,Appliance Dealers Cooperative (APPDE),GE Appliances (Haier),GE,,XOU24BCGSR,,Appliances & Consumer Electronics>Refrigeration>Beverage Centers,"GE Appliances (Haier), GE, Beverage Center, XOU24BCGSR",BEVERAGE CTR SST,GE XOU24BCGSR Beverage Center With Stainless Steel,"GE Beverage Center, Stainless Steel","Beverage Center, Stainless Steel",,Material: Stainless Steel,Color: Stainless Steel,Finish: Stainless Steel,,,,,,,,,,,,,,,,,,,,,,,Beverage Center,Material,Stainless Steel,,Color,Stainless Steel,,Finish,Stainless Steel,,,,,,,,,,,,,,,,,,,,,,,,,,,,,,,,,,,,,,,,,,,,,,,,,,,,,,,,,,,,,,,,,,,,,,,,,,,,,,,,,,,,,,,,,,,,,,,,,,,,,,,,,,,,,,,,,,,,,,,,,,,,,,,,,,,,,,,,,,,,,,,,,,,,,,,,,,,,,,,,,,GE_XOU24BCGSR.jpg,GE_XOU24BCGSR_1.jpg,GE_XOU24BCGSR_2.jpg,GE_XOU24BCGSR_3.jpg,GE_XOU24BCGSR_4.jpg,,,,,GE_XOU24BCGSR_Specification_Sheet.pdf,,,,,,,,,,,,,,,,,,
,,,,,,,Appliances,Large Appliances,Beverage Centers,,XOU24WDZGBR,XOU24WDZGBR Beverage Center Bk,-- Unbranded --,-- No Unilog Brand --,-- No DIB Brand --,Appliance Dealers Cooperative (APPDE),GE Appliances (Haier),GE,,XOU24WDZGBR,,Appliances & Consumer Electronics>Refrigeration>Beverage Centers,"GE Appliances (Haier), GE, Beverage Center, XOU24WDZGBR",BEVERAGE CTR,GE XOU24WDZGBR Beverage Center With Black,"GE Beverage Center, Black","Beverage Center, Black",,Color: Black,Finish: Black,,,,,,,,,,,,,,,,,,,,,,,,Beverage Center,Color,Black,,Finish,Black,,,,,,,,,,,,,,,,,,,,,,,,,,,,,,,,,,,,,,,,,,,,,,,,,,,,,,,,,,,,,,,,,,,,,,,,,,,,,,,,,,,,,,,,,,,,,,,,,,,,,,,,,,,,,,,,,,,,,,,,,,,,,,,,,,,,,,,,,,,,,,,,,,,,,,,,,,,,,,,,,,,,,GE_XOU24WDZGBR.jpg,GE_XOU24WDZGBR_1.jpg,GE_XOU24WDZGBR_2.jpg,GE_XOU24WDZGBR_3.jpg,GE_XOU24WDZGBR_4.jpg,,,,,GE_XOU24WDZGBR_Specification_Sheet.pdf,,,,,,,,,,,,,,,,,,
,,,,,,,Appliances,Large Appliances,Coffee Makers,,C7CDAAS3PD3,C7CDAAS3PD3 Café Drip Coffee Maker MB,-- Unbranded --,-- No Unilog Brand --,-- No DIB Brand --,Appliance Dealers Cooperative (APPDE),GE Appliances (Haier),Café,,C7CDAAS3PD3,,Appliances & Consumer Electronics>Kitchen Appliances>Coffee & Espresso,"GE Appliances (Haier), Café, Coffee Maker, C7CDAAS3PD3",COFFEE MAKER,Café C7CDAAS3PD3 Coffee Maker With Matte Black,"Café Coffee Maker, Matte Black","Coffee Maker, Matte Black",,Color: Matte Black,Finish: Matte Black,,,,,,,,,,,,,,,,,,,,,,,,Coffee Maker,Color,Matte Black,,Finish,Matte Black,,,,,,,,,,,,,,,,,,,,,,,,,,,,,,,,,,,,,,,,,,,,,,,,,,,,,,,,,,,,,,,,,,,,,,,,,,,,,,,,,,,,,,,,,,,,,,,,,,,,,,,,,,,,,,,,,,,,,,,,,,,,,,,,,,,,,,,,,,,,,,,,,,,,,,,,,,,,,,,,,,,,,Caf_C7CDAAS3PD3.jpg,Caf_C7CDAAS3PD3_1.jpg,Caf_C7CDAAS3PD3_2.jpg,Caf_C7CDAAS3PD3_3.jpg,Caf_C7CDAAS3PD3_4.jpg,,,,,Caf_C7CDAAS3PD3_Specification_Sheet.pdf,,,,,,,,,,,,,,,,,,
,,,,,,,Appliances,Large Appliances,Coffee Makers,,C7CDAAS4PW3,C7CDAAS4PW3 Café Drip Coffee Maker MW,-- Unbranded --,-- No Unilog Brand --,-- No DIB Brand --,Appliance Dealers Cooperative (APPDE),GE Appliances (Haier),Café,,C7CDAAS4PW3,,Appliances & Consumer Electronics>Kitchen Appliances>Coffee & Espresso,"GE Appliances (Haier), Café, Coffee Maker, C7CDAAS4PW3",COFFEE MAKER,Café C7CDAAS4PW3 Coffee Maker,Café Coffee Maker,Coffee Maker,,,,,,,,,,,,,,,,,,,,,,,,,,,Coffee Maker,,,,,,,,,,,,,,,,,,,,,,,,,,,,,,,,,,,,,,,,,,,,,,,,,,,,,,,,,,,,,,,,,,,,,,,,,,,,,,,,,,,,,,,,,,,,,,,,,,,,,,,,,,,,,,,,,,,,,,,,,,,,,,,,,,,,,,,,,,,,,,,,,,,,,,,,,,,,,,,,,,,,,,,,,,Caf_C7CDAAS4PW3.jpg,Caf_C7CDAAS4PW3_1.jpg,Caf_C7CDAAS4PW3_2.jpg,Caf_C7CDAAS4PW3_3.jpg,Caf_C7CDAAS4PW3_4.jpg,,,,,Caf_C7CDAAS4PW3_Specification_Sheet.pdf,,,,,,,,,,,,,,,,,,
,,,,,,,Appliances,Large Appliances,Coffee Makers,,C7CDABS2RS3,C7CDABS2RS3 Cafe Coffee Maker,-- Unbranded --,-- No Unilog Brand --,-- No DIB Brand --,Appliance Dealers Cooperative (APPDE),GE Appliances (Haier),Café,,C7CDABS2RS3,,Appliances & Consumer Electronics>Kitchen Appliances>Coffee & Espresso,"GE Appliances (Haier), Café, Coffee Maker, C7CDABS2RS3",COFFEE MAKER,Café C7CDABS2RS3 Coffee Maker,Café Coffee Maker,Coffee Maker,,,,,,,,,,,,,,,,,,,,,,,,,,,Coffee Maker,,,,,,,,,,,,,,,,,,,,,,,,,,,,,,,,,,,,,,,,,,,,,,,,,,,,,,,,,,,,,,,,,,,,,,,,,,,,,,,,,,,,,,,,,,,,,,,,,,,,,,,,,,,,,,,,,,,,,,,,,,,,,,,,,,,,,,,,,,,,,,,,,,,,,,,,,,,,,,,,,,,,,,,,,,Caf_C7CDABS2RS3.jpg,Caf_C7CDABS2RS3_1.jpg,Caf_C7CDABS2RS3_2.jpg,Caf_C7CDABS2RS3_3.jpg,Caf_C7CDABS2RS3_4.jpg,,,,,Caf_C7CDABS2RS3_Specification_Sheet.pdf,,,,,,,,,,,,,,,,,,
,,,,,,,Appliances,Large Appliances,Coffee Makers,,C7CDABS3RD3,C7CDABS3RD3 Café Coffee Maker MB,-- Unbranded --,-- No Unilog Brand --,-- No DIB Brand --,Appliance Dealers Cooperative (APPDE),GE Appliances (Haier),Café,,C7CDABS3RD3,,Appliances & Consumer Electronics>Kitchen Appliances>Coffee & Espresso,"GE Appliances (Haier), Café, Coffee Maker, C7CDABS3RD3",COFFEE MAKER,Café C7CDABS3RD3 Coffee Maker With Matte Black,"Café Coffee Maker, Matte Black","Coffee Maker, Matte Black",,Color: Matte Black,Finish: Matte Black,,,,,,,,,,,,,,,,,,,,,,,,Coffee Maker,Color,Matte Black,,Finish,Matte Black,,,,,,,,,,,,,,,,,,,,,,,,,,,,,,,,,,,,,,,,,,,,,,,,,,,,,,,,,,,,,,,,,,,,,,,,,,,,,,,,,,,,,,,,,,,,,,,,,,,,,,,,,,,,,,,,,,,,,,,,,,,,,,,,,,,,,,,,,,,,,,,,,,,,,,,,,,,,,,,,,,,,,Caf_C7CDABS3RD3.jpg,Caf_C7CDABS3RD3_1.jpg,Caf_C7CDABS3RD3_2.jpg,Caf_C7CDABS3RD3_3.jpg,Caf_C7CDABS3RD3_4.jpg,,,,,Caf_C7CDABS3RD3_Specification_Sheet.pdf,,,,,,,,,,,,,,,,,,
,,,,,,,Appliances,Large Appliances,Coffee Makers,,C7CDABS4RW3,C7CDABS4RW3 Café Coffee Maker MW,-- Unbranded --,-- No Unilog Brand --,-- No DIB Brand --,Appliance Dealers Cooperative (APPDE),GE Appliances (Haier),Café,,C7CDABS4RW3,,Appliances & Consumer Electronics>Kitchen Appliances>Coffee & Espresso,"GE Appliances (Haier), Café, Coffee Maker, C7CDABS4RW3",COFFEE MAKER,Café C7CDABS4RW3 Coffee Maker,Café Coffee Maker,Coffee Maker,,,,,,,,,,,,,,,,,,,,,,,,,,,Coffee Maker,,,,,,,,,,,,,,,,,,,,,,,,,,,,,,,,,,,,,,,,,,,,,,,,,,,,,,,,,,,,,,,,,,,,,,,,,,,,,,,,,,,,,,,,,,,,,,,,,,,,,,,,,,,,,,,,,,,,,,,,,,,,,,,,,,,,,,,,,,,,,,,,,,,,,,,,,,,,,,,,,,,,,,,,,,Caf_C7CDABS4RW3.jpg,Caf_C7CDABS4RW3_1.jpg,Caf_C7CDABS4RW3_2.jpg,Caf_C7CDABS4RW3_3.jpg,Caf_C7CDABS4RW3_4.jpg,,,,,Caf_C7CDABS4RW3_Specification_Sheet.pdf,,,,,,,,,,,,,,,,,,
,,,,,,,Appliances,Large Appliances,Espresso Machines,,C7CEBBS2RS3,C7CEBBS2RS3 Cafe Auto Espresso Machine SS,-- Unbranded --,-- No Unilog Brand --,-- No DIB Brand --,Appliance Dealers Cooperative (APPDE),GE Appliances (Haier),Café,,C7CEBBS2RS3,,Appliances & Consumer Electronics>Kitchen Appliances>Coffee & Espresso,"GE Appliances (Haier), Café, Espresso Machine, C7CEBBS2RS3",ESPRESSO MCH SST,Café C7CEBBS2RS3 Espresso Machine With Stainless Steel,"Café Espresso Machine, Stainless Steel","Espresso Machine, Stainless Steel",,Material: Stainless Steel,Color: Stainless Steel,Finish: Stainless Steel,,,,,,,,,,,,,,,,,,,,,,,Espresso Machine,Material,Stainless Steel,,Color,Stainless Steel,,Finish,Stainless Steel,,,,,,,,,,,,,,,,,,,,,,,,,,,,,,,,,,,,,,,,,,,,,,,,,,,,,,,,,,,,,,,,,,,,,,,,,,,,,,,,,,,,,,,,,,,,,,,,,,,,,,,,,,,,,,,,,,,,,,,,,,,,,,,,,,,,,,,,,,,,,,,,,,,,,,,,,,,,,,,,,,Caf_C7CEBBS2RS3.jpg,Caf_C7CEBBS2RS3_1.jpg,Caf_C7CEBBS2RS3_2.jpg,Caf_C7CEBBS2RS3_3.jpg,Caf_C7CEBBS2RS3_4.jpg,,,,,Caf_C7CEBBS2RS3_Specification_Sheet.pdf,,,,,,,,,,,,,,,,,,
,,,,,,,Appliances,Large Appliances,Espresso Machines,,C7CEBBS4RW3,C7CEBBS4RW3 Café Auto Espresso Machine Wh,-- Unbranded --,-- No Unilog Brand --,-- No DIB Brand --,Appliance Dealers Cooperative (APPDE),GE Appliances (Haier),Café,,C7CEBBS4RW3,,Appliances & Consumer Electronics>Kitchen Appliances>Coffee & Espresso,"GE Appliances (Haier), Café, Espresso Machine, C7CEBBS4RW3",ESPRESSO MCH,Café C7CEBBS4RW3 Espresso Machine With White,"Café Espresso Machine, White","Espresso Machine, White",,Color: White,Finish: White,,,,,,,,,,,,,,,,,,,,,,,,Espresso Machine,Color,White,,Finish,White,,,,,,,,,,,,,,,,,,,,,,,,,,,,,,,,,,,,,,,,,,,,,,,,,,,,,,,,,,,,,,,,,,,,,,,,,,,,,,,,,,,,,,,,,,,,,,,,,,,,,,,,,,,,,,,,,,,,,,,,,,,,,,,,,,,,,,,,,,,,,,,,,,,,,,,,,,,,,,,,,,,,,Caf_C7CEBBS4RW3.jpg,Caf_C7CEBBS4RW3_1.jpg,Caf_C7CEBBS4RW3_2.jpg,Caf_C7CEBBS4RW3_3.jpg,Caf_C7CEBBS4RW3_4.jpg,,,,,Caf_C7CEBBS4RW3_Specification_Sheet.pdf,,,,,,,,,,,,,,,,,,
,,,,,,,Appliances,Large Appliances,Espresso Machines,,C7CESAS2RS3,C7CESAS2RS3 Café Espresso SS,-- Unbranded --,-- No Unilog Brand --,-- No DIB Brand --,Appliance Dealers Cooperative (APPDE),GE Appliances (Haier),Café,,C7CESAS2RS3,,Appliances & Consumer Electronics>Kitchen Appliances>Coffee & Espresso,"GE Appliances (Haier), Café, Espresso Machine, C7CESAS2RS3",ESPRESSO MCH SST,Café C7CESAS2RS3 Espresso Machine With Stainless Steel,"Café Espresso Machine, Stainless Steel","Espresso Machine, Stainless Steel",,Material: Stainless Steel,Color: Stainless Steel,Finish: Stainless Steel,,,,,,,,,,,,,,,,,,,,,,,Espresso Machine,Material,Stainless Steel,,Color,Stainless Steel,,Finish,Stainless Steel,,,,,,,,,,,,,,,,,,,,,,,,,,,,,,,,,,,,,,,,,,,,,,,,,,,,,,,,,,,,,,,,,,,,,,,,,,,,,,,,,,,,,,,,,,,,,,,,,,,,,,,,,,,,,,,,,,,,,,,,,,,,,,,,,,,,,,,,,,,,,,,,,,,,,,,,,,,,,,,,,,Caf_C7CESAS2RS3.jpg,Caf_C7CESAS2RS3_1.jpg,Caf_C7CESAS2RS3_2.jpg,Caf_C7CESAS2RS3_3.jpg,Caf_C7CESAS2RS3_4.jpg,,,,,Caf_C7CESAS2RS3_Specification_Sheet.pdf,,,,,,,,,,,,,,,,,,
,,,,,,,Appliances,Large Appliances,Espresso Machines,,C7CESAS3RD3,C7CESAS3RD3 Café Espresso Machine MB,-- Unbranded --,-- No Unilog Brand --,-- No DIB Brand --,Appliance Dealers Cooperative (APPDE),GE Appliances (Haier),Café,,C7CESAS3RD3,,Appliances & Consumer Electronics>Kitchen Appliances>Coffee & Espresso,"GE Appliances (Haier), Café, Espresso Machine, C7CESAS3RD3",ESPRESSO MCH,Café C7CESAS3RD3 Espresso Machine With Matte Black,"Café Espresso Machine, Matte Black","Espresso Machine, Matte Black",,Color: Matte Black,Finish: Matte Black,,,,,,,,,,,,,,,,,,,,,,,,Espresso Machine,Color,Matte Black,,Finish,Matte Black,,,,,,,,,,,,,,,,,,,,,,,,,,,,,,,,,,,,,,,,,,,,,,,,,,,,,,,,,,,,,,,,,,,,,,,,,,,,,,,,,,,,,,,,,,,,,,,,,,,,,,,,,,,,,,,,,,,,,,,,,,,,,,,,,,,,,,,,,,,,,,,,,,,,,,,,,,,,,,,,,,,,,Caf_C7CESAS3RD3.jpg,Caf_C7CESAS3RD3_1.jpg,Caf_C7CESAS3RD3_2.jpg,Caf_C7CESAS3RD3_3.jpg,Caf_C7CESAS3RD3_4.jpg,,,,,Caf_C7CESAS3RD3_Specification_Sheet.pdf,,,,,,,,,,,,,,,,,,
,,,,,,,Appliances,Large Appliances,Espresso Machines,,C7CESAS4RW3,C7CESAS4RW3 Cafe Espresso Wh,-- Unbranded --,-- No Unilog Brand --,-- No DIB Brand --,Appliance Dealers Cooperative (APPDE),GE Appliances (Haier),Café,,C7CESAS4RW3,,Appliances & Consumer Electronics>Kitchen Appliances>Coffee & Espresso,"GE Appliances (Haier), Café, Espresso Machine, C7CESAS4RW3",ESPRESSO MCH,Café C7CESAS4RW3 Espresso Machine With White,"Café Espresso Machine, White","Espresso Machine, White",,Color: White,Finish: White,,,,,,,,,,,,,,,,,,,,,,,,Espresso Machine,Color,White,,Finish,White,,,,,,,,,,,,,,,,,,,,,,,,,,,,,,,,,,,,,,,,,,,,,,,,,,,,,,,,,,,,,,,,,,,,,,,,,,,,,,,,,,,,,,,,,,,,,,,,,,,,,,,,,,,,,,,,,,,,,,,,,,,,,,,,,,,,,,,,,,,,,,,,,,,,,,,,,,,,,,,,,,,,,Caf_C7CESAS4RW3.jpg,Caf_C7CESAS4RW3_1.jpg,Caf_C7CESAS4RW3_2.jpg,Caf_C7CESAS4RW3_3.jpg,Caf_C7CESAS4RW3_4.jpg,,,,,Caf_C7CESAS4RW3_Specification_Sheet.pdf,,,,,,,,,,,,,,,,,,
,,,,,,,Appliances,Large Appliances,Wall Ovens,,WOSP30100SS,WOSP30100SS Beko Wall Oven SS,-- Unbranded --,-- No Unilog Brand --,-- No DIB Brand --,Appliance Dealers Cooperative (APPDE),Beko USA,Beko,,WOSP30100SS,,Appliances & Consumer Electronics>Cooking Appliances>Wall Ovens,"Beko USA, Beko, Wall Oven, WOSP30100SS",WALL OVEN SST,Beko WOSP30100SS Wall Oven With Stainless Steel,"Beko Wall Oven, Stainless Steel","Wall Oven, Stainless Steel",,Material: Stainless Steel,Color: Stainless Steel,Finish: Stainless Steel,,,,,,,,,,,,,,,,,,,,,,,Wall Oven,Material,Stainless Steel,,Color,Stainless Steel,,Finish,Stainless Steel,,,,,,,,,,,,,,,,,,,,,,,,,,,,,,,,,,,,,,,,,,,,,,,,,,,,,,,,,,,,,,,,,,,,,,,,,,,,,,,,,,,,,,,,,,,,,,,,,,,,,,,,,,,,,,,,,,,,,,,,,,,,,,,,,,,,,,,,,,,,,,,,,,,,,,,,,,,,,,,,,,Beko_WOSP30100SS.jpg,Beko_WOSP30100SS_1.jpg,Beko_WOSP30100SS_2.jpg,Beko_WOSP30100SS_3.jpg,Beko_WOSP30100SS_4.jpg,,,,,Beko_WOSP30100SS_Specification_Sheet.pdf,,,,,,,,,,,,,,,,,,
,,,,,,,Appliances,Large Appliances,Microwave Ovens,,MSER2090S,MSER2090S LG Microwave SS,-- Unbranded --,-- No Unilog Brand --,-- No DIB Brand --,Appliance Dealers Cooperative (APPDE),LG Electronics USA Inc,LG,,MSER2090S,,Appliances & Consumer Electronics>Cooking Appliances>Microwave Ovens,"LG Electronics USA Inc, LG, Microwave Oven, MSER2090S",MICROWAVE OVEN SST,LG MSER2090S Microwave Oven With Stainless Steel,"LG Microwave Oven, Stainless Steel","Microwave Oven, Stainless Steel",,Material: Stainless Steel,Color: Stainless Steel,Finish: Stainless Steel,,,,,,,,,,,,,,,,,,,,,,,Microwave Oven,Material,Stainless Steel,,Color,Stainless Steel,,Finish,Stainless Steel,,,,,,,,,,,,,,,,,,,,,,,,,,,,,,,,,,,,,,,,,,,,,,,,,,,,,,,,,,,,,,,,,,,,,,,,,,,,,,,,,,,,,,,,,,,,,,,,,,,,,,,,,,,,,,,,,,,,,,,,,,,,,,,,,,,,,,,,,,,,,,,,,,,,,,,,,,,,,,,,,,LG_MSER2090S.jpg,LG_MSER2090S_1.jpg,LG_MSER2090S_2.jpg,LG_MSER2090S_3.jpg,LG_MSER2090S_4.jpg,,,,,LG_MSER2090S_Specification_Sheet.pdf,,,,,,,,,,,,,,,,,,
,,,,,,,Appliances,Large Appliances,Microwave Ovens,,GCST16S1WSS,GCST16S1WSS GE Microwave SS,-- Unbranded --,-- No Unilog Brand --,-- No DIB Brand --,Appliance Dealers Cooperative (APPDE),GE Appliances (Haier),GE,,GCST16S1WSS,,Appliances & Consumer Electronics>Cooking Appliances>Microwave Ovens,"GE Appliances (Haier), GE, Microwave Oven, GCST16S1WSS",MICROWAVE OVEN SST,GE GCST16S1WSS Microwave Oven With Stainless Steel,"GE Microwave Oven, Stainless Steel","Microwave Oven, Stainless Steel",,Material: Stainless Steel,Color: Stainless Steel,Finish: Stainless Steel,,,,,,,,,,,,,,,,,,,,,,,Microwave Oven,Material,Stainless Steel,,Color,Stainless Steel,,Finish,Stainless Steel,,,,,,,,,,,,,,,,,,,,,,,,,,,,,,,,,,,,,,,,,,,,,,,,,,,,,,,,,,,,,,,,,,,,,,,,,,,,,,,,,,,,,,,,,,,,,,,,,,,,,,,,,,,,,,,,,,,,,,,,,,,,,,,,,,,,,,,,,,,,,,,,,,,,,,,,,,,,,,,,,,GE_GCST16S1WSS.jpg,GE_GCST16S1WSS_1.jpg,GE_GCST16S1WSS_2.jpg,GE_GCST16S1WSS_3.jpg,GE_GCST16S1WSS_4.jpg,,,,,GE_GCST16S1WSS_Specification_Sheet.pdf,,,,,,,,,,,,,,,,,,
,,,,,,,Appliances,Large Appliances,Microwave Ovens,,PCWK15C1WSS,PCWK15C1WSS GE Microwave,-- Unbranded --,-- No Unilog Brand --,-- No DIB Brand --,Appliance Dealers Cooperative (APPDE),GE Appliances (Haier),GE,,PCWK15C1WSS,,Appliances & Consumer Electronics>Cooking Appliances>Microwave Ovens,"GE Appliances (Haier), GE, Microwave Oven, PCWK15C1WSS",MICROWAVE OVEN,GE PCWK15C1WSS Microwave Oven,GE Microwave Oven,Microwave Oven,,,,,,,,,,,,,,,,,,,,,,,,,,,Microwave Oven,,,,,,,,,,,,,,,,,,,,,,,,,,,,,,,,,,,,,,,,,,,,,,,,,,,,,,,,,,,,,,,,,,,,,,,,,,,,,,,,,,,,,,,,,,,,,,,,,,,,,,,,,,,,,,,,,,,,,,,,,,,,,,,,,,,,,,,,,,,,,,,,,,,,,,,,,,,,,,,,,,,,,,,,,,GE_PCWK15C1WSS.jpg,GE_PCWK15C1WSS_1.jpg,GE_PCWK15C1WSS_2.jpg,GE_PCWK15C1WSS_3.jpg,GE_PCWK15C1WSS_4.jpg,,,,,GE_PCWK15C1WSS_Specification_Sheet.pdf,,,,,,,,,,,,,,,,,,
,,,,,,,Appliances,Large Appliances,Microwave Ovens,,SMC2266KS,SMC2266KS Microwave SS Display Only,-- Unbranded --,-- No Unilog Brand --,-- No DIB Brand --,Appliance Dealers Cooperative (APPDE),Appliance Dealers Cooperative (APPDE),Samsung,,SMC2266KS,,Appliances & Consumer Electronics>Cooking Appliances>Microwave Ovens,"Appliance Dealers Cooperative (APPDE), Samsung, Microwave Oven, SMC2266KS",MICROWAVE OVEN SST,Samsung SMC2266KS Microwave Oven With Stainless Steel,"Samsung Microwave Oven, Stainless Steel","Microwave Oven, Stainless Steel",,Material: Stainless Steel,Finish: Stainless Steel,,,,,,,,,,,,,,,,,,,,,,,,Microwave Oven,Material,Stainless Steel,,Finish,Stainless Steel,,,,,,,,,,,,,,,,,,,,,,,,,,,,,,,,,,,,,,,,,,,,,,,,,,,,,,,,,,,,,,,,,,,,,,,,,,,,,,,,,,,,,,,,,,,,,,,,,,,,,,,,,,,,,,,,,,,,,,,,,,,,,,,,,,,,,,,,,,,,,,,,,,,,,,,,,,,,,,,,,,,,,Samsung_SMC2266KS.jpg,Samsung_SMC2266KS_1.jpg,Samsung_SMC2266KS_2.jpg,Samsung_SMC2266KS_3.jpg,Samsung_SMC2266KS_4.jpg,,,,,Samsung_SMC2266KS_Specification_Sheet.pdf,,,,,,,,,,,,,,,,,,
,,,,,,,Appliances,Large Appliances,Microwave Ovens,,SMD2479JS,SMD2479JS Microwave Drawer SS Display Only,-- Unbranded --,-- No Unilog Brand --,-- No DIB Brand --,Appliance Dealers Cooperative (APPDE),Appliance Dealers Cooperative (APPDE),Samsung,,SMD2479JS,,Appliances & Consumer Electronics>Cooking Appliances>Microwave Ovens,"Appliance Dealers Cooperative (APPDE), Samsung, Microwave Oven, SMD2479JS",MICROWAVE OVEN SST,Samsung SMD2479JS Microwave Oven With Stainless Steel,"Samsung Microwave Oven, Stainless Steel","Microwave Oven, Stainless Steel",,Material: Stainless Steel,Finish: Stainless Steel,,,,,,,,,,,,,,,,,,,,,,,,Microwave Oven,Material,Stainless Steel,,Finish,Stainless Steel,,,,,,,,,,,,,,,,,,,,,,,,,,,,,,,,,,,,,,,,,,,,,,,,,,,,,,,,,,,,,,,,,,,,,,,,,,,,,,,,,,,,,,,,,,,,,,,,,,,,,,,,,,,,,,,,,,,,,,,,,,,,,,,,,,,,,,,,,,,,,,,,,,,,,,,,,,,,,,,,,,,,,Samsung_SMD2479JS.jpg,Samsung_SMD2479JS_1.jpg,Samsung_SMD2479JS_2.jpg,Samsung_SMD2479JS_3.jpg,Samsung_SMD2479JS_4.jpg,,,,,Samsung_SMD2479JS_Specification_Sheet.pdf,,,,,,,,,,,,,,,,,,
,,,,,,,Appliances,Large Appliances,Cooktops,,PEP9030DTBB,"PEP9030DTBB 30"" GE Cooktop Bk",-- Unbranded --,-- No Unilog Brand --,-- No DIB Brand --,Appliance Dealers Cooperative (APPDE),GE Appliances (Haier),GE,,PEP9030DTBB,,Appliances & Consumer Electronics>Cooking Appliances>Cooktops,"GE Appliances (Haier), GE, Cooktop, PEP9030DTBB",COOKTOP,GE PEP9030DTBB Cooktop With Black,"GE Cooktop, Black","Cooktop, Black",,Color: Black,Finish: Black,,,,,,,,,,,,,,,,,,,,,,,,Cooktop,Color,Black,,Finish,Black,,,,,,,,,,,,,,,,,,,,,,,,,,,,,,,,,,,,,,,,,,,,,,,,,,,,,,,,,,,,,,,,,,,,,,,,,,,,,,,,,,,,,,,,,,,,,,,,,,,,,,,,,,,,,,,,,,,,,,,,,,,,,,,,,,,,,,,,,,,,,,,,,,,,,,,,,,,,,,,,,,,,,GE_PEP9030DTBB.jpg,GE_PEP9030DTBB_1.jpg,GE_PEP9030DTBB_2.jpg,GE_PEP9030DTBB_3.jpg,GE_PEP9030DTBB_4.jpg,,,,,GE_PEP9030DTBB_Specification_Sheet.pdf,,,,,,,,,,,,,,,,,,
,,,,,,,Appliances,Large Appliances,Ranges,,CES700P3MD1,"CES700P3MD1 Cafe 30"" Range Bk - Display",-- Unbranded --,-- No Unilog Brand --,-- No DIB Brand --,Appliance Dealers Cooperative (APPDE),GE Appliances (Haier),Café,,CES700P3MD1,,Appliances & Consumer Electronics>Cooking Appliances>Ranges,"GE Appliances (Haier), Café, Range, CES700P3MD1",RANGE,Café CES700P3MD1 Range With Black,"Café Range, Black","Range, Black",,Finish: Black,,,,,,,,,,,,,,,,,,,,,,,,,Range,Finish,Black,,,,,,,,,,,,,,,,,,,,,,,,,,,,,,,,,,,,,,,,,,,,,,,,,,,,,,,,,,,,,,,,,,,,,,,,,,,,,,,,,,,,,,,,,,,,,,,,,,,,,,,,,,,,,,,,,,,,,,,,,,,,,,,,,,,,,,,,,,,,,,,,,,,,,,,,,,,,,,,,,,,,,,,,Caf_CES700P3MD1.jpg,Caf_CES700P3MD1_1.jpg,Caf_CES700P3MD1_2.jpg,Caf_CES700P3MD1_3.jpg,Caf_CES700P3MD1_4.jpg,,,,,Caf_CES700P3MD1_Specification_Sheet.pdf,,,,,,,,,,,,,,,,,,
,,,,,,,Appliances,Large Appliances,Ranges,,PS960YPFS,"PS960YPFS 30"" GE Electric Range SS - Display Only",-- Unbranded --,-- No Unilog Brand --,-- No DIB Brand --,Appliance Dealers Cooperative (APPDE),GE Appliances (Haier),GE,,PS960YPFS,,Appliances & Consumer Electronics>Cooking Appliances>Ranges,"GE Appliances (Haier), GE, Range, PS960YPFS",RANGE SST,GE PS960YPFS Range With Stainless Steel,"GE Range, Stainless Steel","Range, Stainless Steel",,Material: Stainless Steel,Finish: Stainless Steel,,,,,,,,,,,,,,,,,,,,,,,,Range,Material,Stainless Steel,,Finish,Stainless Steel,,,,,,,,,,,,,,,,,,,,,,,,,,,,,,,,,,,,,,,,,,,,,,,,,,,,,,,,,,,,,,,,,,,,,,,,,,,,,,,,,,,,,,,,,,,,,,,,,,,,,,,,,,,,,,,,,,,,,,,,,,,,,,,,,,,,,,,,,,,,,,,,,,,,,,,,,,,,,,,,,,,,,GE_PS960YPFS.jpg,GE_PS960YPFS_1.jpg,GE_PS960YPFS_2.jpg,GE_PS960YPFS_3.jpg,GE_PS960YPFS_4.jpg,,,,,GE_PS960YPFS_Specification_Sheet.pdf,,,,,,,,,,,,,,,,,,
,,,,,,,Appliances,Large Appliances,Ranges,,PB900YVFS,"PB900YVFS Elect 30"" Range SS",-- Unbranded --,-- No Unilog Brand --,-- No DIB Brand --,Appliance Dealers Cooperative (APPDE),Electrolux Home Products Inc,FRIGIDAIRE®,,PB900YVFS,,Appliances & Consumer Electronics>Cooking Appliances>Ranges,"Electrolux Home Products Inc, FRIGIDAIRE®, Range, PB900YVFS",RANGE SST,FRIGIDAIRE® PB900YVFS Range With Stainless Steel,"FRIGIDAIRE® Range, Stainless Steel","Range, Stainless Steel",,Material: Stainless Steel,Color: Stainless Steel,Finish: Stainless Steel,,,,,,,,,,,,,,,,,,,,,,,Range,Material,Stainless Steel,,Color,Stainless Steel,,Finish,Stainless Steel,,,,,,,,,,,,,,,,,,,,,,,,,,,,,,,,,,,,,,,,,,,,,,,,,,,,,,,,,,,,,,,,,,,,,,,,,,,,,,,,,,,,,,,,,,,,,,,,,,,,,,,,,,,,,,,,,,,,,,,,,,,,,,,,,,,,,,,,,,,,,,,,,,,,,,,,,,,,,,,,,,FRIGIDAIRE_PB900YVFS.jpg,FRIGIDAIRE_PB900YVFS_1.jpg,FRIGIDAIRE_PB900YVFS_2.jpg,FRIGIDAIRE_PB900YVFS_3.jpg,FRIGIDAIRE_PB900YVFS_4.jpg,,,,,FRIGIDAIRE_PB900YVFS_Specification_Sheet.pdf,,,,,,,,,,,,,,,,,,
,,,,,,,Appliances,Large Appliances,Ranges,,PCFE3080AF,"PCFE3080AF 30"" Elect Range SS - Display Only",-- Unbranded --,-- No Unilog Brand --,-- No DIB Brand --,Appliance Dealers Cooperative (APPDE),Electrolux Home Products Inc,FRIGIDAIRE®,,PCFE3080AF,,Appliances & Consumer Electronics>Cooking Appliances>Ranges,"Electrolux Home Products Inc, FRIGIDAIRE®, Range, PCFE3080AF",RANGE SST,FRIGIDAIRE® PCFE3080AF Range With Stainless Steel,"FRIGIDAIRE® Range, Stainless Steel","Range, Stainless Steel",,Material: Stainless Steel,Finish: Stainless Steel,,,,,,,,,,,,,,,,,,,,,,,,Range,Material,Stainless Steel,,Finish,Stainless Steel,,,,,,,,,,,,,,,,,,,,,,,,,,,,,,,,,,,,,,,,,,,,,,,,,,,,,,,,,,,,,,,,,,,,,,,,,,,,,,,,,,,,,,,,,,,,,,,,,,,,,,,,,,,,,,,,,,,,,,,,,,,,,,,,,,,,,,,,,,,,,,,,,,,,,,,,,,,,,,,,,,,,,FRIGIDAIRE_PCFE3080AF.jpg,FRIGIDAIRE_PCFE3080AF_1.jpg,FRIGIDAIRE_PCFE3080AF_2.jpg,FRIGIDAIRE_PCFE3080AF_3.jpg,FRIGIDAIRE_PCFE3080AF_4.jpg,,,,,FRIGIDAIRE_PCFE3080AF_Specification_Sheet.pdf,,,,,,,,,,,,,,,,,,
,,,,,,,Appliances,Large Appliances,Ranges,,SLER30524SS,"SLER30524SS 30"" Elect Range SS",-- Unbranded --,-- No Unilog Brand --,-- No DIB Brand --,Appliance Dealers Cooperative (APPDE),Appliance Dealers Cooperative (APPDE),Samsung,,SLER30524SS,,Appliances & Consumer Electronics>Cooking Appliances>Ranges,"Appliance Dealers Cooperative (APPDE), Samsung, Range, SLER30524SS",RANGE SST,Samsung SLER30524SS Range With Stainless Steel,"Samsung Range, Stainless Steel","Range, Stainless Steel",,Material: Stainless Steel,Color: Stainless Steel,Finish: Stainless Steel,,,,,,,,,,,,,,,,,,,,,,,Range,Material,Stainless Steel,,Color,Stainless Steel,,Finish,Stainless Steel,,,,,,,,,,,,,,,,,,,,,,,,,,,,,,,,,,,,,,,,,,,,,,,,,,,,,,,,,,,,,,,,,,,,,,,,,,,,,,,,,,,,,,,,,,,,,,,,,,,,,,,,,,,,,,,,,,,,,,,,,,,,,,,,,,,,,,,,,,,,,,,,,,,,,,,,,,,,,,,,,,Samsung_SLER30524SS.jpg,Samsung_SLER30524SS_1.jpg,Samsung_SLER30524SS_2.jpg,Samsung_SLER30524SS_3.jpg,Samsung_SLER30524SS_4.jpg,,,,,Samsung_SLER30524SS_Specification_Sheet.pdf,,,,,,,,,,,,,,,,,,
,,,,,,,Appliances,Large Appliances,Ranges,,LSEL6333ZE,"LSEL6333ZE LG 30"" Elec Range BS-Display Only",-- Unbranded --,-- No Unilog Brand --,-- No DIB Brand --,Appliance Dealers Cooperative (APPDE),LG Electronics USA Inc,LG,,LSEL6333ZE,,Appliances & Consumer Electronics>Cooking Appliances>Ranges,"LG Electronics USA Inc, LG, Range, LSEL6333ZE",RANGE,LG LSEL6333ZE Range,LG Range,Range,,,,,,,,,,,,,,,,,,,,,,,,,,,Range,,,,,,,,,,,,,,,,,,,,,,,,,,,,,,,,,,,,,,,,,,,,,,,,,,,,,,,,,,,,,,,,,,,,,,,,,,,,,,,,,,,,,,,,,,,,,,,,,,,,,,,,,,,,,,,,,,,,,,,,,,,,,,,,,,,,,,,,,,,,,,,,,,,,,,,,,,,,,,,,,,,,,,,,,,LG_LSEL6333ZE.jpg,LG_LSEL6333ZE_1.jpg,LG_LSEL6333ZE_2.jpg,LG_LSEL6333ZE_3.jpg,LG_LSEL6333ZE_4.jpg,,,,,LG_LSEL6333ZE_Specification_Sheet.pdf,,,,,,,,,,,,,,,,,,
,,,,,,,Appliances,Large Appliances,Ranges,,KSES530SBE,"KSES530SBE 30"" Elect Range BO Display Only",-- Unbranded --,-- No Unilog Brand --,-- No DIB Brand --,Appliance Dealers Cooperative (APPDE),Whirlpool Corporation,KitchenAid,,KSES530SBE,,Appliances & Consumer Electronics>Cooking Appliances>Ranges,"Whirlpool Corporation, KitchenAid, Range, KSES530SBE",RANGE,KitchenAid KSES530SBE Range With Black,"KitchenAid Range, Black","Range, Black",,Finish: Black,,,,,,,,,,,,,,,,,,,,,,,,,Range,Finish,Black,,,,,,,,,,,,,,,,,,,,,,,,,,,,,,,,,,,,,,,,,,,,,,,,,,,,,,,,,,,,,,,,,,,,,,,,,,,,,,,,,,,,,,,,,,,,,,,,,,,,,,,,,,,,,,,,,,,,,,,,,,,,,,,,,,,,,,,,,,,,,,,,,,,,,,,,,,,,,,,,,,,,,,,,KitchenAid_KSES530SBE.jpg,KitchenAid_KSES530SBE_1.jpg,KitchenAid_KSES530SBE_2.jpg,KitchenAid_KSES530SBE_3.jpg,KitchenAid_KSES530SBE_4.jpg,,,,,KitchenAid_KSES530SBE_Specification_Sheet.pdf,,,,,,,,,,,,,,,,,,
,,,,,,,Appliances,Large Appliances,Ranges,,GCFG3661AF,"GCFG3661AF 36"" Frigidaire Gas Range SS",-- Unbranded --,-- No Unilog Brand --,-- No DIB Brand --,Appliance Dealers Cooperative (APPDE),Electrolux Home Products Inc,FRIGIDAIRE®,,GCFG3661AF,,Appliances & Consumer Electronics>Cooking Appliances>Ranges,"Electrolux Home Products Inc, FRIGIDAIRE®, Range, GCFG3661AF",RANGE SST,FRIGIDAIRE® GCFG3661AF Range With Stainless Steel,"FRIGIDAIRE® Range, Stainless Steel","Range, Stainless Steel",,Material: Stainless Steel,Color: Stainless Steel,Finish: Stainless Steel,,,,,,,,,,,,,,,,,,,,,,,Range,Material,Stainless Steel,,Color,Stainless Steel,,Finish,Stainless Steel,,,,,,,,,,,,,,,,,,,,,,,,,,,,,,,,,,,,,,,,,,,,,,,,,,,,,,,,,,,,,,,,,,,,,,,,,,,,,,,,,,,,,,,,,,,,,,,,,,,,,,,,,,,,,,,,,,,,,,,,,,,,,,,,,,,,,,,,,,,,,,,,,,,,,,,,,,,,,,,,,,FRIGIDAIRE_GCFG3661AF.jpg,FRIGIDAIRE_GCFG3661AF_1.jpg,FRIGIDAIRE_GCFG3661AF_2.jpg,FRIGIDAIRE_GCFG3661AF_3.jpg,FRIGIDAIRE_GCFG3661AF_4.jpg,,,,,FRIGIDAIRE_GCFG3661AF_Specification_Sheet.pdf,,,,,,,,,,,,,,,,,,
,,,,,,,Appliances,Large Appliances,Ranges,,WSGS7530RZ,"WSGS7530RZ 30"" Gas Range SS - Display Only",-- Unbranded --,-- No Unilog Brand --,-- No DIB Brand --,Appliance Dealers Cooperative (APPDE),Whirlpool Corporation,Whirlpool®,,WSGS7530RZ,,Appliances & Consumer Electronics>Cooking Appliances>Ranges,"Whirlpool Corporation, Whirlpool®, Range, WSGS7530RZ",RANGE SST,Whirlpool® WSGS7530RZ Range With Stainless Steel,"Whirlpool® Range, Stainless Steel","Range, Stainless Steel",,Material: Stainless Steel,Finish: Stainless Steel,,,,,,,,,,,,,,,,,,,,,,,,Range,Material,Stainless Steel,,Finish,Stainless Steel,,,,,,,,,,,,,,,,,,,,,,,,,,,,,,,,,,,,,,,,,,,,,,,,,,,,,,,,,,,,,,,,,,,,,,,,,,,,,,,,,,,,,,,,,,,,,,,,,,,,,,,,,,,,,,,,,,,,,,,,,,,,,,,,,,,,,,,,,,,,,,,,,,,,,,,,,,,,,,,,,,,,,Whirlpool_WSGS7530RZ.jpg,Whirlpool_WSGS7530RZ_1.jpg,Whirlpool_WSGS7530RZ_2.jpg,Whirlpool_WSGS7530RZ_3.jpg,Whirlpool_WSGS7530RZ_4.jpg,,,,,Whirlpool_WSGS7530RZ_Specification_Sheet.pdf,,,,,,,,,,,,,,,,,,
,,,,,,,Appliances,Large Appliances,Cooktops,,CHP90301TBB,CHP90301TBB Café Cooktop Bk,-- Unbranded --,-- No Unilog Brand --,-- No DIB Brand --,Appliance Dealers Cooperative (APPDE),GE Appliances (Haier),Café,,CHP90301TBB,,Appliances & Consumer Electronics>Cooking Appliances>Cooktops,"GE Appliances (Haier), Café, Cooktop, CHP90301TBB",COOKTOP,Café CHP90301TBB Cooktop With Black,"Café Cooktop, Black","Cooktop, Black",,Color: Black,Finish: Black,,,,,,,,,,,,,,,,,,,,,,,,Cooktop,Color,Black,,Finish,Black,,,,,,,,,,,,,,,,,,,,,,,,,,,,,,,,,,,,,,,,,,,,,,,,,,,,,,,,,,,,,,,,,,,,,,,,,,,,,,,,,,,,,,,,,,,,,,,,,,,,,,,,,,,,,,,,,,,,,,,,,,,,,,,,,,,,,,,,,,,,,,,,,,,,,,,,,,,,,,,,,,,,,Caf_CHP90301TBB.jpg,Caf_CHP90301TBB_1.jpg,Caf_CHP90301TBB_2.jpg,Caf_CHP90301TBB_3.jpg,Caf_CHP90301TBB_4.jpg,,,,,Caf_CHP90301TBB_Specification_Sheet.pdf,,,,,,,,,,,,,,,,,,
,,,,,,,Appliances,Large Appliances,Microwave Ovens,,CVM517P3RD1,CVM517P3RD1 Cafe Microwave Bk - Display,-- Unbranded --,-- No Unilog Brand --,-- No DIB Brand --,Appliance Dealers Cooperative (APPDE),GE Appliances (Haier),Café,,CVM517P3RD1,,Appliances & Consumer Electronics>Cooking Appliances>Microwave Ovens,"GE Appliances (Haier), Café, Microwave Oven, CVM517P3RD1",MICROWAVE OVEN,Café CVM517P3RD1 Microwave Oven With Black,"Café Microwave Oven, Black","Microwave Oven, Black",,Finish: Black,,,,,,,,,,,,,,,,,,,,,,,,,Microwave Oven,Finish,Black,,,,,,,,,,,,,,,,,,,,,,,,,,,,,,,,,,,,,,,,,,,,,,,,,,,,,,,,,,,,,,,,,,,,,,,,,,,,,,,,,,,,,,,,,,,,,,,,,,,,,,,,,,,,,,,,,,,,,,,,,,,,,,,,,,,,,,,,,,,,,,,,,,,,,,,,,,,,,,,,,,,,,,,,Caf_CVM517P3RD1.jpg,Caf_CVM517P3RD1_1.jpg,Caf_CVM517P3RD1_2.jpg,Caf_CVM517P3RD1_3.jpg,Caf_CVM517P3RD1_4.jpg,,,,,Caf_CVM517P3RD1_Specification_Sheet.pdf,,,,,,,,,,,,,,,,,,
,,,,,,,Appliances,Large Appliances,Microwave Ovens,,PMOS1980AF,PMOS1980AF OTR Microwave SS - Display Only,-- Unbranded --,-- No Unilog Brand --,-- No DIB Brand --,Appliance Dealers Cooperative (APPDE),Electrolux Home Products Inc,FRIGIDAIRE®,,PMOS1980AF,,Appliances & Consumer Electronics>Cooking Appliances>Microwave Ovens,"Electrolux Home Products Inc, FRIGIDAIRE®, Microwave Oven, PMOS1980AF",MICROWAVE OVEN SST,FRIGIDAIRE® PMOS1980AF Microwave Oven With Stainless Steel,"FRIGIDAIRE® Microwave Oven, Stainless Steel","Microwave Oven, Stainless Steel",,Material: Stainless Steel,Finish: Stainless Steel,,,,,,,,,,,,,,,,,,,,,,,,Microwave Oven,Material,Stainless Steel,,Finish,Stainless Steel,,,,,,,,,,,,,,,,,,,,,,,,,,,,,,,,,,,,,,,,,,,,,,,,,,,,,,,,,,,,,,,,,,,,,,,,,,,,,,,,,,,,,,,,,,,,,,,,,,,,,,,,,,,,,,,,,,,,,,,,,,,,,,,,,,,,,,,,,,,,,,,,,,,,,,,,,,,,,,,,,,,,,FRIGIDAIRE_PMOS1980AF.jpg,FRIGIDAIRE_PMOS1980AF_1.jpg,FRIGIDAIRE_PMOS1980AF_2.jpg,FRIGIDAIRE_PMOS1980AF_3.jpg,FRIGIDAIRE_PMOS1980AF_4.jpg,,,,,FRIGIDAIRE_PMOS1980AF_Specification_Sheet.pdf,,,,,,,,,,,,,,,,,,
,,,,,,,Appliances,Large Appliances,Microwave Ovens,,WMMS3330RZ,WMMS3330RZ OTR Mocrowave SS - Display Only,-- Unbranded --,-- No Unilog Brand --,-- No DIB Brand --,Appliance Dealers Cooperative (APPDE),Whirlpool Corporation,Whirlpool®,,WMMS3330RZ,,Appliances & Consumer Electronics>Cooking Appliances>Microwave Ovens,"Whirlpool Corporation, Whirlpool®, Microwave Oven, WMMS3330RZ",MICROWAVE OVEN SST,Whirlpool® WMMS3330RZ Microwave Oven With Stainless Steel,"Whirlpool® Microwave Oven, Stainless Steel","Microwave Oven, Stainless Steel",,Material: Stainless Steel,Finish: Stainless Steel,,,,,,,,,,,,,,,,,,,,,,,,Microwave Oven,Material,Stainless Steel,,Finish,Stainless Steel,,,,,,,,,,,,,,,,,,,,,,,,,,,,,,,,,,,,,,,,,,,,,,,,,,,,,,,,,,,,,,,,,,,,,,,,,,,,,,,,,,,,,,,,,,,,,,,,,,,,,,,,,,,,,,,,,,,,,,,,,,,,,,,,,,,,,,,,,,,,,,,,,,,,,,,,,,,,,,,,,,,,,Whirlpool_WMMS3330RZ.jpg,Whirlpool_WMMS3330RZ_1.jpg,Whirlpool_WMMS3330RZ_2.jpg,Whirlpool_WMMS3330RZ_3.jpg,Whirlpool_WMMS3330RZ_4.jpg,,,,,Whirlpool_WMMS3330RZ_Specification_Sheet.pdf,,,,,,,,,,,,,,,,,,
,,,,,,,Appliances,Large Appliances,Microwave Ovens,,KMMF530PBE,KMMF530PBE OTR Microwave BO Display Only,-- Unbranded --,-- No Unilog Brand --,-- No DIB Brand --,Appliance Dealers Cooperative (APPDE),Whirlpool Corporation,KitchenAid,,KMMF530PBE,,Appliances & Consumer Electronics>Cooking Appliances>Microwave Ovens,"Whirlpool Corporation, KitchenAid, Microwave Oven, KMMF530PBE",MICROWAVE OVEN,KitchenAid KMMF530PBE Microwave Oven With Black,"KitchenAid Microwave Oven, Black","Microwave Oven, Black",,Finish: Black,,,,,,,,,,,,,,,,,,,,,,,,,Microwave Oven,Finish,Black,,,,,,,,,,,,,,,,,,,,,,,,,,,,,,,,,,,,,,,,,,,,,,,,,,,,,,,,,,,,,,,,,,,,,,,,,,,,,,,,,,,,,,,,,,,,,,,,,,,,,,,,,,,,,,,,,,,,,,,,,,,,,,,,,,,,,,,,,,,,,,,,,,,,,,,,,,,,,,,,,,,,,,,,KitchenAid_KMMF530PBE.jpg,KitchenAid_KMMF530PBE_1.jpg,KitchenAid_KMMF530PBE_2.jpg,KitchenAid_KMMF530PBE_3.jpg,KitchenAid_KMMF530PBE_4.jpg,,,,,KitchenAid_KMMF530PBE_Specification_Sheet.pdf,,,,,,,,,,,,,,,,,,
,,,,,,,Appliances,Large Appliances,Range Grills,,JXGRILL1,JXGRILL1 GE Range Grill,-- Unbranded --,-- No Unilog Brand --,-- No DIB Brand --,Appliance Dealers Cooperative (APPDE),GE Appliances (Haier),GE,,JXGRILL1,,Appliances & Consumer Electronics>Cooking Appliances>Range Grills,"GE Appliances (Haier), GE, Range Grill, JXGRILL1",RANGE GRILL,GE JXGRILL1 Range Grill,GE Range Grill,Range Grill,,,,,,,,,,,,,,,,,,,,,,,,,,,Range Grill,,,,,,,,,,,,,,,,,,,,,,,,,,,,,,,,,,,,,,,,,,,,,,,,,,,,,,,,,,,,,,,,,,,,,,,,,,,,,,,,,,,,,,,,,,,,,,,,,,,,,,,,,,,,,,,,,,,,,,,,,,,,,,,,,,,,,,,,,,,,,,,,,,,,,,,,,,,,,,,,,,,,,,,,,,GE_JXGRILL1.jpg,GE_JXGRILL1_1.jpg,GE_JXGRILL1_2.jpg,GE_JXGRILL1_3.jpg,GE_JXGRILL1_4.jpg,,,,,GE_JXGRILL1_Specification_Sheet.pdf,,,,,,,,,,,,,,,,,,
,,,,,,,Appliances,Small Appliances,Toasters & Toaster Ovens,,C9TMA2S3PD3,C9TMA2S3PD3 Café Toaster MB,-- Unbranded --,-- No Unilog Brand --,-- No DIB Brand --,Appliance Dealers Cooperative (APPDE),GE Appliances (Haier),Café,,C9TMA2S3PD3,,Appliances & Consumer Electronics>Small Appliance>Toasters & Toaster Ovens,"GE Appliances (Haier), Café, Toaster, C9TMA2S3PD3",TOASTER,Café C9TMA2S3PD3 Toaster With Matte Black,"Café Toaster, Matte Black","Toaster, Matte Black",,Color: Matte Black,Finish: Matte Black,,,,,,,,,,,,,,,,,,,,,,,,Toaster,Color,Matte Black,,Finish,Matte Black,,,,,,,,,,,,,,,,,,,,,,,,,,,,,,,,,,,,,,,,,,,,,,,,,,,,,,,,,,,,,,,,,,,,,,,,,,,,,,,,,,,,,,,,,,,,,,,,,,,,,,,,,,,,,,,,,,,,,,,,,,,,,,,,,,,,,,,,,,,,,,,,,,,,,,,,,,,,,,,,,,,,,Caf_C9TMA2S3PD3.jpg,Caf_C9TMA2S3PD3_1.jpg,Caf_C9TMA2S3PD3_2.jpg,Caf_C9TMA2S3PD3_3.jpg,Caf_C9TMA2S3PD3_4.jpg,,,,,Caf_C9TMA2S3PD3_Specification_Sheet.pdf,,,,,,,,,,,,,,,,,,
,,,,,,,Appliances,Small Appliances,Toasters & Toaster Ovens,,C9TMA2S4PW3,C9TMA2S4PW3 Café Toaster MW,-- Unbranded --,-- No Unilog Brand --,-- No DIB Brand --,Appliance Dealers Cooperative (APPDE),GE Appliances (Haier),Café,,C9TMA2S4PW3,,Appliances & Consumer Electronics>Small Appliance>Toasters & Toaster Ovens,"GE Appliances (Haier), Café, Toaster, C9TMA2S4PW3",TOASTER,Café C9TMA2S4PW3 Toaster,Café Toaster,Toaster,,,,,,,,,,,,,,,,,,,,,,,,,,,Toaster,,,,,,,,,,,,,,,,,,,,,,,,,,,,,,,,,,,,,,,,,,,,,,,,,,,,,,,,,,,,,,,,,,,,,,,,,,,,,,,,,,,,,,,,,,,,,,,,,,,,,,,,,,,,,,,,,,,,,,,,,,,,,,,,,,,,,,,,,,,,,,,,,,,,,,,,,,,,,,,,,,,,,,,,,,Caf_C9TMA2S4PW3.jpg,Caf_C9TMA2S4PW3_1.jpg,Caf_C9TMA2S4PW3_2.jpg,Caf_C9TMA2S4PW3_3.jpg,Caf_C9TMA2S4PW3_4.jpg,,,,,Caf_C9TMA2S4PW3_Specification_Sheet.pdf,,,,,,,,,,,,,,,,,,
,,,,,,,Appliances,Small Appliances,Toasters & Toaster Ovens,,C90AAAS2RS3,C90AAAS2RS3 Cafe Toast Oven SS,-- Unbranded --,-- No Unilog Brand --,-- No DIB Brand --,Appliance Dealers Cooperative (APPDE),GE Appliances (Haier),Café,,C90AAAS2RS3,,Appliances & Consumer Electronics>Small Appliance>Toasters & Toaster Ovens,"GE Appliances (Haier), Café, Toaster, C90AAAS2RS3",TOASTER SST,Café C90AAAS2RS3 Toaster With Stainless Steel,"Café Toaster, Stainless Steel","Toaster, Stainless Steel",,Material: Stainless Steel,Color: Stainless Steel,Finish: Stainless Steel,,,,,,,,,,,,,,,,,,,,,,,Toaster,Material,Stainless Steel,,Color,Stainless Steel,,Finish,Stainless Steel,,,,,,,,,,,,,,,,,,,,,,,,,,,,,,,,,,,,,,,,,,,,,,,,,,,,,,,,,,,,,,,,,,,,,,,,,,,,,,,,,,,,,,,,,,,,,,,,,,,,,,,,,,,,,,,,,,,,,,,,,,,,,,,,,,,,,,,,,,,,,,,,,,,,,,,,,,,,,,,,,,Caf_C90AAAS2RS3.jpg,Caf_C90AAAS2RS3_1.jpg,Caf_C90AAAS2RS3_2.jpg,Caf_C90AAAS2RS3_3.jpg,Caf_C90AAAS2RS3_4.jpg,,,,,Caf_C90AAAS2RS3_Specification_Sheet.pdf,,,,,,,,,,,,,,,,,,
,,,,,,,Appliances,Small Appliances,Toasters & Toaster Ovens,,C9TMA2SP2PS3,C9TMA2S2PS3 Cafe Toaster SS,-- Unbranded --,-- No Unilog Brand --,-- No DIB Brand --,Appliance Dealers Cooperative (APPDE),GE Appliances (Haier),Café,,C9TMA2SP2PS3,,Appliances & Consumer Electronics>Small Appliance>Toasters & Toaster Ovens,"GE Appliances (Haier), Café, Toaster, C9TMA2SP2PS3",TOASTER SST,Café C9TMA2SP2PS3 Toaster With Stainless Steel,"Café Toaster, Stainless Steel","Toaster, Stainless Steel",,Material: Stainless Steel,Color: Stainless Steel,Finish: Stainless Steel,,,,,,,,,,,,,,,,,,,,,,,Toaster,Material,Stainless Steel,,Color,Stainless Steel,,Finish,Stainless Steel,,,,,,,,,,,,,,,,,,,,,,,,,,,,,,,,,,,,,,,,,,,,,,,,,,,,,,,,,,,,,,,,,,,,,,,,,,,,,,,,,,,,,,,,,,,,,,,,,,,,,,,,,,,,,,,,,,,,,,,,,,,,,,,,,,,,,,,,,,,,,,,,,,,,,,,,,,,,,,,,,,Caf_C9TMA2SP2PS3.jpg,Caf_C9TMA2SP2PS3_1.jpg,Caf_C9TMA2SP2PS3_2.jpg,Caf_C9TMA2SP2PS3_3.jpg,Caf_C9TMA2SP2PS3_4.jpg,,,,,Caf_C9TMA2SP2PS3_Specification_Sheet.pdf,,,,,,,,,,,,,,,,,,
,,,,,,,Appliances,Large Appliances,Refrigerators,,GDE21EMKES,GDE21EMKES GE 21CF Fridge SL Display Only,-- Unbranded --,-- No Unilog Brand --,-- No DIB Brand --,Appliance Dealers Cooperative (APPDE),GE Appliances (Haier),GE,,GDE21EMKES,,Appliances & Consumer Electronics>Refrigeration>Refrigerators,"GE Appliances (Haier), GE, Refrigerator, GDE21EMKES",REFRIGERATOR,GE GDE21EMKES Refrigerator With Slate,"GE Refrigerator, Slate","Refrigerator, Slate",,Finish: Slate,,,,,,,,,,,,,,,,,,,,,,,,,Refrigerator,Finish,Slate,,,,,,,,,,,,,,,,,,,,,,,,,,,,,,,,,,,,,,,,,,,,,,,,,,,,,,,,,,,,,,,,,,,,,,,,,,,,,,,,,,,,,,,,,,,,,,,,,,,,,,,,,,,,,,,,,,,,,,,,,,,,,,,,,,,,,,,,,,,,,,,,,,,,,,,,,,,,,,,,,,,,,,,,GE_GDE21EMKES.jpg,GE_GDE21EMKES_1.jpg,GE_GDE21EMKES_2.jpg,GE_GDE21EMKES_3.jpg,GE_GDE21EMKES_4.jpg,,,,,GE_GDE21EMKES_Specification_Sheet.pdf,,,,,,,,,,,,,,,,,,
,,,,,,,Appliances,Large Appliances,Freezers,,FCM16SLWW,FCM16SLWW 16CF GE Freezer Chest MH,-- Unbranded --,-- No Unilog Brand --,-- No DIB Brand --,Appliance Dealers Cooperative (APPDE),GE Appliances (Haier),GE,,FCM16SLWW,,Appliances & Consumer Electronics>Refrigeration>Freezers,"GE Appliances (Haier), GE, Freezer, FCM16SLWW",FREEZER,GE FCM16SLWW Freezer With Mahogany,"GE Freezer, Mahogany","Freezer, Mahogany",,Color: Mahogany,,,,,,,,,,,,,,,,,,,,,,,,,Freezer,Color,Mahogany,,,,,,,,,,,,,,,,,,,,,,,,,,,,,,,,,,,,,,,,,,,,,,,,,,,,,,,,,,,,,,,,,,,,,,,,,,,,,,,,,,,,,,,,,,,,,,,,,,,,,,,,,,,,,,,,,,,,,,,,,,,,,,,,,,,,,,,,,,,,,,,,,,,,,,,,,,,,,,,,,,,,,,,,GE_FCM16SLWW.jpg,GE_FCM16SLWW_1.jpg,GE_FCM16SLWW_2.jpg,GE_FCM16SLWW_3.jpg,GE_FCM16SLWW_4.jpg,,,,,GE_FCM16SLWW_Specification_Sheet.pdf,,,,,,,,,,,,,,,,,,
,,,,,,,Appliances,Large Appliances,Refrigerators,,GNE27JYMFS,GNE27JYMFS GE Fridge SS,-- Unbranded --,-- No Unilog Brand --,-- No DIB Brand --,Appliance Dealers Cooperative (APPDE),GE Appliances (Haier),GE,,GNE27JYMFS,,Appliances & Consumer Electronics>Refrigeration>Refrigerators,"GE Appliances (Haier), GE, Refrigerator, GNE27JYMFS",REFRIGERATOR SST,GE GNE27JYMFS Refrigerator With Stainless Steel,"GE Refrigerator, Stainless Steel","Refrigerator, Stainless Steel",,Material: Stainless Steel,Color: Stainless Steel,Finish: Stainless Steel,,,,,,,,,,,,,,,,,,,,,,,Refrigerator,Material,Stainless Steel,,Color,Stainless Steel,,Finish,Stainless Steel,,,,,,,,,,,,,,,,,,,,,,,,,,,,,,,,,,,,,,,,,,,,,,,,,,,,,,,,,,,,,,,,,,,,,,,,,,,,,,,,,,,,,,,,,,,,,,,,,,,,,,,,,,,,,,,,,,,,,,,,,,,,,,,,,,,,,,,,,,,,,,,,,,,,,,,,,,,,,,,,,,GE_GNE27JYMFS.jpg,GE_GNE27JYMFS_1.jpg,GE_GNE27JYMFS_2.jpg,GE_GNE27JYMFS_3.jpg,GE_GNE27JYMFS_4.jpg,,,,,GE_GNE27JYMFS_Specification_Sheet.pdf,,,,,,,,,,,,,,,,,,
,,,,,,,Appliances,Large Appliances,Refrigerators,,CVE28DP3ND1,CVE28DP3ND1 Cafe Fridge Bk,-- Unbranded --,-- No Unilog Brand --,-- No DIB Brand --,Appliance Dealers Cooperative (APPDE),GE Appliances (Haier),Café,,CVE28DP3ND1,,Appliances & Consumer Electronics>Refrigeration>Refrigerators,"GE Appliances (Haier), Café, Refrigerator, CVE28DP3ND1",REFRIGERATOR,Café CVE28DP3ND1 Refrigerator With Black,"Café Refrigerator, Black","Refrigerator, Black",,Color: Black,Finish: Black,,,,,,,,,,,,,,,,,,,,,,,,Refrigerator,Color,Black,,Finish,Black,,,,,,,,,,,,,,,,,,,,,,,,,,,,,,,,,,,,,,,,,,,,,,,,,,,,,,,,,,,,,,,,,,,,,,,,,,,,,,,,,,,,,,,,,,,,,,,,,,,,,,,,,,,,,,,,,,,,,,,,,,,,,,,,,,,,,,,,,,,,,,,,,,,,,,,,,,,,,,,,,,,,,Caf_CVE28DP3ND1.jpg,Caf_CVE28DP3ND1_1.jpg,Caf_CVE28DP3ND1_2.jpg,Caf_CVE28DP3ND1_3.jpg,Caf_CVE28DP3ND1_4.jpg,,,,,Caf_CVE28DP3ND1_Specification_Sheet.pdf,,,,,,,,,,,,,,,,,,
,,,,,,,Appliances,Large Appliances,Refrigerators,,GNE25JMKES,GNE25JMKES GE Fridge Slate - Display,-- Unbranded --,-- No Unilog Brand --,-- No DIB Brand --,Appliance Dealers Cooperative (APPDE),GE Appliances (Haier),GE,,GNE25JMKES,,Appliances & Consumer Electronics>Refrigeration>Refrigerators,"GE Appliances (Haier), GE, Refrigerator, GNE25JMKES",REFRIGERATOR,GE GNE25JMKES Refrigerator With Slate Gray,"GE Refrigerator, Slate Gray","Refrigerator, Slate Gray",,Color: Slate Gray,,,,,,,,,,,,,,,,,,,,,,,,,Refrigerator,Color,Slate Gray,,,,,,,,,,,,,,,,,,,,,,,,,,,,,,,,,,,,,,,,,,,,,,,,,,,,,,,,,,,,,,,,,,,,,,,,,,,,,,,,,,,,,,,,,,,,,,,,,,,,,,,,,,,,,,,,,,,,,,,,,,,,,,,,,,,,,,,,,,,,,,,,,,,,,,,,,,,,,,,,,,,,,,,,GE_GNE25JMKES.jpg,GE_GNE25JMKES_1.jpg,GE_GNE25JMKES_2.jpg,GE_GNE25JMKES_3.jpg,GE_GNE25JMKES_4.jpg,,,,,GE_GNE25JMKES_Specification_Sheet.pdf,,,,,,,,,,,,,,,,,,
,,,,,,,Appliances,Large Appliances,Refrigerators,,PRFS2883AF,"PRFS2883AF 36"" Fridge SS - Display Only",-- Unbranded --,-- No Unilog Brand --,-- No DIB Brand --,Appliance Dealers Cooperative (APPDE),Electrolux Home Products Inc,FRIGIDAIRE®,,PRFS2883AF,,Appliances & Consumer Electronics>Refrigeration>Refrigerators,"Electrolux Home Products Inc, FRIGIDAIRE®, Refrigerator, PRFS2883AF",REFRIGERATOR SST,FRIGIDAIRE® PRFS2883AF Refrigerator With Stainless Steel,"FRIGIDAIRE® Refrigerator, Stainless Steel","Refrigerator, Stainless Steel",,Material: Stainless Steel,Finish: Stainless Steel,,,,,,,,,,,,,,,,,,,,,,,,Refrigerator,Material,Stainless Steel,,Finish,Stainless Steel,,,,,,,,,,,,,,,,,,,,,,,,,,,,,,,,,,,,,,,,,,,,,,,,,,,,,,,,,,,,,,,,,,,,,,,,,,,,,,,,,,,,,,,,,,,,,,,,,,,,,,,,,,,,,,,,,,,,,,,,,,,,,,,,,,,,,,,,,,,,,,,,,,,,,,,,,,,,,,,,,,,,,FRIGIDAIRE_PRFS2883AF.jpg,FRIGIDAIRE_PRFS2883AF_1.jpg,FRIGIDAIRE_PRFS2883AF_2.jpg,FRIGIDAIRE_PRFS2883AF_3.jpg,FRIGIDAIRE_PRFS2883AF_4.jpg,,,,,FRIGIDAIRE_PRFS2883AF_Specification_Sheet.pdf,,,,,,,,,,,,,,,,,,
,,,,,,,Appliances,Large Appliances,Refrigerators,,PAD28BYTFS,PAD28BYTFS GE Fridge SS,-- Unbranded --,-- No Unilog Brand --,-- No DIB Brand --,Appliance Dealers Cooperative (APPDE),GE Appliances (Haier),GE,,PAD28BYTFS,,Appliances & Consumer Electronics>Refrigeration>Refrigerators,"GE Appliances (Haier), GE, Refrigerator, PAD28BYTFS",REFRIGERATOR SST,GE PAD28BYTFS Refrigerator With Stainless Steel,"GE Refrigerator, Stainless Steel","Refrigerator, Stainless Steel",,Material: Stainless Steel,Color: Stainless Steel,Finish: Stainless Steel,,,,,,,,,,,,,,,,,,,,,,,Refrigerator,Material,Stainless Steel,,Color,Stainless Steel,,Finish,Stainless Steel,,,,,,,,,,,,,,,,,,,,,,,,,,,,,,,,,,,,,,,,,,,,,,,,,,,,,,,,,,,,,,,,,,,,,,,,,,,,,,,,,,,,,,,,,,,,,,,,,,,,,,,,,,,,,,,,,,,,,,,,,,,,,,,,,,,,,,,,,,,,,,,,,,,,,,,,,,,,,,,,,,GE_PAD28BYTFS.jpg,GE_PAD28BYTFS_1.jpg,GE_PAD28BYTFS_2.jpg,GE_PAD28BYTFS_3.jpg,GE_PAD28BYTFS_4.jpg,,,,,GE_PAD28BYTFS_Specification_Sheet.pdf,,,,,,,,,,,,,,,,,,
,,,,,,,Appliances,Large Appliances,Refrigerators,,PGE29BYTFS,PGE29BYTFS GE Fridge SS,-- Unbranded --,-- No Unilog Brand --,-- No DIB Brand --,Appliance Dealers Cooperative (APPDE),GE Appliances (Haier),GE,,PGE29BYTFS,,Appliances & Consumer Electronics>Refrigeration>Refrigerators,"GE Appliances (Haier), GE, Refrigerator, PGE29BYTFS",REFRIGERATOR SST,GE PGE29BYTFS Refrigerator With Stainless Steel,"GE Refrigerator, Stainless Steel","Refrigerator, Stainless Steel",,Material: Stainless Steel,Color: Stainless Steel,Finish: Stainless Steel,,,,,,,,,,,,,,,,,,,,,,,Refrigerator,Material,Stainless Steel,,Color,Stainless Steel,,Finish,Stainless Steel,,,,,,,,,,,,,,,,,,,,,,,,,,,,,,,,,,,,,,,,,,,,,,,,,,,,,,,,,,,,,,,,,,,,,,,,,,,,,,,,,,,,,,,,,,,,,,,,,,,,,,,,,,,,,,,,,,,,,,,,,,,,,,,,,,,,,,,,,,,,,,,,,,,,,,,,,,,,,,,,,,GE_PGE29BYTFS.jpg,GE_PGE29BYTFS_1.jpg,GE_PGE29BYTFS_2.jpg,GE_PGE29BYTFS_3.jpg,GE_PGE29BYTFS_4.jpg,,,,,GE_PGE29BYTFS_Specification_Sheet.pdf,,,,,,,,,,,,,,,,,,
,,,,,,,Appliances,Large Appliances,Refrigerators,,ERFD19CGCS,ERFD19CGCS Element Fridge SS,-- Unbranded --,-- No Unilog Brand --,-- No DIB Brand --,Appliance Dealers Cooperative (APPDE),Element Electronics,Element,,ERFD19CGCS,,Appliances & Consumer Electronics>Refrigeration>Refrigerators,"Element Electronics, Element, Refrigerator, ERFD19CGCS",REFRIGERATOR SST,Element ERFD19CGCS Refrigerator With Stainless Steel,"Element Refrigerator, Stainless Steel","Refrigerator, Stainless Steel",,Material: Stainless Steel,Color: Stainless Steel,Finish: Stainless Steel,,,,,,,,,,,,,,,,,,,,,,,Refrigerator,Material,Stainless Steel,,Color,Stainless Steel,,Finish,Stainless Steel,,,,,,,,,,,,,,,,,,,,,,,,,,,,,,,,,,,,,,,,,,,,,,,,,,,,,,,,,,,,,,,,,,,,,,,,,,,,,,,,,,,,,,,,,,,,,,,,,,,,,,,,,,,,,,,,,,,,,,,,,,,,,,,,,,,,,,,,,,,,,,,,,,,,,,,,,,,,,,,,,,Element_ERFD19CGCS.jpg,Element_ERFD19CGCS_1.jpg,Element_ERFD19CGCS_2.jpg,Element_ERFD19CGCS_3.jpg,Element_ERFD19CGCS_4.jpg,,,,,Element_ERFD19CGCS_Specification_Sheet.pdf,,,,,,,,,,,,,,,,,,
,,,,,,,Appliances,Large Appliances,Refrigerators,,LT18S2100W,LT18S2100W LG Fridge Wh,-- Unbranded --,-- No Unilog Brand --,-- No DIB Brand --,Appliance Dealers Cooperative (APPDE),LG Electronics USA Inc,LG,,LT18S2100W,,Appliances & Consumer Electronics>Refrigeration>Refrigerators,"LG Electronics USA Inc, LG, Refrigerator, LT18S2100W",REFRIGERATOR,"LG LT18S2100W Refrigerator With 2100 W, White","LG Refrigerator, 2100 W, White","Refrigerator, 2100 W, White",,Wattage: 2100 W,Color: White,Finish: White,,,,,,,,,,,,,,,,,,,,,,,Refrigerator,Wattage,2100,W,Color,White,,Finish,White,,,,,,,,,,,,,,,,,,,,,,,,,,,,,,,,,,,,,,,,,,,,,,,,,,,,,,,,,,,,,,,,,,,,,,,,,,,,,,,,,,,,,,,,,,,,,,,,,,,,,,,,,,,,,,,,,,,,,,,,,,,,,,,,,,,,,,,,,,,,,,,,,,,,,,,,,,,,,,,,,,LG_LT18S2100W.jpg,LG_LT18S2100W_1.jpg,LG_LT18S2100W_2.jpg,LG_LT18S2100W_3.jpg,LG_LT18S2100W_4.jpg,,,,,LG_LT18S2100W_Specification_Sheet.pdf,,,,,,,,,,,,,,,,,,
,,,,,,,Appliances,Large Appliances,Refrigerators,,LT18S2100SS,LT18S2100S 18CF LG Fridge SS,-- Unbranded --,-- No Unilog Brand --,-- No DIB Brand --,Appliance Dealers Cooperative (APPDE),LG Electronics USA Inc,LG,,LT18S2100SS,,Appliances & Consumer Electronics>Refrigeration>Refrigerators,"LG Electronics USA Inc, LG, Refrigerator, LT18S2100SS",REFRIGERATOR SST,LG LT18S2100SS Refrigerator With Stainless Steel,"LG Refrigerator, Stainless Steel","Refrigerator, Stainless Steel",,Material: Stainless Steel,Color: Stainless Steel,Finish: Stainless Steel,,,,,,,,,,,,,,,,,,,,,,,Refrigerator,Material,Stainless Steel,,Color,Stainless Steel,,Finish,Stainless Steel,,,,,,,,,,,,,,,,,,,,,,,,,,,,,,,,,,,,,,,,,,,,,,,,,,,,,,,,,,,,,,,,,,,,,,,,,,,,,,,,,,,,,,,,,,,,,,,,,,,,,,,,,,,,,,,,,,,,,,,,,,,,,,,,,,,,,,,,,,,,,,,,,,,,,,,,,,,,,,,,,,LG_LT18S2100SS.jpg,LG_LT18S2100SS_1.jpg,LG_LT18S2100SS_2.jpg,LG_LT18S2100SS_3.jpg,LG_LT18S2100SS_4.jpg,,,,,LG_LT18S2100SS_Specification_Sheet.pdf,,,,,,,,,,,,,,,,,,
,,,,,,,Appliances,Large Appliances,Freezers,,EUF17CDBW,EUF17CDBW Element 17CF Freezer - Upright,-- Unbranded --,-- No Unilog Brand --,-- No DIB Brand --,Appliance Dealers Cooperative (APPDE),Element Electronics,Element,,EUF17CDBW,,Appliances & Consumer Electronics>Refrigeration>Freezers,"Element Electronics, Element, Freezer, EUF17CDBW",FREEZER,Element EUF17CDBW Freezer,Element Freezer,Freezer,,,,,,,,,,,,,,,,,,,,,,,,,,,Freezer,,,,,,,,,,,,,,,,,,,,,,,,,,,,,,,,,,,,,,,,,,,,,,,,,,,,,,,,,,,,,,,,,,,,,,,,,,,,,,,,,,,,,,,,,,,,,,,,,,,,,,,,,,,,,,,,,,,,,,,,,,,,,,,,,,,,,,,,,,,,,,,,,,,,,,,,,,,,,,,,,,,,,,,,,,Element_EUF17CDBW.jpg,Element_EUF17CDBW_1.jpg,Element_EUF17CDBW_2.jpg,Element_EUF17CDBW_3.jpg,Element_EUF17CDBW_4.jpg,,,,,Element_EUF17CDBW_Specification_Sheet.pdf,,,,,,,,,,,,,,,,,,
,,,,,,,Appliances,Large Appliances,Freezers,,EUF21CDBW,EUF21CDBW Element 21CF Freezer - Upright,-- Unbranded --,-- No Unilog Brand --,-- No DIB Brand --,Appliance Dealers Cooperative (APPDE),Element Electronics,Element,,EUF21CDBW,,Appliances & Consumer Electronics>Refrigeration>Freezers,"Element Electronics, Element, Freezer, EUF21CDBW",FREEZER,Element EUF21CDBW Freezer,Element Freezer,Freezer,,,,,,,,,,,,,,,,,,,,,,,,,,,Freezer,,,,,,,,,,,,,,,,,,,,,,,,,,,,,,,,,,,,,,,,,,,,,,,,,,,,,,,,,,,,,,,,,,,,,,,,,,,,,,,,,,,,,,,,,,,,,,,,,,,,,,,,,,,,,,,,,,,,,,,,,,,,,,,,,,,,,,,,,,,,,,,,,,,,,,,,,,,,,,,,,,,,,,,,,,Element_EUF21CDBW.jpg,Element_EUF21CDBW_1.jpg,Element_EUF21CDBW_2.jpg,Element_EUF21CDBW_3.jpg,Element_EUF21CDBW_4.jpg,,,,,Element_EUF21CDBW_Specification_Sheet.pdf,,,,,,,,,,,,,,,,,,
,,,,,,,Power Tools,Power Tool Accessories,Hole Saws,,TP-1935,TP-1935 Hole Drilling System,-- Unbranded --,-- No Unilog Brand --,-- No DIB Brand --,-,,,,TP-1935,,Building & Hardware>Power Tools>Accessories>Hole Saws & Kits,"Hole Saw, TP-1935",HLE SAW,TP-1935 Hole Saw,Hole Saw,Hole Saw,,,,,,,,,,,,,,,,,,,,,,,,,,,Hole Saw,,,,,,,,,,,,,,,,,,,,,,,,,,,,,,,,,,,,,,,,,,,,,,,,,,,,,,,,,,,,,,,,,,,,,,,,,,,,,,,,,,,,,,,,,,,,,,,,,,,,,,,,,,,,,,,,,,,,,,,,,,,,,,,,,,,,,,,,,,,,,,,,,,,,,,,,,,,,,,,,,,,,,,,,,,,,,,,,,,,,,,,,,,,,,,,,,,,,,
,,,,,,,Hardware,Fasteners,Nails,,K527APBXR,"K527APBXR Senco .131x3"" SM BB - 500CT",-- Unbranded --,-- No Unilog Brand --,-- No DIB Brand --,Senco Products Inc (4650),SENCO Products Inc,SENCO,,K527APBXR,,Building & Hardware>Fasteners>Nails & Staples,"SENCO Products Inc, SENCO, Fastener, K527APBXR",FASTENER,"SENCO K527APBXR Fastener With .131 in x 3 in, 500 ct","SENCO Fastener, .131 in x 3 in, 500 ct","Fastener, .131 in x 3 in, 500 ct",,Size: .131 in x 3 in,Package Quantity: 500 ct,,,,,,,,,,,,,,,,,,,,,,,,Fastener,Size,.131 in x 3 in,,Package Quantity,500,ct,,,,,,,,,,,,,,,,,,,,,,,,,,,,,,,,,,,,,,,,,,,,,,,,,,,,,,,,,,,,,,,,,,,,,,,,,,,,,,,,,,,,,,,,,,,,,,,,,,,,,,,,,,,,,,,,,,,,,,,,,,,,,,,,,,,,,,,,,,,,,,,,,,,,,,,,,,,,,,,,,,,,SENCO_K527APBXR.jpg,SENCO_K527APBXR_1.jpg,SENCO_K527APBXR_2.jpg,SENCO_K527APBXR_3.jpg,SENCO_K527APBXR_4.jpg,,,,,SENCO_K527APBXR_Specification_Sheet.pdf,,,,,,,,,,,,,,,,,,
,,,,,,,Hardware,Fasteners,Nails,,603150,"603150 2-1/2"" Finish Nail 15GA - 4M",-- Unbranded --,-- No Unilog Brand --,-- No DIB Brand --,National Nail Corp (7439),National Nail Corporation,,,603150,,Building & Hardware>Fasteners>Nails & Staples,"National Nail Corporation, Fastener, 603150",FASTENER,603150 Fastener,Fastener,Fastener,,,,,,,,,,,,,,,,,,,,,,,,,,,Fastener,,,,,,,,,,,,,,,,,,,,,,,,,,,,,,,,,,,,,,,,,,,,,,,,,,,,,,,,,,,,,,,,,,,,,,,,,,,,,,,,,,,,,,,,,,,,,,,,,,,,,,,,,,,,,,,,,,,,,,,,,,,,,,,,,,,,,,,,,,,,,,,,,,,,,,,,,,,,,,,,,,,,,,,,,,,,,,,,,,,,,,,,,,,,,,,,,,,,,
,,,,,,,Hardware,Fasteners,Staples,,d10cnk,"D10CNK Prebena 1/2""x3/8"" - Staple",-- Unbranded --,-- No Unilog Brand --,-- No DIB Brand --,Prebena (PREBE),Prebena Inc,Prebena,,d10cnk,,Building & Hardware>Fasteners>Nails & Staples,"Prebena Inc, Prebena, Staple, d10cnk",STAPLE,Prebena d10cnk Staple With 1/2 in x 3 in,"Prebena Staple, 1/2 in x 3 in","Staple, 1/2 in x 3 in",,Size: 1/2 in x 3 in,,,,,,,,,,,,,,,,,,,,,,,,,Staple,Size,1/2 in x 3 in,,,,,,,,,,,,,,,,,,,,,,,,,,,,,,,,,,,,,,,,,,,,,,,,,,,,,,,,,,,,,,,,,,,,,,,,,,,,,,,,,,,,,,,,,,,,,,,,,,,,,,,,,,,,,,,,,,,,,,,,,,,,,,,,,,,,,,,,,,,,,,,,,,,,,,,,,,,,,,,,,,,,,,,,Prebena_d10cnk.jpg,Prebena_d10cnk_1.jpg,Prebena_d10cnk_2.jpg,Prebena_d10cnk_3.jpg,Prebena_d10cnk_4.jpg,,,,,Prebena_d10cnk_Specification_Sheet.pdf,,,,,,,,,,,,,,,,,,
,,,,,,,Hardware,Fasteners,Staples,,e28cnkha,"E28CNKHA Prebena 2/4""x1 1/8"" - Staple",-- Unbranded --,-- No Unilog Brand --,-- No DIB Brand --,Prebena (PREBE),Prebena Inc,Prebena,,e28cnkha,,Building & Hardware>Fasteners>Nails & Staples,"Prebena Inc, Prebena, Staple, e28cnkha",STAPLE,Prebena e28cnkha Staple With 2/4 in x 1 in,"Prebena Staple, 2/4 in x 1 in","Staple, 2/4 in x 1 in",,Size: 2/4 in x 1 in,,,,,,,,,,,,,,,,,,,,,,,,,Staple,Size,2/4 in x 1 in,,,,,,,,,,,,,,,,,,,,,,,,,,,,,,,,,,,,,,,,,,,,,,,,,,,,,,,,,,,,,,,,,,,,,,,,,,,,,,,,,,,,,,,,,,,,,,,,,,,,,,,,,,,,,,,,,,,,,,,,,,,,,,,,,,,,,,,,,,,,,,,,,,,,,,,,,,,,,,,,,,,,,,,,Prebena_e28cnkha.jpg,Prebena_e28cnkha_1.jpg,Prebena_e28cnkha_2.jpg,Prebena_e28cnkha_3.jpg,Prebena_e28cnkha_4.jpg,,,,,Prebena_e28cnkha_Specification_Sheet.pdf,,,,,,,,,,,,,,,,,,
,,,,,,,Home Improvement,Fans & Ventilation,Ceiling Fans,,51334,"51334 44"" Wh Gilmour Fan",-- Unbranded --,-- No Unilog Brand --,-- No DIB Brand --,Hunter Fan Co (4381),Hunter Fan Company,Gilmour,,51334,,Appliances & Consumer Electronics>Fans & Ventilation>Ceiling Fans,"Hunter Fan Company, Gilmour, Ceiling Fan, 51334",CLG FAN,Gilmour 51334 Ceiling Fan With White,"Gilmour Ceiling Fan, White","Ceiling Fan, White",,Finish: White,,,,,,,,,,,,,,,,,,,,,,,,,Ceiling Fan,Finish,White,,,,,,,,,,,,,,,,,,,,,,,,,,,,,,,,,,,,,,,,,,,,,,,,,,,,,,,,,,,,,,,,,,,,,,,,,,,,,,,,,,,,,,,,,,,,,,,,,,,,,,,,,,,,,,,,,,,,,,,,,,,,,,,,,,,,,,,,,,,,,,,,,,,,,,,,,,,,,,,,,,,,,,,,Gilmour_51334.jpg,Gilmour_51334_1.jpg,Gilmour_51334_2.jpg,Gilmour_51334_3.jpg,Gilmour_51334_4.jpg,,,,,Gilmour_51334_Specification_Sheet.pdf,,,,,,,,,,,,,,,,,,
,,,,,,,Home Improvement,Fans & Ventilation,Ceiling Fans,,59210,"59210 52"" BZ Sent Hunter Fan",-- Unbranded --,-- No Unilog Brand --,Hunter,Hunter Fan Co (4381),Hunter Fan Company,Hunter Fan,,59210,,Appliances & Consumer Electronics>Fans & Ventilation>Ceiling Fans,"Hunter Fan Company, Hunter Fan, Ceiling Fan, 59210",CLG FAN,Hunter Fan 59210 Ceiling Fan,Hunter Fan Ceiling Fan,Ceiling Fan,,,,,,,,,,,,,,,,,,,,,,,,,,,Ceiling Fan,,,,,,,,,,,,,,,,,,,,,,,,,,,,,,,,,,,,,,,,,,,,,,,,,,,,,,,,,,,,,,,,,,,,,,,,,,,,,,,,,,,,,,,,,,,,,,,,,,,,,,,,,,,,,,,,,,,,,,,,,,,,,,,,,,,,,,,,,,,,,,,,,,,,,,,,,,,,,,,,,,,,,,,,,,HunterFan_59210.jpg,HunterFan_59210_1.jpg,HunterFan_59210_2.jpg,HunterFan_59210_3.jpg,HunterFan_59210_4.jpg,,,,,HunterFan_59210_Specification_Sheet.pdf,,,,,,,,,,,,,,,,,,
,,,,,,,Home Improvement,Fans & Ventilation,Ceiling Fans,,52485,"52485 52"" MB Anisten Fan",-- Unbranded --,-- No Unilog Brand --,-- No DIB Brand --,Hunter Fan Co (4381),Hunter Fan Company,Hunter Fan,,52485,,Appliances & Consumer Electronics>Fans & Ventilation>Ceiling Fans,"Hunter Fan Company, Hunter Fan, Ceiling Fan, 52485",CLG FAN,Hunter Fan 52485 Ceiling Fan With Matte Black,"Hunter Fan Ceiling Fan, Matte Black","Ceiling Fan, Matte Black",,Finish: Matte Black,,,,,,,,,,,,,,,,,,,,,,,,,Ceiling Fan,Finish,Matte Black,,,,,,,,,,,,,,,,,,,,,,,,,,,,,,,,,,,,,,,,,,,,,,,,,,,,,,,,,,,,,,,,,,,,,,,,,,,,,,,,,,,,,,,,,,,,,,,,,,,,,,,,,,,,,,,,,,,,,,,,,,,,,,,,,,,,,,,,,,,,,,,,,,,,,,,,,,,,,,,,,,,,,,,,HunterFan_52485.jpg,HunterFan_52485_1.jpg,HunterFan_52485_2.jpg,HunterFan_52485_3.jpg,HunterFan_52485_4.jpg,,,,,HunterFan_52485_Specification_Sheet.pdf,,,,,,,,,,,,,,,,,,
,,,,,,,Home Improvement,Fans & Ventilation,Ceiling Fans,,52486,"52486 44"" MB Anisten Fan",-- Unbranded --,-- No Unilog Brand --,-- No DIB Brand --,Hunter Fan Co (4381),Hunter Fan Company,Hunter Fan,,52486,,Appliances & Consumer Electronics>Fans & Ventilation>Ceiling Fans,"Hunter Fan Company, Hunter Fan, Ceiling Fan, 52486",CLG FAN,Hunter Fan 52486 Ceiling Fan With Matte Black,"Hunter Fan Ceiling Fan, Matte Black","Ceiling Fan, Matte Black",,Finish: Matte Black,,,,,,,,,,,,,,,,,,,,,,,,,Ceiling Fan,Finish,Matte Black,,,,,,,,,,,,,,,,,,,,,,,,,,,,,,,,,,,,,,,,,,,,,,,,,,,,,,,,,,,,,,,,,,,,,,,,,,,,,,,,,,,,,,,,,,,,,,,,,,,,,,,,,,,,,,,,,,,,,,,,,,,,,,,,,,,,,,,,,,,,,,,,,,,,,,,,,,,,,,,,,,,,,,,,HunterFan_52486.jpg,HunterFan_52486_1.jpg,HunterFan_52486_2.jpg,HunterFan_52486_3.jpg,HunterFan_52486_4.jpg,,,,,HunterFan_52486_Specification_Sheet.pdf,,,,,,,,,,,,,,,,,,
,,,,,,,Home Improvement,Fans & Ventilation,Ceiling Fans,,52487,"52487 52"" WH Anisten Fan",-- Unbranded --,-- No Unilog Brand --,-- No DIB Brand --,Hunter Fan Co (4381),Hunter Fan Company,Hunter Fan,,52487,,Appliances & Consumer Electronics>Fans & Ventilation>Ceiling Fans,"Hunter Fan Company, Hunter Fan, Ceiling Fan, 52487",CLG FAN,Hunter Fan 52487 Ceiling Fan With White,"Hunter Fan Ceiling Fan, White","Ceiling Fan, White",,Finish: White,,,,,,,,,,,,,,,,,,,,,,,,,Ceiling Fan,Finish,White,,,,,,,,,,,,,,,,,,,,,,,,,,,,,,,,,,,,,,,,,,,,,,,,,,,,,,,,,,,,,,,,,,,,,,,,,,,,,,,,,,,,,,,,,,,,,,,,,,,,,,,,,,,,,,,,,,,,,,,,,,,,,,,,,,,,,,,,,,,,,,,,,,,,,,,,,,,,,,,,,,,,,,,,HunterFan_52487.jpg,HunterFan_52487_1.jpg,HunterFan_52487_2.jpg,HunterFan_52487_3.jpg,HunterFan_52487_4.jpg,,,,,HunterFan_52487_Specification_Sheet.pdf,,,,,,,,,,,,,,,,,,
,,,,,,,Home Improvement,Fans & Ventilation,Ceiling Fans,,52488,"52488 44"" WH Anisten Fan",-- Unbranded --,-- No Unilog Brand --,-- No DIB Brand --,Hunter Fan Co (4381),Hunter Fan Company,Hunter Fan,,52488,,Appliances & Consumer Electronics>Fans & Ventilation>Ceiling Fans,"Hunter Fan Company, Hunter Fan, Ceiling Fan, 52488",CLG FAN,Hunter Fan 52488 Ceiling Fan With White,"Hunter Fan Ceiling Fan, White","Ceiling Fan, White",,Finish: White,,,,,,,,,,,,,,,,,,,,,,,,,Ceiling Fan,Finish,White,,,,,,,,,,,,,,,,,,,,,,,,,,,,,,,,,,,,,,,,,,,,,,,,,,,,,,,,,,,,,,,,,,,,,,,,,,,,,,,,,,,,,,,,,,,,,,,,,,,,,,,,,,,,,,,,,,,,,,,,,,,,,,,,,,,,,,,,,,,,,,,,,,,,,,,,,,,,,,,,,,,,,,,,HunterFan_52488.jpg,HunterFan_52488_1.jpg,HunterFan_52488_2.jpg,HunterFan_52488_3.jpg,HunterFan_52488_4.jpg,,,,,HunterFan_52488_Specification_Sheet.pdf,,,,,,,,,,,,,,,,,,
,,,,,,,Home Improvement,Fans & Ventilation,Ceiling Fans,,52655,"52655 52"" MB Xidane Hunter Fan",-- Unbranded --,-- No Unilog Brand --,-- No DIB Brand --,Hunter Fan Co (4381),Hunter Fan Company,Hunter Fan,,52655,,Appliances & Consumer Electronics>Fans & Ventilation>Ceiling Fans,"Hunter Fan Company, Hunter Fan, Ceiling Fan, 52655",CLG FAN,Hunter Fan 52655 Ceiling Fan With Matte Black,"Hunter Fan Ceiling Fan, Matte Black","Ceiling Fan, Matte Black",,Finish: Matte Black,,,,,,,,,,,,,,,,,,,,,,,,,Ceiling Fan,Finish,Matte Black,,,,,,,,,,,,,,,,,,,,,,,,,,,,,,,,,,,,,,,,,,,,,,,,,,,,,,,,,,,,,,,,,,,,,,,,,,,,,,,,,,,,,,,,,,,,,,,,,,,,,,,,,,,,,,,,,,,,,,,,,,,,,,,,,,,,,,,,,,,,,,,,,,,,,,,,,,,,,,,,,,,,,,,,HunterFan_52655.jpg,HunterFan_52655_1.jpg,HunterFan_52655_2.jpg,HunterFan_52655_3.jpg,HunterFan_52655_4.jpg,,,,,HunterFan_52655_Specification_Sheet.pdf,,,,,,,,,,,,,,,,,,
,,,,,,,Home Improvement,Fans & Ventilation,Ceiling Fans,,59261,"59261 52"" PB Cassius Fan",-- Unbranded --,-- No Unilog Brand --,-- No DIB Brand --,Hunter Fan Co (4381),Hunter Fan Company,Hunter Fan,,59261,,Appliances & Consumer Electronics>Fans & Ventilation>Ceiling Fans,"Hunter Fan Company, Hunter Fan, Ceiling Fan, 59261",CLG FAN,Hunter Fan 59261 Ceiling Fan,Hunter Fan Ceiling Fan,Ceiling Fan,,,,,,,,,,,,,,,,,,,,,,,,,,,Ceiling Fan,,,,,,,,,,,,,,,,,,,,,,,,,,,,,,,,,,,,,,,,,,,,,,,,,,,,,,,,,,,,,,,,,,,,,,,,,,,,,,,,,,,,,,,,,,,,,,,,,,,,,,,,,,,,,,,,,,,,,,,,,,,,,,,,,,,,,,,,,,,,,,,,,,,,,,,,,,,,,,,,,,,,,,,,,,HunterFan_59261.jpg,HunterFan_59261_1.jpg,HunterFan_59261_2.jpg,HunterFan_59261_3.jpg,HunterFan_59261_4.jpg,,,,,HunterFan_59261_Specification_Sheet.pdf,,,,,,,,,,,,,,,,,,
,,,,,,,Home Improvement,Fans & Ventilation,Ceiling Fans,,51731,"51731 52"" MB Jetty Hunter Fan",-- Unbranded --,-- No Unilog Brand --,-- No DIB Brand --,Hunter Fan Co (4381),Hunter Fan Company,Hunter Fan,,51731,,Appliances & Consumer Electronics>Fans & Ventilation>Ceiling Fans,"Hunter Fan Company, Hunter Fan, Ceiling Fan, 51731",CLG FAN,Hunter Fan 51731 Ceiling Fan With Matte Black,"Hunter Fan Ceiling Fan, Matte Black","Ceiling Fan, Matte Black",,Finish: Matte Black,,,,,,,,,,,,,,,,,,,,,,,,,Ceiling Fan,Finish,Matte Black,,,,,,,,,,,,,,,,,,,,,,,,,,,,,,,,,,,,,,,,,,,,,,,,,,,,,,,,,,,,,,,,,,,,,,,,,,,,,,,,,,,,,,,,,,,,,,,,,,,,,,,,,,,,,,,,,,,,,,,,,,,,,,,,,,,,,,,,,,,,,,,,,,,,,,,,,,,,,,,,,,,,,,,,HunterFan_51731.jpg,HunterFan_51731_1.jpg,HunterFan_51731_2.jpg,HunterFan_51731_3.jpg,HunterFan_51731_4.jpg,,,,,HunterFan_51731_Specification_Sheet.pdf,,,,,,,,,,,,,,,,,,
,,,,,,,Power Tools,Power Tools,Vacuums & Dust Extractors,,XLC10ZW,XLC10ZW Makita 18V Cordless Vacuum (Bare),-- Unbranded --,-- No Unilog Brand --,-- No DIB Brand --,Makita Usa Inc (5142),Makita U.S.A. Inc.,Makita,,XLC10ZW,,Building & Hardware>Power Tools>Blowers & Vacuums,"Makita U.S.A. Inc., Makita, Vacuum, XLC10ZW",VACUUM,Makita XLC10ZW Vacuum,Makita Vacuum,Vacuum,,,,,,,,,,,,,,,,,,,,,,,,,,,Vacuum,,,,,,,,,,,,,,,,,,,,,,,,,,,,,,,,,,,,,,,,,,,,,,,,,,,,,,,,,,,,,,,,,,,,,,,,,,,,,,,,,,,,,,,,,,,,,,,,,,,,,,,,,,,,,,,,,,,,,,,,,,,,,,,,,,,,,,,,,,,,,,,,,,,,,,,,,,,,,,,,,,,,,,,,,,Makita_XLC10ZW.jpg,Makita_XLC10ZW_1.jpg,Makita_XLC10ZW_2.jpg,Makita_XLC10ZW_3.jpg,Makita_XLC10ZW_4.jpg,,,,,Makita_XLC10ZW_Specification_Sheet.pdf,,,,,,,,,,,,,,,,,,
,,,,,,,Lighting,Outdoor Lighting,Motion Sensors & Alerts,,HS-DA,HS-DA Motion Driveway Alert,-- Unbranded --,-- No Unilog Brand --,-- No DIB Brand --,Sabre (9195),Sabre,Sabre,,HS-DA,,Lighting>Outdoor Lighting>Motion Sensors,"Sabre, Sabre, Motion Alert, HS-DA",MOTN ALERT,Sabre HS-DA Motion Alert,Sabre Motion Alert,Motion Alert,,,,,,,,,,,,,,,,,,,,,,,,,,,Motion Alert,,,,,,,,,,,,,,,,,,,,,,,,,,,,,,,,,,,,,,,,,,,,,,,,,,,,,,,,,,,,,,,,,,,,,,,,,,,,,,,,,,,,,,,,,,,,,,,,,,,,,,,,,,,,,,,,,,,,,,,,,,,,,,,,,,,,,,,,,,,,,,,,,,,,,,,,,,,,,,,,,,,,,,,,,,Sabre_HS-DA.jpg,Sabre_HS-DA_1.jpg,Sabre_HS-DA_2.jpg,Sabre_HS-DA_3.jpg,Sabre_HS-DA_4.jpg,,,,,Sabre_HS-DA_Specification_Sheet.pdf,,,,,,,,,,,,,,,,,,
,,,,,,,Building Materials,Decking & Railing,Railing Gates,,73002252,Black Gate Gravity Latch RDI,-- Unbranded --,-- No Unilog Brand --,-- No DIB Brand --,-,,,,73002252,,Building & Hardware>Decking & Railing>Railing Gates,"Railing Gate, 73002252",RLG GATE,73002252 Railing Gate With Black,"Railing Gate, Black","Railing Gate, Black",,Color: Black,,,,,,,,,,,,,,,,,,,,,,,,,Railing Gate,Color,Black,,,,,,,,,,,,,,,,,,,,,,,,,,,,,,,,,,,,,,,,,,,,,,,,,,,,,,,,,,,,,,,,,,,,,,,,,,,,,,,,,,,,,,,,,,,,,,,,,,,,,,,,,,,,,,,,,,,,,,,,,,,,,,,,,,,,,,,,,,,,,,,,,,,,,,,,,,,,,,,,,,,,,,,,,,,,,,,,,,,,,,,,,,,,,,,,,,,
,,,,,,,Hardware,Worksite Supplies,Work Bottles,,48-22-8396R,48-22-8396R Milw 24oz Bottle - Insulated,-- Unbranded --,-- No Unilog Brand --,-- No DIB Brand --,Milwaukee Accessory (4031),Milwaukee Electric Tool Corporation,MILWAUKEE®,,48-22-8396R,,Building & Hardware>Worksite Supplies>Drinkware,"Milwaukee Electric Tool Corporation, MILWAUKEE®, Insulated Bottle, 48-22-8396R",INSULATED BTL,MILWAUKEE® 48-22-8396R Insulated Bottle,MILWAUKEE® Insulated Bottle,Insulated Bottle,,,,,,,,,,,,,,,,,,,,,,,,,,,Insulated Bottle,,,,,,,,,,,,,,,,,,,,,,,,,,,,,,,,,,,,,,,,,,,,,,,,,,,,,,,,,,,,,,,,,,,,,,,,,,,,,,,,,,,,,,,,,,,,,,,,,,,,,,,,,,,,,,,,,,,,,,,,,,,,,,,,,,,,,,,,,,,,,,,,,,,,,,,,,,,,,,,,,,,,,,,,,,MILWAUKEE_48-22-8396R.jpg,MILWAUKEE_48-22-8396R_1.jpg,MILWAUKEE_48-22-8396R_2.jpg,MILWAUKEE_48-22-8396R_3.jpg,MILWAUKEE_48-22-8396R_4.jpg,,,,,MILWAUKEE_48-22-8396R_Specification_Sheet.pdf,,,,,,,,,,,,,,,,,,
,,,,,,,Hardware,Worksite Supplies,Work Bottles,,48-22-8397R,48-22-8397R Milw 36oz Bottle - Insulated,-- Unbranded --,-- No Unilog Brand --,-- No DIB Brand --,Milwaukee Accessory (4031),Milwaukee Electric Tool Corporation,MILWAUKEE®,,48-22-8397R,,Building & Hardware>Worksite Supplies>Drinkware,"Milwaukee Electric Tool Corporation, MILWAUKEE®, Insulated Bottle, 48-22-8397R",INSULATED BTL,MILWAUKEE® 48-22-8397R Insulated Bottle,MILWAUKEE® Insulated Bottle,Insulated Bottle,,,,,,,,,,,,,,,,,,,,,,,,,,,Insulated Bottle,,,,,,,,,,,,,,,,,,,,,,,,,,,,,,,,,,,,,,,,,,,,,,,,,,,,,,,,,,,,,,,,,,,,,,,,,,,,,,,,,,,,,,,,,,,,,,,,,,,,,,,,,,,,,,,,,,,,,,,,,,,,,,,,,,,,,,,,,,,,,,,,,,,,,,,,,,,,,,,,,,,,,,,,,,MILWAUKEE_48-22-8397R.jpg,MILWAUKEE_48-22-8397R_1.jpg,MILWAUKEE_48-22-8397R_2.jpg,MILWAUKEE_48-22-8397R_3.jpg,MILWAUKEE_48-22-8397R_4.jpg,,,,,MILWAUKEE_48-22-8397R_Specification_Sheet.pdf,,,,,,,,,,,,,,,,,,
,,,,,,,Power Tools,Power Tools,Grease Guns,,DCGG581B,DCGG581B Dewalt 20V Grease Gun 2-Speed,-- Unbranded --,-- No Unilog Brand --,-- No DIB Brand --,Black & Decker/dewlt (2585),Stanley Black & Decker Inc,DEWALT,,DCGG581B,,Building & Hardware>Power Tools>Grease Guns,"Stanley Black & Decker Inc, DEWALT, Grease Gun, DCGG581B",GRS GUN,DEWALT DCGG581B Grease Gun,DEWALT Grease Gun,Grease Gun,,,,,,,,,,,,,,,,,,,,,,,,,,,Grease Gun,,,,,,,,,,,,,,,,,,,,,,,,,,,,,,,,,,,,,,,,,,,,,,,,,,,,,,,,,,,,,,,,,,,,,,,,,,,,,,,,,,,,,,,,,,,,,,,,,,,,,,,,,,,,,,,,,,,,,,,,,,,,,,,,,,,,,,,,,,,,,,,,,,,,,,,,,,,,,,,,,,,,,,,,,,DEWALT_DCGG581B.jpg,DEWALT_DCGG581B_1.jpg,DEWALT_DCGG581B_2.jpg,DEWALT_DCGG581B_3.jpg,DEWALT_DCGG581B_4.jpg,,,,,DEWALT_DCGG581B_Specification_Sheet.pdf,,,,,,,,,,,,,,,,,,
,,,,,,,Power Tools,Power Tools,Grease Guns,,DCGG581GD1,DCGG581GD1 Dewalt 20V Grease Gun 2-Speed Kit,-- Unbranded --,-- No Unilog Brand --,-- No DIB Brand --,Black & Decker/dewlt (2585),Stanley Black & Decker Inc,DEWALT,,DCGG581GD1,,Building & Hardware>Power Tools>Grease Guns,"Stanley Black & Decker Inc, DEWALT, Grease Gun, DCGG581GD1",GRS GUN,DEWALT DCGG581GD1 Grease Gun,DEWALT Grease Gun,Grease Gun,,,,,,,,,,,,,,,,,,,,,,,,,,,Grease Gun,,,,,,,,,,,,,,,,,,,,,,,,,,,,,,,,,,,,,,,,,,,,,,,,,,,,,,,,,,,,,,,,,,,,,,,,,,,,,,,,,,,,,,,,,,,,,,,,,,,,,,,,,,,,,,,,,,,,,,,,,,,,,,,,,,,,,,,,,,,,,,,,,,,,,,,,,,,,,,,,,,,,,,,,,,DEWALT_DCGG581GD1.jpg,DEWALT_DCGG581GD1_1.jpg,DEWALT_DCGG581GD1_2.jpg,DEWALT_DCGG581GD1_3.jpg,DEWALT_DCGG581GD1_4.jpg,,,,,DEWALT_DCGG581GD1_Specification_Sheet.pdf,,,,,,,,,,,,,,,,,,
,,,,,,,Power Tools,Power Tool Accessories,Tool Storage & Organization,,DWST41092,"DWST41092 Dewalt Tool Chest 41"" Bottom",-- Unbranded --,-- No Unilog Brand --,-- No DIB Brand --,Black & Decker/dewlt (2585),Stanley Black & Decker Inc,DEWALT,,DWST41092,,Building & Hardware>Power Tools>Accessories>Tool Storage & Organization,"Stanley Black & Decker Inc, DEWALT, Tool Chest, DWST41092",TOOL CHEST,DEWALT DWST41092 Tool Chest,DEWALT Tool Chest,Tool Chest,,,,,,,,,,,,,,,,,,,,,,,,,,,Tool Chest,,,,,,,,,,,,,,,,,,,,,,,,,,,,,,,,,,,,,,,,,,,,,,,,,,,,,,,,,,,,,,,,,,,,,,,,,,,,,,,,,,,,,,,,,,,,,,,,,,,,,,,,,,,,,,,,,,,,,,,,,,,,,,,,,,,,,,,,,,,,,,,,,,,,,,,,,,,,,,,,,,,,,,,,,,DEWALT_DWST41092.jpg,DEWALT_DWST41092_1.jpg,DEWALT_DWST41092_2.jpg,DEWALT_DWST41092_3.jpg,DEWALT_DWST41092_4.jpg,,,,,DEWALT_DWST41092_Specification_Sheet.pdf,,,,,,,,,,,,,,,,,,
,,,,,,,Building Materials,Decking & Railing,Posts & Post Sleeves,,156436WHT,156436 Wh 4x4x120 Post Wrap,DSI Westbury,-- No Unilog Brand --,-- No DIB Brand --,Palmer Donavin Mfg Company (PALDO),Palmer Donavin Manufacturing Co,DSI Westbury,,156436WHT,,Building & Hardware>Decking & Railing>Posts & Post Sleeves,"Palmer Donavin Manufacturing Co, DSI Westbury, Post Sleeve, 156436WHT",PST SLV,"DSI Westbury 156436WHT Post Sleeve With 4 in, White","DSI Westbury Post Sleeve, 4 in, White","Post Sleeve, 4 in, White",,Size: 4 in,Finish: White,,,,,,,,,,,,,,,,,,,,,,,,Post Sleeve,Size,4 in,,Finish,White,,,,,,,,,,,,,,,,,,,,,,,,,,,,,,,,,,,,,,,,,,,,,,,,,,,,,,,,,,,,,,,,,,,,,,,,,,,,,,,,,,,,,,,,,,,,,,,,,,,,,,,,,,,,,,,,,,,,,,,,,,,,,,,,,,,,,,,,,,,,,,,,,,,,,,,,,,,,,,,,,,,,,DSIWestbury_156436WHT.jpg,DSIWestbury_156436WHT_1.jpg,DSIWestbury_156436WHT_2.jpg,DSIWestbury_156436WHT_3.jpg,DSIWestbury_156436WHT_4.jpg,,,,,DSIWestbury_156436WHT_Specification_Sheet.pdf,,,,,,,,,,,,,,,,,,
,,,,,,,Building Materials,Decking & Railing,Posts & Post Sleeves,,173950TBK,"4""x8'-6"" DSI SQ Black Alum Post Wrap",-- Unbranded --,-- No Unilog Brand --,-- No DIB Brand --,Palmer Donavin Mfg Company (PALDO),Palmer Donavin Manufacturing Co,,,173950TBK,,Building & Hardware>Decking & Railing>Posts & Post Sleeves,"Palmer Donavin Manufacturing Co, Post Sleeve, 173950TBK",PST SLV ALUM,"173950TBK Post Sleeve With 4 in x 8 in, Aluminum, Black","Post Sleeve, 4 in x 8 in, Aluminum, Black","Post Sleeve, 4 in x 8 in, Aluminum, Black",,Size: 4 in x 8 in,Material: Aluminum,Color: Black,,,,,,,,,,,,,,,,,,,,,,,Post Sleeve,Size,4 in x 8 in,,Material,Aluminum,,Color,Black,,,,,,,,,,,,,,,,,,,,,,,,,,,,,,,,,,,,,,,,,,,,,,,,,,,,,,,,,,,,,,,,,,,,,,,,,,,,,,,,,,,,,,,,,,,,,,,,,,,,,,,,,,,,,,,,,,,,,,,,,,,,,,,,,,,,,,,,,,,,,,,,,,,,,,,,,,,,,,,,,,,,,,,,,,,,,,,,,,,,,,,,,,,,,
,,,,,,,Building Materials,Decking & Railing,Posts & Post Sleeves,,173951TBK,"6""x8'-6"" DSI SQ Black Alum Post Wrap",-- Unbranded --,-- No Unilog Brand --,-- No DIB Brand --,Palmer Donavin Mfg Company (PALDO),Palmer Donavin Manufacturing Co,,,173951TBK,,Building & Hardware>Decking & Railing>Posts & Post Sleeves,"Palmer Donavin Manufacturing Co, Post Sleeve, 173951TBK",PST SLV ALUM,"173951TBK Post Sleeve With 6 in x 8 in, Aluminum, Black","Post Sleeve, 6 in x 8 in, Aluminum, Black","Post Sleeve, 6 in x 8 in, Aluminum, Black",,Size: 6 in x 8 in,Material: Aluminum,Color: Black,,,,,,,,,,,,,,,,,,,,,,,Post Sleeve,Size,6 in x 8 in,,Material,Aluminum,,Color,Black,,,,,,,,,,,,,,,,,,,,,,,,,,,,,,,,,,,,,,,,,,,,,,,,,,,,,,,,,,,,,,,,,,,,,,,,,,,,,,,,,,,,,,,,,,,,,,,,,,,,,,,,,,,,,,,,,,,,,,,,,,,,,,,,,,,,,,,,,,,,,,,,,,,,,,,,,,,,,,,,,,,,,,,,,,,,,,,,,,,,,,,,,,,,,
,,,,,,,Building Materials,Decking & Railing,Posts & Post Sleeves,,173952TBK,"6""x10' DSI SQ Black Alum Post Wrap",-- Unbranded --,-- No Unilog Brand --,-- No DIB Brand --,Palmer Donavin Mfg Company (PALDO),Palmer Donavin Manufacturing Co,,,173952TBK,,Building & Hardware>Decking & Railing>Posts & Post Sleeves,"Palmer Donavin Manufacturing Co, Post Sleeve, 173952TBK",PST SLV ALUM,"173952TBK Post Sleeve With 6 in x 10 in, Aluminum, Black","Post Sleeve, 6 in x 10 in, Aluminum, Black","Post Sleeve, 6 in x 10 in, Aluminum, Black",,Size: 6 in x 10 in,Material: Aluminum,Color: Black,,,,,,,,,,,,,,,,,,,,,,,Post Sleeve,Size,6 in x 10 in,,Material,Aluminum,,Color,Black,,,,,,,,,,,,,,,,,,,,,,,,,,,,,,,,,,,,,,,,,,,,,,,,,,,,,,,,,,,,,,,,,,,,,,,,,,,,,,,,,,,,,,,,,,,,,,,,,,,,,,,,,,,,,,,,,,,,,,,,,,,,,,,,,,,,,,,,,,,,,,,,,,,,,,,,,,,,,,,,,,,,,,,,,,,,,,,,,,,,,,,,,,,,,
,,,,,,,Windows & Doors,Windows,Window Trim & Casing,,1624157,TW52 WH INSIDE CAS VIN WRAPPED,ANDERSEN,-- No Unilog Brand --,-- No DIB Brand --,-,Andersen,Andersen,,1624157,,Doors & Windows>Windows>Window Trim & Casing,"Andersen, Andersen, Window Casing, 1624157",WINDOW CASING,Andersen 1624157 Window Casing With White,"Andersen Window Casing, White","Window Casing, White",,Finish: White,,,,,,,,,,,,,,,,,,,,,,,,,Window Casing,Finish,White,,,,,,,,,,,,,,,,,,,,,,,,,,,,,,,,,,,,,,,,,,,,,,,,,,,,,,,,,,,,,,,,,,,,,,,,,,,,,,,,,,,,,,,,,,,,,,,,,,,,,,,,,,,,,,,,,,,,,,,,,,,,,,,,,,,,,,,,,,,,,,,,,,,,,,,,,,,,,,,,,,,,,,,,Andersen_1624157.jpg,Andersen_1624157_1.jpg,Andersen_1624157_2.jpg,Andersen_1624157_3.jpg,Andersen_1624157_4.jpg,,,,,Andersen_1624157_Specification_Sheet.pdf,,,,,,,,,,,,,,,,,,
,,,,,,,Hand Tools,Hand Tools,Measuring Tools,,40025,40025 TS-54 Wal-Board T-Square 009-008,-- Unbranded --,-- No Unilog Brand --,-- No DIB Brand --,Marshalltown Trowel (5155),Marshalltown Company,,,40025,,Building & Hardware>Hand Tools>Measuring & Layout,"Marshalltown Company, Measuring Tool, 40025",MSR TOOL,40025 Measuring Tool,Measuring Tool,Measuring Tool,,,,,,,,,,,,,,,,,,,,,,,,,,,Measuring Tool,,,,,,,,,,,,,,,,,,,,,,,,,,,,,,,,,,,,,,,,,,,,,,,,,,,,,,,,,,,,,,,,,,,,,,,,,,,,,,,,,,,,,,,,,,,,,,,,,,,,,,,,,,,,,,,,,,,,,,,,,,,,,,,,,,,,,,,,,,,,,,,,,,,,,,,,,,,,,,,,,,,,,,,,,,,,,,,,,,,,,,,,,,,,,,,,,,,,,
,,,,,,,Hand Tools,Hand Tools,Marking Tools,,48-22-3301,48-22-3301 Milw Mechanical Pencil w/ Lead Pack,-- Unbranded --,-- No Unilog Brand --,-- No DIB Brand --,Milwaukee Accessory (4031),Milwaukee Electric Tool Corporation,MILWAUKEE®,,48-22-3301,,Building & Hardware>Hand Tools>Marking Tools,"Milwaukee Electric Tool Corporation, MILWAUKEE®, Marking Pencil, 48-22-3301",MARKING PNCL,MILWAUKEE® 48-22-3301 Marking Pencil,MILWAUKEE® Marking Pencil,Marking Pencil,,,,,,,,,,,,,,,,,,,,,,,,,,,Marking Pencil,,,,,,,,,,,,,,,,,,,,,,,,,,,,,,,,,,,,,,,,,,,,,,,,,,,,,,,,,,,,,,,,,,,,,,,,,,,,,,,,,,,,,,,,,,,,,,,,,,,,,,,,,,,,,,,,,,,,,,,,,,,,,,,,,,,,,,,,,,,,,,,,,,,,,,,,,,,,,,,,,,,,,,,,,,MILWAUKEE_48-22-3301.jpg,MILWAUKEE_48-22-3301_1.jpg,MILWAUKEE_48-22-3301_2.jpg,MILWAUKEE_48-22-3301_3.jpg,MILWAUKEE_48-22-3301_4.jpg,,,,,MILWAUKEE_48-22-3301_Specification_Sheet.pdf,,,,,,,,,,,,,,,,,,
,,,,,,,Hand Tools,Hand Tools,Marking Tools,,48-22-3302,48-22-3302 Milw Mechanical Pencil Replacement Lead,-- Unbranded --,-- No Unilog Brand --,-- No DIB Brand --,Milwaukee Accessory (4031),Milwaukee Electric Tool Corporation,MILWAUKEE®,,48-22-3302,,Building & Hardware>Hand Tools>Marking Tools,"Milwaukee Electric Tool Corporation, MILWAUKEE®, Marking Pencil, 48-22-3302",MARKING PNCL,MILWAUKEE® 48-22-3302 Marking Pencil,MILWAUKEE® Marking Pencil,Marking Pencil,,,,,,,,,,,,,,,,,,,,,,,,,,,Marking Pencil,,,,,,,,,,,,,,,,,,,,,,,,,,,,,,,,,,,,,,,,,,,,,,,,,,,,,,,,,,,,,,,,,,,,,,,,,,,,,,,,,,,,,,,,,,,,,,,,,,,,,,,,,,,,,,,,,,,,,,,,,,,,,,,,,,,,,,,,,,,,,,,,,,,,,,,,,,,,,,,,,,,,,,,,,,MILWAUKEE_48-22-3302.jpg,MILWAUKEE_48-22-3302_1.jpg,MILWAUKEE_48-22-3302_2.jpg,MILWAUKEE_48-22-3302_3.jpg,MILWAUKEE_48-22-3302_4.jpg,,,,,MILWAUKEE_48-22-3302_Specification_Sheet.pdf,,,,,,,,,,,,,,,,,,
,,,,,,,Hand Tools,Hand Tools,Marking Tools,,48-22-3303,48-22-3303 Milw Mechanical Pencil Replacement Lead-Color,-- Unbranded --,-- No Unilog Brand --,-- No DIB Brand --,Milwaukee Accessory (4031),Milwaukee Electric Tool Corporation,MILWAUKEE®,,48-22-3303,,Building & Hardware>Hand Tools>Marking Tools,"Milwaukee Electric Tool Corporation, MILWAUKEE®, Marking Pencil, 48-22-3303",MARKING PNCL,MILWAUKEE® 48-22-3303 Marking Pencil,MILWAUKEE® Marking Pencil,Marking Pencil,,,,,,,,,,,,,,,,,,,,,,,,,,,Marking Pencil,,,,,,,,,,,,,,,,,,,,,,,,,,,,,,,,,,,,,,,,,,,,,,,,,,,,,,,,,,,,,,,,,,,,,,,,,,,,,,,,,,,,,,,,,,,,,,,,,,,,,,,,,,,,,,,,,,,,,,,,,,,,,,,,,,,,,,,,,,,,,,,,,,,,,,,,,,,,,,,,,,,,,,,,,,MILWAUKEE_48-22-3303.jpg,MILWAUKEE_48-22-3303_1.jpg,MILWAUKEE_48-22-3303_2.jpg,MILWAUKEE_48-22-3303_3.jpg,MILWAUKEE_48-22-3303_4.jpg,,,,,MILWAUKEE_48-22-3303_Specification_Sheet.pdf,,,,,,,,,,,,,,,,,,
,,,,,,,Safety,Eye Protection,Safety Glasses,,TSDKAP218-G2,TSDKAP218-G2 Edge Safety - Khor Black Frame Polarized,-- Unbranded --,-- No Unilog Brand --,-- No DIB Brand --,Edge Eyewear Inc (EDGSA),Edge Eyewear Inc,EDGE Eyewear,,TSDKAP218-G2,,Janitorial & Sanitation>Safety>Eye Protection,"Edge Eyewear Inc, EDGE Eyewear, Safety Glasses, TSDKAP218-G2",SFY GLS,EDGE Eyewear TSDKAP218-G2 Safety Glasses With Black,"EDGE Eyewear Safety Glasses, Black","Safety Glasses, Black",,Color: Black,,,,,,,,,,,,,,,,,,,,,,,,,Safety Glasses,Color,Black,,,,,,,,,,,,,,,,,,,,,,,,,,,,,,,,,,,,,,,,,,,,,,,,,,,,,,,,,,,,,,,,,,,,,,,,,,,,,,,,,,,,,,,,,,,,,,,,,,,,,,,,,,,,,,,,,,,,,,,,,,,,,,,,,,,,,,,,,,,,,,,,,,,,,,,,,,,,,,,,,,,,,,,,EDGEEyewear_TSDKAP218-G2.jpg,EDGEEyewear_TSDKAP218-G2_1.jpg,EDGEEyewear_TSDKAP218-G2_2.jpg,EDGEEyewear_TSDKAP218-G2_3.jpg,EDGEEyewear_TSDKAP218-G2_4.jpg,,,,,EDGEEyewear_TSDKAP218-G2_Specification_Sheet.pdf,,,,,,,,,,,,,,,,,,
,,,,,,,Safety,Eye Protection,Safety Glasses,,XPAP418,XPAP418 Edge Safety Glasses - Pumori Black Frame,-- Unbranded --,-- No Unilog Brand --,-- No DIB Brand --,Edge Eyewear Inc (EDGSA),Edge Eyewear Inc,EDGE Eyewear,,XPAP418,,Janitorial & Sanitation>Safety>Eye Protection,"Edge Eyewear Inc, EDGE Eyewear, Safety Glasses, XPAP418",SFY GLS,EDGE Eyewear XPAP418 Safety Glasses With Black,"EDGE Eyewear Safety Glasses, Black","Safety Glasses, Black",,Color: Black,,,,,,,,,,,,,,,,,,,,,,,,,Safety Glasses,Color,Black,,,,,,,,,,,,,,,,,,,,,,,,,,,,,,,,,,,,,,,,,,,,,,,,,,,,,,,,,,,,,,,,,,,,,,,,,,,,,,,,,,,,,,,,,,,,,,,,,,,,,,,,,,,,,,,,,,,,,,,,,,,,,,,,,,,,,,,,,,,,,,,,,,,,,,,,,,,,,,,,,,,,,,,,EDGEEyewear_XPAP418.jpg,EDGEEyewear_XPAP418_1.jpg,EDGEEyewear_XPAP418_2.jpg,EDGEEyewear_XPAP418_3.jpg,EDGEEyewear_XPAP418_4.jpg,,,,,EDGEEyewear_XPAP418_Specification_Sheet.pdf,,,,,,,,,,,,,,,,,,
,,,,,,,Safety,Eye Protection,Safety Glasses,,XDAP419,XDAP419 Edge Safety Glasses - Dawson Black Frame Red Lenses,-- Unbranded --,-- No Unilog Brand --,-- No DIB Brand --,Edge Eyewear Inc (EDGSA),Edge Eyewear Inc,EDGE Eyewear,,XDAP419,,Janitorial & Sanitation>Safety>Eye Protection,"Edge Eyewear Inc, EDGE Eyewear, Safety Glasses, XDAP419",SFY GLS,EDGE Eyewear XDAP419 Safety Glasses With Black,"EDGE Eyewear Safety Glasses, Black","Safety Glasses, Black",,Color: Black,,,,,,,,,,,,,,,,,,,,,,,,,Safety Glasses,Color,Black,,,,,,,,,,,,,,,,,,,,,,,,,,,,,,,,,,,,,,,,,,,,,,,,,,,,,,,,,,,,,,,,,,,,,,,,,,,,,,,,,,,,,,,,,,,,,,,,,,,,,,,,,,,,,,,,,,,,,,,,,,,,,,,,,,,,,,,,,,,,,,,,,,,,,,,,,,,,,,,,,,,,,,,,EDGEEyewear_XDAP419.jpg,EDGEEyewear_XDAP419_1.jpg,EDGEEyewear_XDAP419_2.jpg,EDGEEyewear_XDAP419_3.jpg,EDGEEyewear_XDAP419_4.jpg,,,,,EDGEEyewear_XDAP419_Specification_Sheet.pdf,,,,,,,,,,,,,,,,,,
,,,,,,,Safety,Eye Protection,Safety Glasses,,XB11PCVS,XB11PCVS Edge Safety Glasses - Photochromic Lense,-- Unbranded --,-- No Unilog Brand --,-- No DIB Brand --,Edge Eyewear Inc (EDGSA),Edge Eyewear Inc,EDGE Eyewear,,XB11PCVS,,Janitorial & Sanitation>Safety>Eye Protection,"Edge Eyewear Inc, EDGE Eyewear, Safety Glasses, XB11PCVS",SFY GLS,EDGE Eyewear XB11PCVS Safety Glasses,EDGE Eyewear Safety Glasses,Safety Glasses,,,,,,,,,,,,,,,,,,,,,,,,,,,Safety Glasses,,,,,,,,,,,,,,,,,,,,,,,,,,,,,,,,,,,,,,,,,,,,,,,,,,,,,,,,,,,,,,,,,,,,,,,,,,,,,,,,,,,,,,,,,,,,,,,,,,,,,,,,,,,,,,,,,,,,,,,,,,,,,,,,,,,,,,,,,,,,,,,,,,,,,,,,,,,,,,,,,,,,,,,,,,EDGEEyewear_XB11PCVS.jpg,EDGEEyewear_XB11PCVS_1.jpg,EDGEEyewear_XB11PCVS_2.jpg,EDGEEyewear_XB11PCVS_3.jpg,EDGEEyewear_XB11PCVS_4.jpg,,,,,EDGEEyewear_XB11PCVS_Specification_Sheet.pdf,,,,,,,,,,,,,,,,,,
,,,,,,,Safety,Eye Protection,Safety Glasses,,KB121VS,KB121VS Edge Safety Glasses - Kabru Black Frame,-- Unbranded --,-- No Unilog Brand --,-- No DIB Brand --,Edge Eyewear Inc (EDGSA),Edge Eyewear Inc,EDGE Eyewear,,KB121VS,,Janitorial & Sanitation>Safety>Eye Protection,"Edge Eyewear Inc, EDGE Eyewear, Safety Glasses, KB121VS",SFY GLS,EDGE Eyewear KB121VS Safety Glasses With Black,"EDGE Eyewear Safety Glasses, Black","Safety Glasses, Black",,Color: Black,,,,,,,,,,,,,,,,,,,,,,,,,Safety Glasses,Color,Black,,,,,,,,,,,,,,,,,,,,,,,,,,,,,,,,,,,,,,,,,,,,,,,,,,,,,,,,,,,,,,,,,,,,,,,,,,,,,,,,,,,,,,,,,,,,,,,,,,,,,,,,,,,,,,,,,,,,,,,,,,,,,,,,,,,,,,,,,,,,,,,,,,,,,,,,,,,,,,,,,,,,,,,,EDGEEyewear_KB121VS.jpg,EDGEEyewear_KB121VS_1.jpg,EDGEEyewear_KB121VS_2.jpg,EDGEEyewear_KB121VS_3.jpg,EDGEEyewear_KB121VS_4.jpg,,,,,EDGEEyewear_KB121VS_Specification_Sheet.pdf,,,,,,,,,,,,,,,,,,
,,,,,,,Safety,Eye Protection,Safety Glasses,,KB126VS,KB126VS Edge Safety Glasses - Kabru Black Frame,-- Unbranded --,-- No Unilog Brand --,-- No DIB Brand --,Edge Eyewear Inc (EDGSA),Edge Eyewear Inc,EDGE Eyewear,,KB126VS,,Janitorial & Sanitation>Safety>Eye Protection,"Edge Eyewear Inc, EDGE Eyewear, Safety Glasses, KB126VS",SFY GLS,EDGE Eyewear KB126VS Safety Glasses With Black,"EDGE Eyewear Safety Glasses, Black","Safety Glasses, Black",,Color: Black,,,,,,,,,,,,,,,,,,,,,,,,,Safety Glasses,Color,Black,,,,,,,,,,,,,,,,,,,,,,,,,,,,,,,,,,,,,,,,,,,,,,,,,,,,,,,,,,,,,,,,,,,,,,,,,,,,,,,,,,,,,,,,,,,,,,,,,,,,,,,,,,,,,,,,,,,,,,,,,,,,,,,,,,,,,,,,,,,,,,,,,,,,,,,,,,,,,,,,,,,,,,,,EDGEEyewear_KB126VS.jpg,EDGEEyewear_KB126VS_1.jpg,EDGEEyewear_KB126VS_2.jpg,EDGEEyewear_KB126VS_3.jpg,EDGEEyewear_KB126VS_4.jpg,,,,,EDGEEyewear_KB126VS_Specification_Sheet.pdf,,,,,,,,,,,,,,,,,,
,,,,,,,Safety,Eye Protection,Safety Glasses,,TC121VS,TC121VS Edge Safety Glasses - Tacana Black Frame,-- Unbranded --,-- No Unilog Brand --,-- No DIB Brand --,Edge Eyewear Inc (EDGSA),Edge Eyewear Inc,EDGE Eyewear,,TC121VS,,Janitorial & Sanitation>Safety>Eye Protection,"Edge Eyewear Inc, EDGE Eyewear, Safety Glasses, TC121VS",SFY GLS,EDGE Eyewear TC121VS Safety Glasses With Black,"EDGE Eyewear Safety Glasses, Black","Safety Glasses, Black",,Color: Black,,,,,,,,,,,,,,,,,,,,,,,,,Safety Glasses,Color,Black,,,,,,,,,,,,,,,,,,,,,,,,,,,,,,,,,,,,,,,,,,,,,,,,,,,,,,,,,,,,,,,,,,,,,,,,,,,,,,,,,,,,,,,,,,,,,,,,,,,,,,,,,,,,,,,,,,,,,,,,,,,,,,,,,,,,,,,,,,,,,,,,,,,,,,,,,,,,,,,,,,,,,,,,EDGEEyewear_TC121VS.jpg,EDGEEyewear_TC121VS_1.jpg,EDGEEyewear_TC121VS_2.jpg,EDGEEyewear_TC121VS_3.jpg,EDGEEyewear_TC121VS_4.jpg,,,,,EDGEEyewear_TC121VS_Specification_Sheet.pdf,,,,,,,,,,,,,,,,,,
,,,,,,,Safety,Eye Protection,Safety Glasses,,TC126VS,TC126VS Edge Safety Glasses - Tacana Black Frame,-- Unbranded --,-- No Unilog Brand --,-- No DIB Brand --,Edge Eyewear Inc (EDGSA),Edge Eyewear Inc,EDGE Eyewear,,TC126VS,,Janitorial & Sanitation>Safety>Eye Protection,"Edge Eyewear Inc, EDGE Eyewear, Safety Glasses, TC126VS",SFY GLS,EDGE Eyewear TC126VS Safety Glasses With Black,"EDGE Eyewear Safety Glasses, Black","Safety Glasses, Black",,Color: Black,,,,,,,,,,,,,,,,,,,,,,,,,Safety Glasses,Color,Black,,,,,,,,,,,,,,,,,,,,,,,,,,,,,,,,,,,,,,,,,,,,,,,,,,,,,,,,,,,,,,,,,,,,,,,,,,,,,,,,,,,,,,,,,,,,,,,,,,,,,,,,,,,,,,,,,,,,,,,,,,,,,,,,,,,,,,,,,,,,,,,,,,,,,,,,,,,,,,,,,,,,,,,,EDGEEyewear_TC126VS.jpg,EDGEEyewear_TC126VS_1.jpg,EDGEEyewear_TC126VS_2.jpg,EDGEEyewear_TC126VS_3.jpg,EDGEEyewear_TC126VS_4.jpg,,,,,EDGEEyewear_TC126VS_Specification_Sheet.pdf,,,,,,,,,,,,,,,,,,
,,,,,,,Safety,Eye Protection,Safety Glasses,,MK113MPAP,MK113MPAP Edge Safety Glasses - Makalu Black Frame Polarized,-- Unbranded --,-- No Unilog Brand --,-- No DIB Brand --,Edge Eyewear Inc (EDGSA),Edge Eyewear Inc,EDGE Eyewear,,MK113MPAP,,Janitorial & Sanitation>Safety>Eye Protection,"Edge Eyewear Inc, EDGE Eyewear, Safety Glasses, MK113MPAP",SFY GLS,EDGE Eyewear MK113MPAP Safety Glasses With Black,"EDGE Eyewear Safety Glasses, Black","Safety Glasses, Black",,Color: Black,,,,,,,,,,,,,,,,,,,,,,,,,Safety Glasses,Color,Black,,,,,,,,,,,,,,,,,,,,,,,,,,,,,,,,,,,,,,,,,,,,,,,,,,,,,,,,,,,,,,,,,,,,,,,,,,,,,,,,,,,,,,,,,,,,,,,,,,,,,,,,,,,,,,,,,,,,,,,,,,,,,,,,,,,,,,,,,,,,,,,,,,,,,,,,,,,,,,,,,,,,,,,,EDGEEyewear_MK113MPAP.jpg,EDGEEyewear_MK113MPAP_1.jpg,EDGEEyewear_MK113MPAP_2.jpg,EDGEEyewear_MK113MPAP_3.jpg,EDGEEyewear_MK113MPAP_4.jpg,,,,,EDGEEyewear_MK113MPAP_Specification_Sheet.pdf,,,,,,,,,,,,,,,,,,
,,,,,,,Safety,Eye Protection,Safety Glasses,,LS117MPAP,LS117MPAP Edge Safety Glasses - Lassen Black Frame Polarized,-- Unbranded --,-- No Unilog Brand --,-- No DIB Brand --,Edge Eyewear Inc (EDGSA),Edge Eyewear Inc,EDGE Eyewear,,LS117MPAP,,Janitorial & Sanitation>Safety>Eye Protection,"Edge Eyewear Inc, EDGE Eyewear, Safety Glasses, LS117MPAP",SFY GLS,EDGE Eyewear LS117MPAP Safety Glasses With Black,"EDGE Eyewear Safety Glasses, Black","Safety Glasses, Black",,Color: Black,,,,,,,,,,,,,,,,,,,,,,,,,Safety Glasses,Color,Black,,,,,,,,,,,,,,,,,,,,,,,,,,,,,,,,,,,,,,,,,,,,,,,,,,,,,,,,,,,,,,,,,,,,,,,,,,,,,,,,,,,,,,,,,,,,,,,,,,,,,,,,,,,,,,,,,,,,,,,,,,,,,,,,,,,,,,,,,,,,,,,,,,,,,,,,,,,,,,,,,,,,,,,,EDGEEyewear_LS117MPAP.jpg,EDGEEyewear_LS117MPAP_1.jpg,EDGEEyewear_LS117MPAP_2.jpg,EDGEEyewear_LS117MPAP_3.jpg,EDGEEyewear_LS117MPAP_4.jpg,,,,,EDGEEyewear_LS117MPAP_Specification_Sheet.pdf,,,,,,,,,,,,,,,,,,
,,,,,,,Safety,Fire Safety,Fire Extinguishers,,FE-EFX-6L,FEEFX6L Lith Fire Extinguisher,-- Unbranded --,-- No Unilog Brand --,-- No DIB Brand --,Ohio Firewatch Protection Inc (HOLFS),Ohio Firewatch Protection Inc,,,FE-EFX-6L,,Janitorial & Sanitation>Safety>Fire Extinguishers,"Ohio Firewatch Protection Inc, Fire Extinguisher, FE-EFX-6L",EXTNGR,FE-EFX-6L Fire Extinguisher,Fire Extinguisher,Fire Extinguisher,,,,,,,,,,,,,,,,,,,,,,,,,,,Fire Extinguisher,,,,,,,,,,,,,,,,,,,,,,,,,,,,,,,,,,,,,,,,,,,,,,,,,,,,,,,,,,,,,,,,,,,,,,,,,,,,,,,,,,,,,,,,,,,,,,,,,,,,,,,,,,,,,,,,,,,,,,,,,,,,,,,,,,,,,,,,,,,,,,,,,,,,,,,,,,,,,,,,,,,,,,,,,,,,,,,,,,,,,,,,,,,,,,,,,,,,,
,,,,,,,Safety,Fire Safety,Fire Extinguishers,,FE-EFX-9L,FEEFX9L Lith Fire Extinguisher,-- Unbranded --,-- No Unilog Brand --,-- No DIB Brand --,Ohio Firewatch Protection Inc (HOLFS),Ohio Firewatch Protection Inc,,,FE-EFX-9L,,Janitorial & Sanitation>Safety>Fire Extinguishers,"Ohio Firewatch Protection Inc, Fire Extinguisher, FE-EFX-9L",EXTNGR,FE-EFX-9L Fire Extinguisher,Fire Extinguisher,Fire Extinguisher,,,,,,,,,,,,,,,,,,,,,,,,,,,Fire Extinguisher,,,,,,,,,,,,,,,,,,,,,,,,,,,,,,,,,,,,,,,,,,,,,,,,,,,,,,,,,,,,,,,,,,,,,,,,,,,,,,,,,,,,,,,,,,,,,,,,,,,,,,,,,,,,,,,,,,,,,,,,,,,,,,,,,,,,,,,,,,,,,,,,,,,,,,,,,,,,,,,,,,,,,,,,,,,,,,,,,,,,,,,,,,,,,,,,,,,,,
,,,,,,,Safety,Fire Safety,Smoke & CO Alarms,,1046793,1046793 Smoke & CO Alarm,-- Unbranded --,-- No Unilog Brand --,First Alert,First Alert - B R K Brands (2754),BRK Brands Inc,FIRST ALERT,,1046793,,Janitorial & Sanitation>Safety>Smoke & CO Alarms,"BRK Brands Inc, FIRST ALERT, Smoke & CO Alarm, 1046793",SMK & CO ALRM,FIRST ALERT 1046793 Smoke & CO Alarm,FIRST ALERT Smoke & CO Alarm,Smoke & CO Alarm,,,,,,,,,,,,,,,,,,,,,,,,,,,Smoke & CO Alarm,,,,,,,,,,,,,,,,,,,,,,,,,,,,,,,,,,,,,,,,,,,,,,,,,,,,,,,,,,,,,,,,,,,,,,,,,,,,,,,,,,,,,,,,,,,,,,,,,,,,,,,,,,,,,,,,,,,,,,,,,,,,,,,,,,,,,,,,,,,,,,,,,,,,,,,,,,,,,,,,,,,,,,,,,,FIRSTALERT_1046793.jpg,FIRSTALERT_1046793_1.jpg,FIRSTALERT_1046793_2.jpg,FIRSTALERT_1046793_3.jpg,FIRSTALERT_1046793_4.jpg,,,,,FIRSTALERT_1046793_Specification_Sheet.pdf,,,,,,,,,,,,,,,,,,
,,,,,,,Safety,Fire Safety,Smoke & CO Alarms,,1046870,1046870 Smoke & CO Alarm,-- Unbranded --,-- No Unilog Brand --,BRK,First Alert - B R K Brands (2754),BRK Brands Inc,BRK,,1046870,,Janitorial & Sanitation>Safety>Smoke & CO Alarms,"BRK Brands Inc, BRK, Smoke & CO Alarm, 1046870",SMK & CO ALRM,BRK 1046870 Smoke & CO Alarm,BRK Smoke & CO Alarm,Smoke & CO Alarm,,,,,,,,,,,,,,,,,,,,,,,,,,,Smoke & CO Alarm,,,,,,,,,,,,,,,,,,,,,,,,,,,,,,,,,,,,,,,,,,,,,,,,,,,,,,,,,,,,,,,,,,,,,,,,,,,,,,,,,,,,,,,,,,,,,,,,,,,,,,,,,,,,,,,,,,,,,,,,,,,,,,,,,,,,,,,,,,,,,,,,,,,,,,,,,,,,,,,,,,,,,,,,,,BRK_1046870.jpg,BRK_1046870_1.jpg,BRK_1046870_2.jpg,BRK_1046870_3.jpg,BRK_1046870_4.jpg,,,,,BRK_1046870_Specification_Sheet.pdf,,,,,,,,,,,,,,,,,,
,,,,,,,Safety,Hand Protection,Gloves,,M701B-21L,M701B-21L Milw L Black Heated Work Glove Liners,-- Unbranded --,-- No Unilog Brand --,-- No DIB Brand --,Milwaukee Accessory (4031),Milwaukee Electric Tool Corporation,MILWAUKEE®,,M701B-21L,,Janitorial & Sanitation>Safety>Hand Protection,"Milwaukee Electric Tool Corporation, MILWAUKEE®, Gloves, M701B-21L",GLVS,MILWAUKEE® M701B-21L Gloves With Black,"MILWAUKEE® Gloves, Black","Gloves, Black",,Color: Black,,,,,,,,,,,,,,,,,,,,,,,,,Gloves,Color,Black,,,,,,,,,,,,,,,,,,,,,,,,,,,,,,,,,,,,,,,,,,,,,,,,,,,,,,,,,,,,,,,,,,,,,,,,,,,,,,,,,,,,,,,,,,,,,,,,,,,,,,,,,,,,,,,,,,,,,,,,,,,,,,,,,,,,,,,,,,,,,,,,,,,,,,,,,,,,,,,,,,,,,,,,MILWAUKEE_M701B-21L.jpg,MILWAUKEE_M701B-21L_1.jpg,MILWAUKEE_M701B-21L_2.jpg,MILWAUKEE_M701B-21L_3.jpg,MILWAUKEE_M701B-21L_4.jpg,,,,,MILWAUKEE_M701B-21L_Specification_Sheet.pdf,,,,,,,,,,,,,,,,,,
,,,,,,,Safety,Hand Protection,Gloves,,M701B-21M,M701B-21M Milw M Black Heated Work Glove Liners,-- Unbranded --,-- No Unilog Brand --,-- No DIB Brand --,Milwaukee Accessory (4031),Milwaukee Electric Tool Corporation,MILWAUKEE®,,M701B-21M,,Janitorial & Sanitation>Safety>Hand Protection,"Milwaukee Electric Tool Corporation, MILWAUKEE®, Gloves, M701B-21M",GLVS,MILWAUKEE® M701B-21M Gloves With Black,"MILWAUKEE® Gloves, Black","Gloves, Black",,Color: Black,,,,,,,,,,,,,,,,,,,,,,,,,Gloves,Color,Black,,,,,,,,,,,,,,,,,,,,,,,,,,,,,,,,,,,,,,,,,,,,,,,,,,,,,,,,,,,,,,,,,,,,,,,,,,,,,,,,,,,,,,,,,,,,,,,,,,,,,,,,,,,,,,,,,,,,,,,,,,,,,,,,,,,,,,,,,,,,,,,,,,,,,,,,,,,,,,,,,,,,,,,,MILWAUKEE_M701B-21M.jpg,MILWAUKEE_M701B-21M_1.jpg,MILWAUKEE_M701B-21M_2.jpg,MILWAUKEE_M701B-21M_3.jpg,MILWAUKEE_M701B-21M_4.jpg,,,,,MILWAUKEE_M701B-21M_Specification_Sheet.pdf,,,,,,,,,,,,,,,,,,
,,,,,,,Safety,Hand Protection,Gloves,,M701B-21S,M701B-21S Milw S Black Heated Work Glove Liners,-- Unbranded --,-- No Unilog Brand --,-- No DIB Brand --,Milwaukee Accessory (4031),Milwaukee Electric Tool Corporation,MILWAUKEE®,,M701B-21S,,Janitorial & Sanitation>Safety>Hand Protection,"Milwaukee Electric Tool Corporation, MILWAUKEE®, Gloves, M701B-21S",GLVS,MILWAUKEE® M701B-21S Gloves With Black,"MILWAUKEE® Gloves, Black","Gloves, Black",,Color: Black,,,,,,,,,,,,,,,,,,,,,,,,,Gloves,Color,Black,,,,,,,,,,,,,,,,,,,,,,,,,,,,,,,,,,,,,,,,,,,,,,,,,,,,,,,,,,,,,,,,,,,,,,,,,,,,,,,,,,,,,,,,,,,,,,,,,,,,,,,,,,,,,,,,,,,,,,,,,,,,,,,,,,,,,,,,,,,,,,,,,,,,,,,,,,,,,,,,,,,,,,,,MILWAUKEE_M701B-21S.jpg,MILWAUKEE_M701B-21S_1.jpg,MILWAUKEE_M701B-21S_2.jpg,MILWAUKEE_M701B-21S_3.jpg,MILWAUKEE_M701B-21S_4.jpg,,,,,MILWAUKEE_M701B-21S_Specification_Sheet.pdf,,,,,,,,,,,,,,,,,,
,,,,,,,Safety,Hand Protection,Gloves,,M701B-21XL,M701B-21XL Milw XL Black Heated Work Glove Liners,-- Unbranded --,-- No Unilog Brand --,-- No DIB Brand --,Milwaukee Accessory (4031),Milwaukee Electric Tool Corporation,MILWAUKEE®,,M701B-21XL,,Janitorial & Sanitation>Safety>Hand Protection,"Milwaukee Electric Tool Corporation, MILWAUKEE®, Gloves, M701B-21XL",GLVS,MILWAUKEE® M701B-21XL Gloves With Black,"MILWAUKEE® Gloves, Black","Gloves, Black",,Color: Black,,,,,,,,,,,,,,,,,,,,,,,,,Gloves,Color,Black,,,,,,,,,,,,,,,,,,,,,,,,,,,,,,,,,,,,,,,,,,,,,,,,,,,,,,,,,,,,,,,,,,,,,,,,,,,,,,,,,,,,,,,,,,,,,,,,,,,,,,,,,,,,,,,,,,,,,,,,,,,,,,,,,,,,,,,,,,,,,,,,,,,,,,,,,,,,,,,,,,,,,,,,MILWAUKEE_M701B-21XL.jpg,MILWAUKEE_M701B-21XL_1.jpg,MILWAUKEE_M701B-21XL_2.jpg,MILWAUKEE_M701B-21XL_3.jpg,MILWAUKEE_M701B-21XL_4.jpg,,,,,MILWAUKEE_M701B-21XL_Specification_Sheet.pdf,,,,,,,,,,,,,,,,,,
,,,,,,,Safety,Hand Protection,Gloves,,MWUG42010124,UTW Pro Heated Glove Blk XS,-- Unbranded --,-- No Unilog Brand --,-- No DIB Brand --,Tech Gear 5.7 Inc (TECGE),Tech Gear 5.7 Inc,,,MWUG42010124,,Janitorial & Sanitation>Safety>Hand Protection,"Tech Gear 5.7 Inc, Gloves, MWUG42010124",GLVS,MWUG42010124 Gloves With Black,"Gloves, Black","Gloves, Black",,Finish: Black,,,,,,,,,,,,,,,,,,,,,,,,,Gloves,Finish,Black,,,,,,,,,,,,,,,,,,,,,,,,,,,,,,,,,,,,,,,,,,,,,,,,,,,,,,,,,,,,,,,,,,,,,,,,,,,,,,,,,,,,,,,,,,,,,,,,,,,,,,,,,,,,,,,,,,,,,,,,,,,,,,,,,,,,,,,,,,,,,,,,,,,,,,,,,,,,,,,,,,,,,,,,,,,,,,,,,,,,,,,,,,,,,,,,,,,
,,,,,,,Safety,Hand Protection,Gloves,,MWUG42010224,UTW Pro Heated Glove Blk SM,-- Unbranded --,-- No Unilog Brand --,-- No DIB Brand --,Tech Gear 5.7 Inc (TECGE),Tech Gear 5.7 Inc,,,MWUG42010224,,Janitorial & Sanitation>Safety>Hand Protection,"Tech Gear 5.7 Inc, Gloves, MWUG42010224",GLVS,MWUG42010224 Gloves With Black,"Gloves, Black","Gloves, Black",,Finish: Black,,,,,,,,,,,,,,,,,,,,,,,,,Gloves,Finish,Black,,,,,,,,,,,,,,,,,,,,,,,,,,,,,,,,,,,,,,,,,,,,,,,,,,,,,,,,,,,,,,,,,,,,,,,,,,,,,,,,,,,,,,,,,,,,,,,,,,,,,,,,,,,,,,,,,,,,,,,,,,,,,,,,,,,,,,,,,,,,,,,,,,,,,,,,,,,,,,,,,,,,,,,,,,,,,,,,,,,,,,,,,,,,,,,,,,,
,,,,,,,Safety,Hand Protection,Gloves,,MWUG42010324,UTW Pro Heated Glove Blk MD,-- Unbranded --,-- No Unilog Brand --,-- No DIB Brand --,Tech Gear 5.7 Inc (TECGE),Tech Gear 5.7 Inc,,,MWUG42010324,,Janitorial & Sanitation>Safety>Hand Protection,"Tech Gear 5.7 Inc, Gloves, MWUG42010324",GLVS,MWUG42010324 Gloves With Black,"Gloves, Black","Gloves, Black",,Finish: Black,,,,,,,,,,,,,,,,,,,,,,,,,Gloves,Finish,Black,,,,,,,,,,,,,,,,,,,,,,,,,,,,,,,,,,,,,,,,,,,,,,,,,,,,,,,,,,,,,,,,,,,,,,,,,,,,,,,,,,,,,,,,,,,,,,,,,,,,,,,,,,,,,,,,,,,,,,,,,,,,,,,,,,,,,,,,,,,,,,,,,,,,,,,,,,,,,,,,,,,,,,,,,,,,,,,,,,,,,,,,,,,,,,,,,,,
,,,,,,,Safety,Hand Protection,Gloves,,MWUG42010424,UTW Pro Heated Glove Blk LG,-- Unbranded --,-- No Unilog Brand --,-- No DIB Brand --,Tech Gear 5.7 Inc (TECGE),Tech Gear 5.7 Inc,LG,,MWUG42010424,,Janitorial & Sanitation>Safety>Hand Protection,"Tech Gear 5.7 Inc, LG, Gloves, MWUG42010424",GLVS,LG MWUG42010424 Gloves With Black,"LG Gloves, Black","Gloves, Black",,Finish: Black,,,,,,,,,,,,,,,,,,,,,,,,,Gloves,Finish,Black,,,,,,,,,,,,,,,,,,,,,,,,,,,,,,,,,,,,,,,,,,,,,,,,,,,,,,,,,,,,,,,,,,,,,,,,,,,,,,,,,,,,,,,,,,,,,,,,,,,,,,,,,,,,,,,,,,,,,,,,,,,,,,,,,,,,,,,,,,,,,,,,,,,,,,,,,,,,,,,,,,,,,,,,LG_MWUG42010424.jpg,LG_MWUG42010424_1.jpg,LG_MWUG42010424_2.jpg,LG_MWUG42010424_3.jpg,LG_MWUG42010424_4.jpg,,,,,LG_MWUG42010424_Specification_Sheet.pdf,,,,,,,,,,,,,,,,,,
,,,,,,,Safety,Hand Protection,Gloves,,MWUG42010524,UTW Pro Heated Glove Blk XL,-- Unbranded --,-- No Unilog Brand --,-- No DIB Brand --,Tech Gear 5.7 Inc (TECGE),Tech Gear 5.7 Inc,,,MWUG42010524,,Janitorial & Sanitation>Safety>Hand Protection,"Tech Gear 5.7 Inc, Gloves, MWUG42010524",GLVS,MWUG42010524 Gloves With Black,"Gloves, Black","Gloves, Black",,Finish: Black,,,,,,,,,,,,,,,,,,,,,,,,,Gloves,Finish,Black,,,,,,,,,,,,,,,,,,,,,,,,,,,,,,,,,,,,,,,,,,,,,,,,,,,,,,,,,,,,,,,,,,,,,,,,,,,,,,,,,,,,,,,,,,,,,,,,,,,,,,,,,,,,,,,,,,,,,,,,,,,,,,,,,,,,,,,,,,,,,,,,,,,,,,,,,,,,,,,,,,,,,,,,,,,,,,,,,,,,,,,,,,,,,,,,,,,
,,,,,,,Safety,Hand Protection,Gloves,,MWUG42010624,UTW Pro Heated Glove Blk 2X,-- Unbranded --,-- No Unilog Brand --,-- No DIB Brand --,Tech Gear 5.7 Inc (TECGE),Tech Gear 5.7 Inc,,,MWUG42010624,,Janitorial & Sanitation>Safety>Hand Protection,"Tech Gear 5.7 Inc, Gloves, MWUG42010624",GLVS,MWUG42010624 Gloves With Black,"Gloves, Black","Gloves, Black",,Finish: Black,,,,,,,,,,,,,,,,,,,,,,,,,Gloves,Finish,Black,,,,,,,,,,,,,,,,,,,,,,,,,,,,,,,,,,,,,,,,,,,,,,,,,,,,,,,,,,,,,,,,,,,,,,,,,,,,,,,,,,,,,,,,,,,,,,,,,,,,,,,,,,,,,,,,,,,,,,,,,,,,,,,,,,,,,,,,,,,,,,,,,,,,,,,,,,,,,,,,,,,,,,,,,,,,,,,,,,,,,,,,,,,,,,,,,,,
,,,,,,,Safety,Hand Protection,Gloves,,MWUG36010225,MWUG36010225 BLK SM Aerial Snow Heated Glove,-- Unbranded --,-- No Unilog Brand --,-- No DIB Brand --,Tech Gear 5.7 Inc (TECGE),Tech Gear 5.7 Inc,,,MWUG36010225,,Janitorial & Sanitation>Safety>Hand Protection,"Tech Gear 5.7 Inc, Gloves, MWUG36010225",GLVS,MWUG36010225 Gloves With Black,"Gloves, Black","Gloves, Black",,Finish: Black,,,,,,,,,,,,,,,,,,,,,,,,,Gloves,Finish,Black,,,,,,,,,,,,,,,,,,,,,,,,,,,,,,,,,,,,,,,,,,,,,,,,,,,,,,,,,,,,,,,,,,,,,,,,,,,,,,,,,,,,,,,,,,,,,,,,,,,,,,,,,,,,,,,,,,,,,,,,,,,,,,,,,,,,,,,,,,,,,,,,,,,,,,,,,,,,,,,,,,,,,,,,,,,,,,,,,,,,,,,,,,,,,,,,,,,
,,,,,,,Safety,Hand Protection,Gloves,,MWUG36010325,MWUG36010325 BLK MD Aerial Snow Heated Glove,-- Unbranded --,-- No Unilog Brand --,-- No DIB Brand --,Tech Gear 5.7 Inc (TECGE),Tech Gear 5.7 Inc,,,MWUG36010325,,Janitorial & Sanitation>Safety>Hand Protection,"Tech Gear 5.7 Inc, Gloves, MWUG36010325",GLVS,MWUG36010325 Gloves With Black,"Gloves, Black","Gloves, Black",,Finish: Black,,,,,,,,,,,,,,,,,,,,,,,,,Gloves,Finish,Black,,,,,,,,,,,,,,,,,,,,,,,,,,,,,,,,,,,,,,,,,,,,,,,,,,,,,,,,,,,,,,,,,,,,,,,,,,,,,,,,,,,,,,,,,,,,,,,,,,,,,,,,,,,,,,,,,,,,,,,,,,,,,,,,,,,,,,,,,,,,,,,,,,,,,,,,,,,,,,,,,,,,,,,,,,,,,,,,,,,,,,,,,,,,,,,,,,,
,,,,,,,Safety,Hand Protection,Gloves,,MWUG36010425,MWUG36010425 BLK LG Aerial Snow Heated Glove,-- Unbranded --,-- No Unilog Brand --,-- No DIB Brand --,Tech Gear 5.7 Inc (TECGE),Tech Gear 5.7 Inc,LG,,MWUG36010425,,Janitorial & Sanitation>Safety>Hand Protection,"Tech Gear 5.7 Inc, LG, Gloves, MWUG36010425",GLVS,LG MWUG36010425 Gloves With Black,"LG Gloves, Black","Gloves, Black",,Finish: Black,,,,,,,,,,,,,,,,,,,,,,,,,Gloves,Finish,Black,,,,,,,,,,,,,,,,,,,,,,,,,,,,,,,,,,,,,,,,,,,,,,,,,,,,,,,,,,,,,,,,,,,,,,,,,,,,,,,,,,,,,,,,,,,,,,,,,,,,,,,,,,,,,,,,,,,,,,,,,,,,,,,,,,,,,,,,,,,,,,,,,,,,,,,,,,,,,,,,,,,,,,,,LG_MWUG36010425.jpg,LG_MWUG36010425_1.jpg,LG_MWUG36010425_2.jpg,LG_MWUG36010425_3.jpg,LG_MWUG36010425_4.jpg,,,,,LG_MWUG36010425_Specification_Sheet.pdf,,,,,,,,,,,,,,,,,,
,,,,,,,Safety,Hand Protection,Gloves,,MWUG36010525,MWUG36010525 BLK XL Aerial Snow Heated Glove,-- Unbranded --,-- No Unilog Brand --,-- No DIB Brand --,Tech Gear 5.7 Inc (TECGE),Tech Gear 5.7 Inc,,,MWUG36010525,,Janitorial & Sanitation>Safety>Hand Protection,"Tech Gear 5.7 Inc, Gloves, MWUG36010525",GLVS,MWUG36010525 Gloves With Black,"Gloves, Black","Gloves, Black",,Finish: Black,,,,,,,,,,,,,,,,,,,,,,,,,Gloves,Finish,Black,,,,,,,,,,,,,,,,,,,,,,,,,,,,,,,,,,,,,,,,,,,,,,,,,,,,,,,,,,,,,,,,,,,,,,,,,,,,,,,,,,,,,,,,,,,,,,,,,,,,,,,,,,,,,,,,,,,,,,,,,,,,,,,,,,,,,,,,,,,,,,,,,,,,,,,,,,,,,,,,,,,,,,,,,,,,,,,,,,,,,,,,,,,,,,,,,,,
,,,,,,,Safety,Hand Protection,Gloves,,MWUG36010625,MWUG36010625 BLK 2X Aerial Snow Heated Glove,-- Unbranded --,-- No Unilog Brand --,-- No DIB Brand --,Tech Gear 5.7 Inc (TECGE),Tech Gear 5.7 Inc,,,MWUG36010625,,Janitorial & Sanitation>Safety>Hand Protection,"Tech Gear 5.7 Inc, Gloves, MWUG36010625",GLVS,MWUG36010625 Gloves With Black,"Gloves, Black","Gloves, Black",,Finish: Black,,,,,,,,,,,,,,,,,,,,,,,,,Gloves,Finish,Black,,,,,,,,,,,,,,,,,,,,,,,,,,,,,,,,,,,,,,,,,,,,,,,,,,,,,,,,,,,,,,,,,,,,,,,,,,,,,,,,,,,,,,,,,,,,,,,,,,,,,,,,,,,,,,,,,,,,,,,,,,,,,,,,,,,,,,,,,,,,,,,,,,,,,,,,,,,,,,,,,,,,,,,,,,,,,,,,,,,,,,,,,,,,,,,,,,,
,,,,,,,Safety,Hearing Protection,Hearing Protectors,,DPG15,DPG15 Dewalt AM/FM Hearing Protector,-- Unbranded --,-- No Unilog Brand --,-- No DIB Brand --,Radians (7363),Radians Inc,DEWALT,,DPG15,,Janitorial & Sanitation>Safety>Hearing Protection,"Radians Inc, DEWALT, Hearing Protector, DPG15",HNG PRTCT,DEWALT DPG15 Hearing Protector,DEWALT Hearing Protector,Hearing Protector,,,,,,,,,,,,,,,,,,,,,,,,,,,Hearing Protector,,,,,,,,,,,,,,,,,,,,,,,,,,,,,,,,,,,,,,,,,,,,,,,,,,,,,,,,,,,,,,,,,,,,,,,,,,,,,,,,,,,,,,,,,,,,,,,,,,,,,,,,,,,,,,,,,,,,,,,,,,,,,,,,,,,,,,,,,,,,,,,,,,,,,,,,,,,,,,,,,,,,,,,,,,DEWALT_DPG15.jpg,DEWALT_DPG15_1.jpg,DEWALT_DPG15_2.jpg,DEWALT_DPG15_3.jpg,DEWALT_DPG15_4.jpg,,,,,DEWALT_DPG15_Specification_Sheet.pdf,,,,,,,,,,,,,,,,,,
,,,,,,,Safety,Clothing,Workwear,,F200B-21L,F200B-21L Milw M12 Womens - BLK Heated Hoodie Kit L,-- Unbranded --,-- No Unilog Brand --,-- No DIB Brand --,Milwaukee Accessory (4031),Milwaukee Electric Tool Corporation,MILWAUKEE®,,F200B-21L,,Janitorial & Sanitation>Safety>Clothing & Workwear,"Milwaukee Electric Tool Corporation, MILWAUKEE®, Heated Hoodie, F200B-21L",HTD HDIE,MILWAUKEE® F200B-21L Heated Hoodie With Black,"MILWAUKEE® Heated Hoodie, Black","Heated Hoodie, Black",,Finish: Black,,,,,,,,,,,,,,,,,,,,,,,,,Heated Hoodie,Finish,Black,,,,,,,,,,,,,,,,,,,,,,,,,,,,,,,,,,,,,,,,,,,,,,,,,,,,,,,,,,,,,,,,,,,,,,,,,,,,,,,,,,,,,,,,,,,,,,,,,,,,,,,,,,,,,,,,,,,,,,,,,,,,,,,,,,,,,,,,,,,,,,,,,,,,,,,,,,,,,,,,,,,,,,,,MILWAUKEE_F200B-21L.jpg,MILWAUKEE_F200B-21L_1.jpg,MILWAUKEE_F200B-21L_2.jpg,MILWAUKEE_F200B-21L_3.jpg,MILWAUKEE_F200B-21L_4.jpg,,,,,MILWAUKEE_F200B-21L_Specification_Sheet.pdf,,,,,,,,,,,,,,,,,,
,,,,,,,Safety,Clothing,Workwear,,F200B-21M,F200B-21M Milw M12 Womens - BLK Heated Hoodie Kit M,-- Unbranded --,-- No Unilog Brand --,-- No DIB Brand --,Milwaukee Accessory (4031),Milwaukee Electric Tool Corporation,MILWAUKEE®,,F200B-21M,,Janitorial & Sanitation>Safety>Clothing & Workwear,"Milwaukee Electric Tool Corporation, MILWAUKEE®, Heated Hoodie, F200B-21M",HTD HDIE,MILWAUKEE® F200B-21M Heated Hoodie With Black,"MILWAUKEE® Heated Hoodie, Black","Heated Hoodie, Black",,Finish: Black,,,,,,,,,,,,,,,,,,,,,,,,,Heated Hoodie,Finish,Black,,,,,,,,,,,,,,,,,,,,,,,,,,,,,,,,,,,,,,,,,,,,,,,,,,,,,,,,,,,,,,,,,,,,,,,,,,,,,,,,,,,,,,,,,,,,,,,,,,,,,,,,,,,,,,,,,,,,,,,,,,,,,,,,,,,,,,,,,,,,,,,,,,,,,,,,,,,,,,,,,,,,,,,,MILWAUKEE_F200B-21M.jpg,MILWAUKEE_F200B-21M_1.jpg,MILWAUKEE_F200B-21M_2.jpg,MILWAUKEE_F200B-21M_3.jpg,MILWAUKEE_F200B-21M_4.jpg,,,,,MILWAUKEE_F200B-21M_Specification_Sheet.pdf,,,,,,,,,,,,,,,,,,
,,,,,,,Safety,Clothing,Workwear,,M200B-21L,M200B-21L Milw M12 BLK - Heated Hoodie Kit L,-- Unbranded --,-- No Unilog Brand --,-- No DIB Brand --,Milwaukee Accessory (4031),Milwaukee Electric Tool Corporation,MILWAUKEE®,,M200B-21L,,Janitorial & Sanitation>Safety>Clothing & Workwear,"Milwaukee Electric Tool Corporation, MILWAUKEE®, Heated Hoodie, M200B-21L",HTD HDIE,MILWAUKEE® M200B-21L Heated Hoodie With Black,"MILWAUKEE® Heated Hoodie, Black","Heated Hoodie, Black",,Finish: Black,,,,,,,,,,,,,,,,,,,,,,,,,Heated Hoodie,Finish,Black,,,,,,,,,,,,,,,,,,,,,,,,,,,,,,,,,,,,,,,,,,,,,,,,,,,,,,,,,,,,,,,,,,,,,,,,,,,,,,,,,,,,,,,,,,,,,,,,,,,,,,,,,,,,,,,,,,,,,,,,,,,,,,,,,,,,,,,,,,,,,,,,,,,,,,,,,,,,,,,,,,,,,,,,MILWAUKEE_M200B-21L.jpg,MILWAUKEE_M200B-21L_1.jpg,MILWAUKEE_M200B-21L_2.jpg,MILWAUKEE_M200B-21L_3.jpg,MILWAUKEE_M200B-21L_4.jpg,,,,,MILWAUKEE_M200B-21L_Specification_Sheet.pdf,,,,,,,,,,,,,,,,,,
,,,,,,,Safety,Clothing,Workwear,,M200B-21M,M200B-21M Milw M12 BLK - Heated Hoodie Kit M,-- Unbranded --,-- No Unilog Brand --,-- No DIB Brand --,Milwaukee Accessory (4031),Milwaukee Electric Tool Corporation,MILWAUKEE®,,M200B-21M,,Janitorial & Sanitation>Safety>Clothing & Workwear,"Milwaukee Electric Tool Corporation, MILWAUKEE®, Heated Hoodie, M200B-21M",HTD HDIE,MILWAUKEE® M200B-21M Heated Hoodie With Black,"MILWAUKEE® Heated Hoodie, Black","Heated Hoodie, Black",,Finish: Black,,,,,,,,,,,,,,,,,,,,,,,,,Heated Hoodie,Finish,Black,,,,,,,,,,,,,,,,,,,,,,,,,,,,,,,,,,,,,,,,,,,,,,,,,,,,,,,,,,,,,,,,,,,,,,,,,,,,,,,,,,,,,,,,,,,,,,,,,,,,,,,,,,,,,,,,,,,,,,,,,,,,,,,,,,,,,,,,,,,,,,,,,,,,,,,,,,,,,,,,,,,,,,,,MILWAUKEE_M200B-21M.jpg,MILWAUKEE_M200B-21M_1.jpg,MILWAUKEE_M200B-21M_2.jpg,MILWAUKEE_M200B-21M_3.jpg,MILWAUKEE_M200B-21M_4.jpg,,,,,MILWAUKEE_M200B-21M_Specification_Sheet.pdf,,,,,,,,,,,,,,,,,,
,,,,,,,Safety,Clothing,Workwear,,M200B-21XL,M200B-21XL Milw M12 BLK - Heated Hoodie Kit XL,-- Unbranded --,-- No Unilog Brand --,-- No DIB Brand --,Milwaukee Accessory (4031),Milwaukee Electric Tool Corporation,MILWAUKEE®,,M200B-21XL,,Janitorial & Sanitation>Safety>Clothing & Workwear,"Milwaukee Electric Tool Corporation, MILWAUKEE®, Heated Hoodie, M200B-21XL",HTD HDIE,MILWAUKEE® M200B-21XL Heated Hoodie With Black,"MILWAUKEE® Heated Hoodie, Black","Heated Hoodie, Black",,Finish: Black,,,,,,,,,,,,,,,,,,,,,,,,,Heated Hoodie,Finish,Black,,,,,,,,,,,,,,,,,,,,,,,,,,,,,,,,,,,,,,,,,,,,,,,,,,,,,,,,,,,,,,,,,,,,,,,,,,,,,,,,,,,,,,,,,,,,,,,,,,,,,,,,,,,,,,,,,,,,,,,,,,,,,,,,,,,,,,,,,,,,,,,,,,,,,,,,,,,,,,,,,,,,,,,,MILWAUKEE_M200B-21XL.jpg,MILWAUKEE_M200B-21XL_1.jpg,MILWAUKEE_M200B-21XL_2.jpg,MILWAUKEE_M200B-21XL_3.jpg,MILWAUKEE_M200B-21XL_4.jpg,,,,,MILWAUKEE_M200B-21XL_Specification_Sheet.pdf,,,,,,,,,,,,,,,,,,
,,,,,,,Safety,Clothing,Workwear,,M200G-21L,M200G-21L Milw M12 Gray - Heated Hoodie Kit L,-- Unbranded --,-- No Unilog Brand --,-- No DIB Brand --,Milwaukee Accessory (4031),Milwaukee Electric Tool Corporation,MILWAUKEE®,,M200G-21L,,Janitorial & Sanitation>Safety>Clothing & Workwear,"Milwaukee Electric Tool Corporation, MILWAUKEE®, Heated Hoodie, M200G-21L",HTD HDIE,MILWAUKEE® M200G-21L Heated Hoodie With Gray,"MILWAUKEE® Heated Hoodie, Gray","Heated Hoodie, Gray",,Color: Gray,,,,,,,,,,,,,,,,,,,,,,,,,Heated Hoodie,Color,Gray,,,,,,,,,,,,,,,,,,,,,,,,,,,,,,,,,,,,,,,,,,,,,,,,,,,,,,,,,,,,,,,,,,,,,,,,,,,,,,,,,,,,,,,,,,,,,,,,,,,,,,,,,,,,,,,,,,,,,,,,,,,,,,,,,,,,,,,,,,,,,,,,,,,,,,,,,,,,,,,,,,,,,,,,MILWAUKEE_M200G-21L.jpg,MILWAUKEE_M200G-21L_1.jpg,MILWAUKEE_M200G-21L_2.jpg,MILWAUKEE_M200G-21L_3.jpg,MILWAUKEE_M200G-21L_4.jpg,,,,,MILWAUKEE_M200G-21L_Specification_Sheet.pdf,,,,,,,,,,,,,,,,,,
,,,,,,,Safety,Clothing,Workwear,,M200G-21M,M200G-21M Milw M12 Gray - Heated Hoodie Kit M,-- Unbranded --,-- No Unilog Brand --,-- No DIB Brand --,Milwaukee Accessory (4031),Milwaukee Electric Tool Corporation,MILWAUKEE®,,M200G-21M,,Janitorial & Sanitation>Safety>Clothing & Workwear,"Milwaukee Electric Tool Corporation, MILWAUKEE®, Heated Hoodie, M200G-21M",HTD HDIE,MILWAUKEE® M200G-21M Heated Hoodie With Gray,"MILWAUKEE® Heated Hoodie, Gray","Heated Hoodie, Gray",,Color: Gray,,,,,,,,,,,,,,,,,,,,,,,,,Heated Hoodie,Color,Gray,,,,,,,,,,,,,,,,,,,,,,,,,,,,,,,,,,,,,,,,,,,,,,,,,,,,,,,,,,,,,,,,,,,,,,,,,,,,,,,,,,,,,,,,,,,,,,,,,,,,,,,,,,,,,,,,,,,,,,,,,,,,,,,,,,,,,,,,,,,,,,,,,,,,,,,,,,,,,,,,,,,,,,,,MILWAUKEE_M200G-21M.jpg,MILWAUKEE_M200G-21M_1.jpg,MILWAUKEE_M200G-21M_2.jpg,MILWAUKEE_M200G-21M_3.jpg,MILWAUKEE_M200G-21M_4.jpg,,,,,MILWAUKEE_M200G-21M_Specification_Sheet.pdf,,,,,,,,,,,,,,,,,,
,,,,,,,Safety,Clothing,Workwear,,M200G-21XL,M200G-21XL Milw M12 Gray - Heated Hoodie Kit XL,-- Unbranded --,-- No Unilog Brand --,-- No DIB Brand --,Milwaukee Accessory (4031),Milwaukee Electric Tool Corporation,MILWAUKEE®,,M200G-21XL,,Janitorial & Sanitation>Safety>Clothing & Workwear,"Milwaukee Electric Tool Corporation, MILWAUKEE®, Heated Hoodie, M200G-21XL",HTD HDIE,MILWAUKEE® M200G-21XL Heated Hoodie With Gray,"MILWAUKEE® Heated Hoodie, Gray","Heated Hoodie, Gray",,Color: Gray,,,,,,,,,,,,,,,,,,,,,,,,,Heated Hoodie,Color,Gray,,,,,,,,,,,,,,,,,,,,,,,,,,,,,,,,,,,,,,,,,,,,,,,,,,,,,,,,,,,,,,,,,,,,,,,,,,,,,,,,,,,,,,,,,,,,,,,,,,,,,,,,,,,,,,,,,,,,,,,,,,,,,,,,,,,,,,,,,,,,,,,,,,,,,,,,,,,,,,,,,,,,,,,,MILWAUKEE_M200G-21XL.jpg,MILWAUKEE_M200G-21XL_1.jpg,MILWAUKEE_M200G-21XL_2.jpg,MILWAUKEE_M200G-21XL_3.jpg,MILWAUKEE_M200G-21XL_4.jpg,,,,,MILWAUKEE_M200G-21XL_Specification_Sheet.pdf,,,,,,,,,,,,,,,,,,
,,,,,,,Power Tools,Power Tool Accessories,Batteries & Chargers,,48-11-2330,48-11-2330 Milw Heated Gear Power Source,-- Unbranded --,-- No Unilog Brand --,-- No DIB Brand --,Milwaukee Accessory (4031),Milwaukee Electric Tool Corporation,MILWAUKEE®,,48-11-2330,,Building & Hardware>Power Tools>Accessories>Batteries & Chargers,"Milwaukee Electric Tool Corporation, MILWAUKEE®, Charger, 48-11-2330",CHGR,MILWAUKEE® 48-11-2330 Charger,MILWAUKEE® Charger,Charger,,,,,,,,,,,,,,,,,,,,,,,,,,,Charger,,,,,,,,,,,,,,,,,,,,,,,,,,,,,,,,,,,,,,,,,,,,,,,,,,,,,,,,,,,,,,,,,,,,,,,,,,,,,,,,,,,,,,,,,,,,,,,,,,,,,,,,,,,,,,,,,,,,,,,,,,,,,,,,,,,,,,,,,,,,,,,,,,,,,,,,,,,,,,,,,,,,,,,,,,MILWAUKEE_48-11-2330.jpg,MILWAUKEE_48-11-2330_1.jpg,MILWAUKEE_48-11-2330_2.jpg,MILWAUKEE_48-11-2330_3.jpg,MILWAUKEE_48-11-2330_4.jpg,,,,,MILWAUKEE_48-11-2330_Specification_Sheet.pdf,,,,,,,,,,,,,,,,,,
,,,,,,,Power Tools,Power Tools,Cordless Tool Kits,,DCBP250C,DCBP520C Dewalt Starter Kit,-- Unbranded --,-- No Unilog Brand --,DEWALT,Black & Decker/dewlt (2585),Stanley Black & Decker Inc,DEWALT,,DCBP250C,,Building & Hardware>Power Tools>Cordless Tool Kits,"Stanley Black & Decker Inc, DEWALT, Cordless Tool Kit, DCBP250C",CORDLESS TOOL KIT,DEWALT DCBP250C Cordless Tool Kit,DEWALT Cordless Tool Kit,Cordless Tool Kit,,,,,,,,,,,,,,,,,,,,,,,,,,,Cordless Tool Kit,,,,,,,,,,,,,,,,,,,,,,,,,,,,,,,,,,,,,,,,,,,,,,,,,,,,,,,,,,,,,,,,,,,,,,,,,,,,,,,,,,,,,,,,,,,,,,,,,,,,,,,,,,,,,,,,,,,,,,,,,,,,,,,,,,,,,,,,,,,,,,,,,,,,,,,,,,,,,,,,,,,,,,,,,,DEWALT_DCBP250C.jpg,DEWALT_DCBP250C_1.jpg,DEWALT_DCBP250C_2.jpg,DEWALT_DCBP250C_3.jpg,DEWALT_DCBP250C_4.jpg,,,,,DEWALT_DCBP250C_Specification_Sheet.pdf,,,,,,,,,,,,,,,,,,
,,,,,,,Hand Tools,Hand Tools,Tool Holders,,5328,5328 Lg. Leather Phone Holster - Clip-on,-- Unbranded --,-- No Unilog Brand --,-- No DIB Brand --,-,LG Electronics USA Inc,LG,,5328,,Building & Hardware>Hand Tools>Tool Holders,"LG Electronics USA Inc, LG, Tool Holster, 5328",TOOL HOLSTER,LG 5328 Tool Holster,LG Tool Holster,Tool Holster,,,,,,,,,,,,,,,,,,,,,,,,,,,Tool Holster,,,,,,,,,,,,,,,,,,,,,,,,,,,,,,,,,,,,,,,,,,,,,,,,,,,,,,,,,,,,,,,,,,,,,,,,,,,,,,,,,,,,,,,,,,,,,,,,,,,,,,,,,,,,,,,,,,,,,,,,,,,,,,,,,,,,,,,,,,,,,,,,,,,,,,,,,,,,,,,,,,,,,,,,,,LG_5328.jpg,LG_5328_1.jpg,LG_5328_2.jpg,LG_5328_3.jpg,LG_5328_4.jpg,,,,,LG_5328_Specification_Sheet.pdf,,,,,,,,,,,,,,,,,,
,,,,,,,Power Tools,Power Tools,Voltage Detectors,,3200-20,3200-20 Milw Voltage Detector,-- Unbranded --,-- No Unilog Brand --,-- No DIB Brand --,Milwaukee Accessory (4031),Milwaukee Electric Tool Corporation,MILWAUKEE®,,3200-20,,Building & Hardware>Power Tools>Testing & Detection,"Milwaukee Electric Tool Corporation, MILWAUKEE®, Voltage Detector, 3200-20",DET,MILWAUKEE® 3200-20 Voltage Detector,MILWAUKEE® Voltage Detector,Voltage Detector,,,,,,,,,,,,,,,,,,,,,,,,,,,Voltage Detector,,,,,,,,,,,,,,,,,,,,,,,,,,,,,,,,,,,,,,,,,,,,,,,,,,,,,,,,,,,,,,,,,,,,,,,,,,,,,,,,,,,,,,,,,,,,,,,,,,,,,,,,,,,,,,,,,,,,,,,,,,,,,,,,,,,,,,,,,,,,,,,,,,,,,,,,,,,,,,,,,,,,,,,,,,MILWAUKEE_3200-20.jpg,MILWAUKEE_3200-20_1.jpg,MILWAUKEE_3200-20_2.jpg,MILWAUKEE_3200-20_3.jpg,MILWAUKEE_3200-20_4.jpg,,,,,MILWAUKEE_3200-20_Specification_Sheet.pdf,,,,,,,,,,,,,,,,,,
,,,,,,,Power Tools,Power Tools,Voltage Detectors,,3202-20,3202-20 Milw Voltage Detector w/ LED,-- Unbranded --,-- No Unilog Brand --,-- No DIB Brand --,Milwaukee Accessory (4031),Milwaukee Electric Tool Corporation,MILWAUKEE®,,3202-20,,Building & Hardware>Power Tools>Testing & Detection,"Milwaukee Electric Tool Corporation, MILWAUKEE®, Voltage Detector, 3202-20",DET,MILWAUKEE® 3202-20 Voltage Detector,MILWAUKEE® Voltage Detector,Voltage Detector,,,,,,,,,,,,,,,,,,,,,,,,,,,Voltage Detector,,,,,,,,,,,,,,,,,,,,,,,,,,,,,,,,,,,,,,,,,,,,,,,,,,,,,,,,,,,,,,,,,,,,,,,,,,,,,,,,,,,,,,,,,,,,,,,,,,,,,,,,,,,,,,,,,,,,,,,,,,,,,,,,,,,,,,,,,,,,,,,,,,,,,,,,,,,,,,,,,,,,,,,,,,MILWAUKEE_3202-20.jpg,MILWAUKEE_3202-20_1.jpg,MILWAUKEE_3202-20_2.jpg,MILWAUKEE_3202-20_3.jpg,MILWAUKEE_3202-20_4.jpg,,,,,MILWAUKEE_3202-20_Specification_Sheet.pdf,,,,,,,,,,,,,,,,,,
,,,,,,,Power Tools,Power Tools,Voltage Detectors,,3203-20,3203-20 Milw Dual Range Voltage Detector w/ LED,-- Unbranded --,-- No Unilog Brand --,-- No DIB Brand --,Milwaukee Accessory (4031),Milwaukee Electric Tool Corporation,MILWAUKEE®,,3203-20,,Building & Hardware>Power Tools>Testing & Detection,"Milwaukee Electric Tool Corporation, MILWAUKEE®, Voltage Detector, 3203-20",DET,MILWAUKEE® 3203-20 Voltage Detector,MILWAUKEE® Voltage Detector,Voltage Detector,,,,,,,,,,,,,,,,,,,,,,,,,,,Voltage Detector,,,,,,,,,,,,,,,,,,,,,,,,,,,,,,,,,,,,,,,,,,,,,,,,,,,,,,,,,,,,,,,,,,,,,,,,,,,,,,,,,,,,,,,,,,,,,,,,,,,,,,,,,,,,,,,,,,,,,,,,,,,,,,,,,,,,,,,,,,,,,,,,,,,,,,,,,,,,,,,,,,,,,,,,,,MILWAUKEE_3203-20.jpg,MILWAUKEE_3203-20_1.jpg,MILWAUKEE_3203-20_2.jpg,MILWAUKEE_3203-20_3.jpg,MILWAUKEE_3203-20_4.jpg,,,,,MILWAUKEE_3203-20_Specification_Sheet.pdf,,,,,,,,,,,,,,,,,,
,,,,,,,Hand Tools,Hand Tools,Measuring Tools,,BC-12300,"BC-12300 BigCal 12""/300mm",-- Unbranded --,-- No Unilog Brand --,-- No DIB Brand --,Woodpeckers Inc (WOODP),Woodpeckers Inc,WOODPECKERS,,BC-12300,,Building & Hardware>Hand Tools>Measuring & Layout,"Woodpeckers Inc, WOODPECKERS, Measuring Tool, BC-12300",MSR TOOL,WOODPECKERS BC-12300 Measuring Tool With 300 mm,"WOODPECKERS Measuring Tool, 300 mm","Measuring Tool, 300 mm",,Size: 300 mm,,,,,,,,,,,,,,,,,,,,,,,,,Measuring Tool,Size,300 mm,,,,,,,,,,,,,,,,,,,,,,,,,,,,,,,,,,,,,,,,,,,,,,,,,,,,,,,,,,,,,,,,,,,,,,,,,,,,,,,,,,,,,,,,,,,,,,,,,,,,,,,,,,,,,,,,,,,,,,,,,,,,,,,,,,,,,,,,,,,,,,,,,,,,,,,,,,,,,,,,,,,,,,,,WOODPECKERS_BC-12300.jpg,WOODPECKERS_BC-12300_1.jpg,WOODPECKERS_BC-12300_2.jpg,WOODPECKERS_BC-12300_3.jpg,WOODPECKERS_BC-12300_4.jpg,,,,,WOODPECKERS_BC-12300_Specification_Sheet.pdf,,,,,,,,,,,,,,,,,,
,,,,,,,Hand Tools,Hand Tools,Measuring Tools,,BC-24600,"BC-24600 BigCal 24""/600mm",-- Unbranded --,-- No Unilog Brand --,-- No DIB Brand --,Woodpeckers Inc (WOODP),Woodpeckers Inc,WOODPECKERS,,BC-24600,,Building & Hardware>Hand Tools>Measuring & Layout,"Woodpeckers Inc, WOODPECKERS, Measuring Tool, BC-24600",MSR TOOL,WOODPECKERS BC-24600 Measuring Tool With 600 mm,"WOODPECKERS Measuring Tool, 600 mm","Measuring Tool, 600 mm",,Size: 600 mm,,,,,,,,,,,,,,,,,,,,,,,,,Measuring Tool,Size,600 mm,,,,,,,,,,,,,,,,,,,,,,,,,,,,,,,,,,,,,,,,,,,,,,,,,,,,,,,,,,,,,,,,,,,,,,,,,,,,,,,,,,,,,,,,,,,,,,,,,,,,,,,,,,,,,,,,,,,,,,,,,,,,,,,,,,,,,,,,,,,,,,,,,,,,,,,,,,,,,,,,,,,,,,,,WOODPECKERS_BC-24600.jpg,WOODPECKERS_BC-24600_1.jpg,WOODPECKERS_BC-24600_2.jpg,WOODPECKERS_BC-24600_3.jpg,WOODPECKERS_BC-24600_4.jpg,,,,,WOODPECKERS_BC-24600_Specification_Sheet.pdf,,,,,,,,,,,,,,,,,,
,,,,,,,Power Tools,Power Tools,Lasers & Levels,,DW08302CG,DW08302CG Dewalt Laser - Green 3 Spot,-- Unbranded --,-- No Unilog Brand --,DEWALT,Black & Decker/dewlt (2585),Stanley Black & Decker Inc,DEWALT,,DW08302CG,,Building & Hardware>Power Tools>Lasers & Levels,"Stanley Black & Decker Inc, DEWALT, Laser Level, DW08302CG",LSR LVL,DEWALT DW08302CG Laser Level,DEWALT Laser Level,Laser Level,,,,,,,,,,,,,,,,,,,,,,,,,,,Laser Level,,,,,,,,,,,,,,,,,,,,,,,,,,,,,,,,,,,,,,,,,,,,,,,,,,,,,,,,,,,,,,,,,,,,,,,,,,,,,,,,,,,,,,,,,,,,,,,,,,,,,,,,,,,,,,,,,,,,,,,,,,,,,,,,,,,,,,,,,,,,,,,,,,,,,,,,,,,,,,,,,,,,,,,,,,DEWALT_DW08302CG.jpg,DEWALT_DW08302CG_1.jpg,DEWALT_DW08302CG_2.jpg,DEWALT_DW08302CG_3.jpg,DEWALT_DW08302CG_4.jpg,,,,,DEWALT_DW08302CG_Specification_Sheet.pdf,,,,,,,,,,,,,,,,,,
,,,,,,,Power Tools,Power Tools,Lasers & Levels,,GCL165-42GL,GCL165--42GL Cross Line Laser,-- Unbranded --,-- No Unilog Brand --,-- No DIB Brand --,Robt Bosch Tool Corp (6564),Robert Bosch Tool Corporation,Bosch,,GCL165-42GL,,Building & Hardware>Power Tools>Lasers & Levels,"Robert Bosch Tool Corporation, Bosch, Laser Level, GCL165-42GL",LSR LVL,Bosch GCL165-42GL Laser Level,Bosch Laser Level,Laser Level,,,,,,,,,,,,,,,,,,,,,,,,,,,Laser Level,,,,,,,,,,,,,,,,,,,,,,,,,,,,,,,,,,,,,,,,,,,,,,,,,,,,,,,,,,,,,,,,,,,,,,,,,,,,,,,,,,,,,,,,,,,,,,,,,,,,,,,,,,,,,,,,,,,,,,,,,,,,,,,,,,,,,,,,,,,,,,,,,,,,,,,,,,,,,,,,,,,,,,,,,,Bosch_GCL165-42GL.jpg,Bosch_GCL165-42GL_1.jpg,Bosch_GCL165-42GL_2.jpg,Bosch_GCL165-42GL_3.jpg,Bosch_GCL165-42GL_4.jpg,,,,,Bosch_GCL165-42GL_Specification_Sheet.pdf,,,,,,,,,,,,,,,,,,
,,,,,,,Power Tools,Power Tools,Lasers & Levels,,DW08802CG,DW08802CG Dewalt Laser Green - Self-Level Cross Line,-- Unbranded --,-- No Unilog Brand --,DEWALT,Black & Decker/dewlt (2585),Stanley Black & Decker Inc,DEWALT,,DW08802CG,,Building & Hardware>Power Tools>Lasers & Levels,"Stanley Black & Decker Inc, DEWALT, Laser Level, DW08802CG",LSR LVL,DEWALT DW08802CG Laser Level,DEWALT Laser Level,Laser Level,,,,,,,,,,,,,,,,,,,,,,,,,,,Laser Level,,,,,,,,,,,,,,,,,,,,,,,,,,,,,,,,,,,,,,,,,,,,,,,,,,,,,,,,,,,,,,,,,,,,,,,,,,,,,,,,,,,,,,,,,,,,,,,,,,,,,,,,,,,,,,,,,,,,,,,,,,,,,,,,,,,,,,,,,,,,,,,,,,,,,,,,,,,,,,,,,,,,,,,,,,DEWALT_DW08802CG.jpg,DEWALT_DW08802CG_1.jpg,DEWALT_DW08802CG_2.jpg,DEWALT_DW08802CG_3.jpg,DEWALT_DW08802CG_4.jpg,,,,,DEWALT_DW08802CG_Specification_Sheet.pdf,,,,,,,,,,,,,,,,,,
,,,,,,,Power Tools,Power Tools,Lasers & Levels,,DW088CG,DW088CG Dewalt Laser - Green Cross Line,-- Unbranded --,-- No Unilog Brand --,DEWALT,Black & Decker/dewlt (2585),Stanley Black & Decker Inc,DEWALT,,DW088CG,,Building & Hardware>Power Tools>Lasers & Levels,"Stanley Black & Decker Inc, DEWALT, Laser Level, DW088CG",LSR LVL,DEWALT DW088CG Laser Level,DEWALT Laser Level,Laser Level,,,,,,,,,,,,,,,,,,,,,,,,,,,Laser Level,,,,,,,,,,,,,,,,,,,,,,,,,,,,,,,,,,,,,,,,,,,,,,,,,,,,,,,,,,,,,,,,,,,,,,,,,,,,,,,,,,,,,,,,,,,,,,,,,,,,,,,,,,,,,,,,,,,,,,,,,,,,,,,,,,,,,,,,,,,,,,,,,,,,,,,,,,,,,,,,,,,,,,,,,,DEWALT_DW088CG.jpg,DEWALT_DW088CG_1.jpg,DEWALT_DW088CG_2.jpg,DEWALT_DW088CG_3.jpg,DEWALT_DW088CG_4.jpg,,,,,DEWALT_DW088CG_Specification_Sheet.pdf,,,,,,,,,,,,,,,,,,
,,,,,,,Power Tools,Power Tools,Lasers & Levels,,DW089CG,DW089CG Dewalt Laser Level - 3 Line 30ft Range,-- Unbranded --,-- No Unilog Brand --,DEWALT,Black & Decker/dewlt (2585),Stanley Black & Decker Inc,DEWALT,,DW089CG,,Building & Hardware>Power Tools>Lasers & Levels,"Stanley Black & Decker Inc, DEWALT, Laser Level, DW089CG",LSR LVL,DEWALT DW089CG Laser Level,DEWALT Laser Level,Laser Level,,,,,,,,,,,,,,,,,,,,,,,,,,,Laser Level,,,,,,,,,,,,,,,,,,,,,,,,,,,,,,,,,,,,,,,,,,,,,,,,,,,,,,,,,,,,,,,,,,,,,,,,,,,,,,,,,,,,,,,,,,,,,,,,,,,,,,,,,,,,,,,,,,,,,,,,,,,,,,,,,,,,,,,,,,,,,,,,,,,,,,,,,,,,,,,,,,,,,,,,,,DEWALT_DW089CG.jpg,DEWALT_DW089CG_1.jpg,DEWALT_DW089CG_2.jpg,DEWALT_DW089CG_3.jpg,DEWALT_DW089CG_4.jpg,,,,,DEWALT_DW089CG_Specification_Sheet.pdf,,,,,,,,,,,,,,,,,,
,,,,,,,Power Tools,Power Tools,Lasers & Levels,,DCLE34520GB,DCLE34520GB Dewalt Laser 20V - Cross Line 5 Spot (Bare),-- Unbranded --,-- No Unilog Brand --,DEWALT,Black & Decker/dewlt (2585),Stanley Black & Decker Inc,DEWALT,,DCLE34520GB,,Building & Hardware>Power Tools>Lasers & Levels,"Stanley Black & Decker Inc, DEWALT, Laser Level, DCLE34520GB",LSR LVL,DEWALT DCLE34520GB Laser Level,DEWALT Laser Level,Laser Level,,,,,,,,,,,,,,,,,,,,,,,,,,,Laser Level,,,,,,,,,,,,,,,,,,,,,,,,,,,,,,,,,,,,,,,,,,,,,,,,,,,,,,,,,,,,,,,,,,,,,,,,,,,,,,,,,,,,,,,,,,,,,,,,,,,,,,,,,,,,,,,,,,,,,,,,,,,,,,,,,,,,,,,,,,,,,,,,,,,,,,,,,,,,,,,,,,,,,,,,,,DEWALT_DCLE34520GB.jpg,DEWALT_DCLE34520GB_1.jpg,DEWALT_DCLE34520GB_2.jpg,DEWALT_DCLE34520GB_3.jpg,DEWALT_DCLE34520GB_4.jpg,,,,,DEWALT_DCLE34520GB_Specification_Sheet.pdf,,,,,,,,,,,,,,,,,,
,,,,,,,Power Tools,Power Tools,Lasers & Levels,,DCLE34031B,DCLE34031B Dewalt Line Laser - 20V Self-Leveling (Bare),-- Unbranded --,-- No Unilog Brand --,DEWALT,Black & Decker/dewlt (2585),Stanley Black & Decker Inc,DEWALT,,DCLE34031B,,Building & Hardware>Power Tools>Lasers & Levels,"Stanley Black & Decker Inc, DEWALT, Laser Level, DCLE34031B",LSR LVL,DEWALT DCLE34031B Laser Level,DEWALT Laser Level,Laser Level,,,,,,,,,,,,,,,,,,,,,,,,,,,Laser Level,,,,,,,,,,,,,,,,,,,,,,,,,,,,,,,,,,,,,,,,,,,,,,,,,,,,,,,,,,,,,,,,,,,,,,,,,,,,,,,,,,,,,,,,,,,,,,,,,,,,,,,,,,,,,,,,,,,,,,,,,,,,,,,,,,,,,,,,,,,,,,,,,,,,,,,,,,,,,,,,,,,,,,,,,,DEWALT_DCLE34031B.jpg,DEWALT_DCLE34031B_1.jpg,DEWALT_DCLE34031B_2.jpg,DEWALT_DCLE34031B_3.jpg,DEWALT_DCLE34031B_4.jpg,,,,,DEWALT_DCLE34031B_Specification_Sheet.pdf,,,,,,,,,,,,,,,,,,
,,,,,,,Power Tools,Power Tools,Lasers & Levels,,DW0822CG,DW0822CG Dewalt Cross Line - Plumb Spots Laser-Green,-- Unbranded --,-- No Unilog Brand --,DEWALT,Black & Decker/dewlt (2585),Stanley Black & Decker Inc,DEWALT,,DW0822CG,,Building & Hardware>Power Tools>Lasers & Levels,"Stanley Black & Decker Inc, DEWALT, Laser Level, DW0822CG",LSR LVL,DEWALT DW0822CG Laser Level,DEWALT Laser Level,Laser Level,,,,,,,,,,,,,,,,,,,,,,,,,,,Laser Level,,,,,,,,,,,,,,,,,,,,,,,,,,,,,,,,,,,,,,,,,,,,,,,,,,,,,,,,,,,,,,,,,,,,,,,,,,,,,,,,,,,,,,,,,,,,,,,,,,,,,,,,,,,,,,,,,,,,,,,,,,,,,,,,,,,,,,,,,,,,,,,,,,,,,,,,,,,,,,,,,,,,,,,,,,DEWALT_DW0822CG.jpg,DEWALT_DW0822CG_1.jpg,DEWALT_DW0822CG_2.jpg,DEWALT_DW0822CG_3.jpg,DEWALT_DW0822CG_4.jpg,,,,,DEWALT_DW0822CG_Specification_Sheet.pdf,,,,,,,,,,,,,,,,,,
,,,,,,,Power Tools,Hand Tools,Mason Lines,,25459,25459 Mason Line Brd Orange - 500',-- Unbranded --,-- No Unilog Brand --,-- No DIB Brand --,U S Tape Company (6694),U.S. Tape Company,,,25459,,Building & Hardware>Hand Tools>Measuring & Layout,"U.S. Tape Company, Mason Line, 25459",MSN LIN,25459 Mason Line,Mason Line,Mason Line,,,,,,,,,,,,,,,,,,,,,,,,,,,Mason Line,,,,,,,,,,,,,,,,,,,,,,,,,,,,,,,,,,,,,,,,,,,,,,,,,,,,,,,,,,,,,,,,,,,,,,,,,,,,,,,,,,,,,,,,,,,,,,,,,,,,,,,,,,,,,,,,,,,,,,,,,,,,,,,,,,,,,,,,,,,,,,,,,,,,,,,,,,,,,,,,,,,,,,,,,,,,,,,,,,,,,,,,,,,,,,,,,,,,,
,,,,,,,Power Tools,Hand Tools,Mason Lines,,35459,35459 Mason Line Brd Orange - 500' Replacement,-- Unbranded --,-- No Unilog Brand --,-- No DIB Brand --,U S Tape Company (6694),U.S. Tape Company,,,35459,,Building & Hardware>Hand Tools>Measuring & Layout,"U.S. Tape Company, Mason Line, 35459",MSN LIN,35459 Mason Line,Mason Line,Mason Line,,,,,,,,,,,,,,,,,,,,,,,,,,,Mason Line,,,,,,,,,,,,,,,,,,,,,,,,,,,,,,,,,,,,,,,,,,,,,,,,,,,,,,,,,,,,,,,,,,,,,,,,,,,,,,,,,,,,,,,,,,,,,,,,,,,,,,,,,,,,,,,,,,,,,,,,,,,,,,,,,,,,,,,,,,,,,,,,,,,,,,,,,,,,,,,,,,,,,,,,,,,,,,,,,,,,,,,,,,,,,,,,,,,,,
,,,,,,,Power Tools,Hand Tools,Mason Lines,,25759,25759 Mason Line Brd Orange - 1000',-- Unbranded --,-- No Unilog Brand --,-- No DIB Brand --,U S Tape Company (6694),U.S. Tape Company,,,25759,,Building & Hardware>Hand Tools>Measuring & Layout,"U.S. Tape Company, Mason Line, 25759",MSN LIN,25759 Mason Line,Mason Line,Mason Line,,,,,,,,,,,,,,,,,,,,,,,,,,,Mason Line,,,,,,,,,,,,,,,,,,,,,,,,,,,,,,,,,,,,,,,,,,,,,,,,,,,,,,,,,,,,,,,,,,,,,,,,,,,,,,,,,,,,,,,,,,,,,,,,,,,,,,,,,,,,,,,,,,,,,,,,,,,,,,,,,,,,,,,,,,,,,,,,,,,,,,,,,,,,,,,,,,,,,,,,,,,,,,,,,,,,,,,,,,,,,,,,,,,,,
,,,,,,,Power Tools,Hand Tools,Mason Lines,,35112,35112 Mason Line Twist Yellow - 270',-- Unbranded --,-- No Unilog Brand --,-- No DIB Brand --,U S Tape Company (6694),U.S. Tape Company,,,35112,,Building & Hardware>Hand Tools>Measuring & Layout,"U.S. Tape Company, Mason Line, 35112",MSN LIN,35112 Mason Line,Mason Line,Mason Line,,,,,,,,,,,,,,,,,,,,,,,,,,,Mason Line,,,,,,,,,,,,,,,,,,,,,,,,,,,,,,,,,,,,,,,,,,,,,,,,,,,,,,,,,,,,,,,,,,,,,,,,,,,,,,,,,,,,,,,,,,,,,,,,,,,,,,,,,,,,,,,,,,,,,,,,,,,,,,,,,,,,,,,,,,,,,,,,,,,,,,,,,,,,,,,,,,,,,,,,,,,,,,,,,,,,,,,,,,,,,,,,,,,,,
,,,,,,,Power Tools,Hand Tools,Mason Lines,,35115,35115 Mason Line Twist Green - 270',-- Unbranded --,-- No Unilog Brand --,-- No DIB Brand --,U S Tape Company (6694),U.S. Tape Company,,,35115,,Building & Hardware>Hand Tools>Measuring & Layout,"U.S. Tape Company, Mason Line, 35115",MSN LIN,35115 Mason Line,Mason Line,Mason Line,,,,,,,,,,,,,,,,,,,,,,,,,,,Mason Line,,,,,,,,,,,,,,,,,,,,,,,,,,,,,,,,,,,,,,,,,,,,,,,,,,,,,,,,,,,,,,,,,,,,,,,,,,,,,,,,,,,,,,,,,,,,,,,,,,,,,,,,,,,,,,,,,,,,,,,,,,,,,,,,,,,,,,,,,,,,,,,,,,,,,,,,,,,,,,,,,,,,,,,,,,,,,,,,,,,,,,,,,,,,,,,,,,,,,
,,,,,,,Power Tools,Hand Tools,Mason Lines,,25168,25168 Mason Line Brd Green - 250',CENTURY COMPONENTS,-- No Unilog Brand --,-- No DIB Brand --,U S Tape Company (6694),U.S. Tape Company,Century Components,,25168,,Building & Hardware>Hand Tools>Measuring & Layout,"U.S. Tape Company, Century Components, Mason Line, 25168",MSN LIN,Century Components 25168 Mason Line,Century Components Mason Line,Mason Line,,,,,,,,,,,,,,,,,,,,,,,,,,,Mason Line,,,,,,,,,,,,,,,,,,,,,,,,,,,,,,,,,,,,,,,,,,,,,,,,,,,,,,,,,,,,,,,,,,,,,,,,,,,,,,,,,,,,,,,,,,,,,,,,,,,,,,,,,,,,,,,,,,,,,,,,,,,,,,,,,,,,,,,,,,,,,,,,,,,,,,,,,,,,,,,,,,,,,,,,,,CenturyComponents_25168.jpg,CenturyComponents_25168_1.jpg,CenturyComponents_25168_2.jpg,CenturyComponents_25168_3.jpg,CenturyComponents_25168_4.jpg,,,,,CenturyComponents_25168_Specification_Sheet.pdf,,,,,,,,,,,,,,,,,,
,,,,,,,Power Tools,Hand Tools,Mason Lines,,35468,35468 Mason Line Brd Green - 500' Replacement,-- Unbranded --,-- No Unilog Brand --,-- No DIB Brand --,U S Tape Company (6694),U.S. Tape Company,,,35468,,Building & Hardware>Hand Tools>Measuring & Layout,"U.S. Tape Company, Mason Line, 35468",MSN LIN,35468 Mason Line,Mason Line,Mason Line,,,,,,,,,,,,,,,,,,,,,,,,,,,Mason Line,,,,,,,,,,,,,,,,,,,,,,,,,,,,,,,,,,,,,,,,,,,,,,,,,,,,,,,,,,,,,,,,,,,,,,,,,,,,,,,,,,,,,,,,,,,,,,,,,,,,,,,,,,,,,,,,,,,,,,,,,,,,,,,,,,,,,,,,,,,,,,,,,,,,,,,,,,,,,,,,,,,,,,,,,,,,,,,,,,,,,,,,,,,,,,,,,,,,,
,,,,,,,Power Tools,Hand Tools,Mason Lines,,35494,35494 Mason Line Brd Blk/Yellw - 500' Replacement,-- Unbranded --,-- No Unilog Brand --,-- No DIB Brand --,U S Tape Company (6694),U.S. Tape Company,,,35494,,Building & Hardware>Hand Tools>Measuring & Layout,"U.S. Tape Company, Mason Line, 35494",MSN LIN,35494 Mason Line With Black,"Mason Line, Black","Mason Line, Black",,Finish: Black,,,,,,,,,,,,,,,,,,,,,,,,,Mason Line,Finish,Black,,,,,,,,,,,,,,,,,,,,,,,,,,,,,,,,,,,,,,,,,,,,,,,,,,,,,,,,,,,,,,,,,,,,,,,,,,,,,,,,,,,,,,,,,,,,,,,,,,,,,,,,,,,,,,,,,,,,,,,,,,,,,,,,,,,,,,,,,,,,,,,,,,,,,,,,,,,,,,,,,,,,,,,,,,,,,,,,,,,,,,,,,,,,,,,,,,,
,,,,,,,Hand Tools,Hand Tools,Squares,,MLSQ0120,"MLSQ0120 Milw 12"" RafterSquare",-- Unbranded --,-- No Unilog Brand --,-- No DIB Brand --,Milwaukee Accessory (4031),Milwaukee Electric Tool Corporation,MILWAUKEE®,,MLSQ0120,,Building & Hardware>Hand Tools>Measuring & Layout,"Milwaukee Electric Tool Corporation, MILWAUKEE®, Square, MLSQ0120",SQ,MILWAUKEE® MLSQ0120 Square,MILWAUKEE® Square,Square,,,,,,,,,,,,,,,,,,,,,,,,,,,Square,,,,,,,,,,,,,,,,,,,,,,,,,,,,,,,,,,,,,,,,,,,,,,,,,,,,,,,,,,,,,,,,,,,,,,,,,,,,,,,,,,,,,,,,,,,,,,,,,,,,,,,,,,,,,,,,,,,,,,,,,,,,,,,,,,,,,,,,,,,,,,,,,,,,,,,,,,,,,,,,,,,,,,,,,,MILWAUKEE_MLSQ0120.jpg,MILWAUKEE_MLSQ0120_1.jpg,MILWAUKEE_MLSQ0120_2.jpg,MILWAUKEE_MLSQ0120_3.jpg,MILWAUKEE_MLSQ0120_4.jpg,,,,,MILWAUKEE_MLSQ0120_Specification_Sheet.pdf,,,,,,,,,,,,,,,,,,
,,,,,,,Hand Tools,Hand Tools,Squares,,MLSQ1120,MLSQ1120 Milw 300mm Rafter - Square (Metric),-- Unbranded --,-- No Unilog Brand --,-- No DIB Brand --,Milwaukee Accessory (4031),Milwaukee Electric Tool Corporation,MILWAUKEE®,,MLSQ1120,,Building & Hardware>Hand Tools>Measuring & Layout,"Milwaukee Electric Tool Corporation, MILWAUKEE®, Square, MLSQ1120",SQ,MILWAUKEE® MLSQ1120 Square With 300 mm,"MILWAUKEE® Square, 300 mm","Square, 300 mm",,Size: 300 mm,,,,,,,,,,,,,,,,,,,,,,,,,Square,Size,300 mm,,,,,,,,,,,,,,,,,,,,,,,,,,,,,,,,,,,,,,,,,,,,,,,,,,,,,,,,,,,,,,,,,,,,,,,,,,,,,,,,,,,,,,,,,,,,,,,,,,,,,,,,,,,,,,,,,,,,,,,,,,,,,,,,,,,,,,,,,,,,,,,,,,,,,,,,,,,,,,,,,,,,,,,,MILWAUKEE_MLSQ1120.jpg,MILWAUKEE_MLSQ1120_1.jpg,MILWAUKEE_MLSQ1120_2.jpg,MILWAUKEE_MLSQ1120_3.jpg,MILWAUKEE_MLSQ1120_4.jpg,,,,,MILWAUKEE_MLSQ1120_Specification_Sheet.pdf,,,,,,,,,,,,,,,,,,
,,,,,,,Power Tools,Power Tool Accessories,Router Bits & Cutters,,55227,"55227 Amana Countersink/Stop 1/8"" Drill TB",-- Unbranded --,-- No Unilog Brand --,-- No DIB Brand --,Amana Tool Corp (AMATO),Amana Tool Corporation,Amana Tool,,55227,,Building & Hardware>Power Tools>Accessories>Router Bits & Cutters,"Amana Tool Corporation, Amana Tool, Router Bit, 55227",RTR BIT,Amana Tool 55227 Router Bit,Amana Tool Router Bit,Router Bit,,,,,,,,,,,,,,,,,,,,,,,,,,,Router Bit,,,,,,,,,,,,,,,,,,,,,,,,,,,,,,,,,,,,,,,,,,,,,,,,,,,,,,,,,,,,,,,,,,,,,,,,,,,,,,,,,,,,,,,,,,,,,,,,,,,,,,,,,,,,,,,,,,,,,,,,,,,,,,,,,,,,,,,,,,,,,,,,,,,,,,,,,,,,,,,,,,,,,,,,,,AmanaTool_55227.jpg,AmanaTool_55227_1.jpg,AmanaTool_55227_2.jpg,AmanaTool_55227_3.jpg,AmanaTool_55227_4.jpg,,,,,AmanaTool_55227_Specification_Sheet.pdf,,,,,,,,,,,,,,,,,,
,,,,,,,Power Tools,Power Tool Accessories,Router Bits & Cutters,,37300952,"095842 Fisch Plug Cutter 3/8""",-- Unbranded --,-- No Unilog Brand --,-- No DIB Brand --,-,,,,37300952,,Building & Hardware>Power Tools>Accessories>Router Bits & Cutters,"Router Bit, 37300952",RTR BIT,37300952 Router Bit,Router Bit,Router Bit,,,,,,,,,,,,,,,,,,,,,,,,,,,Router Bit,,,,,,,,,,,,,,,,,,,,,,,,,,,,,,,,,,,,,,,,,,,,,,,,,,,,,,,,,,,,,,,,,,,,,,,,,,,,,,,,,,,,,,,,,,,,,,,,,,,,,,,,,,,,,,,,,,,,,,,,,,,,,,,,,,,,,,,,,,,,,,,,,,,,,,,,,,,,,,,,,,,,,,,,,,,,,,,,,,,,,,,,,,,,,,,,,,,,,
,,,,,,,Power Tools,Power Tools,Routers,,6008,6008 Whiteside Router Bit,-- Unbranded --,-- No Unilog Brand --,-- No DIB Brand --,Whiteside Machine & Repair Co (WHIMA),Whiteside Machine & Repair Co,Whiteside,,6008,,Building & Hardware>Power Tools>Routers,"Whiteside Machine & Repair Co, Whiteside, Router, 6008",RTR,Whiteside 6008 Router,Whiteside Router,Router,,,,,,,,,,,,,,,,,,,,,,,,,,,Router,,,,,,,,,,,,,,,,,,,,,,,,,,,,,,,,,,,,,,,,,,,,,,,,,,,,,,,,,,,,,,,,,,,,,,,,,,,,,,,,,,,,,,,,,,,,,,,,,,,,,,,,,,,,,,,,,,,,,,,,,,,,,,,,,,,,,,,,,,,,,,,,,,,,,,,,,,,,,,,,,,,,,,,,,,Whiteside_6008.jpg,Whiteside_6008_1.jpg,Whiteside_6008_2.jpg,Whiteside_6008_3.jpg,Whiteside_6008_4.jpg,,,,,Whiteside_6008_Specification_Sheet.pdf,,,,,,,,,,,,,,,,,,
,,,,,,,Power Tools,Power Tools,Routers,,6009,6009 Whiteside Router Bit,-- Unbranded --,-- No Unilog Brand --,-- No DIB Brand --,Whiteside Machine & Repair Co (WHIMA),Whiteside Machine & Repair Co,Whiteside,,6009,,Building & Hardware>Power Tools>Routers,"Whiteside Machine & Repair Co, Whiteside, Router, 6009",RTR,Whiteside 6009 Router,Whiteside Router,Router,,,,,,,,,,,,,,,,,,,,,,,,,,,Router,,,,,,,,,,,,,,,,,,,,,,,,,,,,,,,,,,,,,,,,,,,,,,,,,,,,,,,,,,,,,,,,,,,,,,,,,,,,,,,,,,,,,,,,,,,,,,,,,,,,,,,,,,,,,,,,,,,,,,,,,,,,,,,,,,,,,,,,,,,,,,,,,,,,,,,,,,,,,,,,,,,,,,,,,,Whiteside_6009.jpg,Whiteside_6009_1.jpg,Whiteside_6009_2.jpg,Whiteside_6009_3.jpg,Whiteside_6009_4.jpg,,,,,Whiteside_6009_Specification_Sheet.pdf,,,,,,,,,,,,,,,,,,
,,,,,,,Power Tools,Power Tools,Routers,,3000A,3000A Whiteside Router Bit,-- Unbranded --,-- No Unilog Brand --,-- No DIB Brand --,Whiteside Machine & Repair Co (WHIMA),Whiteside Machine & Repair Co,Whiteside,,3000A,,Building & Hardware>Power Tools>Routers,"Whiteside Machine & Repair Co, Whiteside, Router, 3000A",RTR 3000A,Whiteside 3000A Router With 3000 A,"Whiteside Router, 3000 A","Router, 3000 A",,Amperage Rating: 3000 A,,,,,,,,,,,,,,,,,,,,,,,,,Router,Amperage Rating,3000,A,,,,,,,,,,,,,,,,,,,,,,,,,,,,,,,,,,,,,,,,,,,,,,,,,,,,,,,,,,,,,,,,,,,,,,,,,,,,,,,,,,,,,,,,,,,,,,,,,,,,,,,,,,,,,,,,,,,,,,,,,,,,,,,,,,,,,,,,,,,,,,,,,,,,,,,,,,,,,,,,,,,,,,,Whiteside_3000A.jpg,Whiteside_3000A_1.jpg,Whiteside_3000A_2.jpg,Whiteside_3000A_3.jpg,Whiteside_3000A_4.jpg,,,,,Whiteside_3000A_Specification_Sheet.pdf,,,,,,,,,,,,,,,,,,
,,,,,,,Power Tools,Power Tools,Sanders & Polishers,,MID6630201US,MID6630201US Deos663XCV Sander,-- Unbranded --,-- No Unilog Brand --,-- No DIB Brand --,Mirka Abrasives Inc (MIRUS),Mirka USA Inc,Mirka®,,MID6630201US,,Building & Hardware>Power Tools>Sanders & Polishers,"Mirka USA Inc, Mirka®, Sander, MID6630201US",SNDR,Mirka® MID6630201US Sander,Mirka® Sander,Sander,,,,,,,,,,,,,,,,,,,,,,,,,,,Sander,,,,,,,,,,,,,,,,,,,,,,,,,,,,,,,,,,,,,,,,,,,,,,,,,,,,,,,,,,,,,,,,,,,,,,,,,,,,,,,,,,,,,,,,,,,,,,,,,,,,,,,,,,,,,,,,,,,,,,,,,,,,,,,,,,,,,,,,,,,,,,,,,,,,,,,,,,,,,,,,,,,,,,,,,,Mirka_MID6630201US.jpg,Mirka_MID6630201US_1.jpg,Mirka_MID6630201US_2.jpg,Mirka_MID6630201US_3.jpg,Mirka_MID6630201US_4.jpg,,,,,Mirka_MID6630201US_Specification_Sheet.pdf,,,,,,,,,,,,,,,,,,
,,,,,,,Power Tools,Power Tools,Nailer Accessories,,DCF6202,DCF6202 Dewalt Collated Attach,-- Unbranded --,-- No Unilog Brand --,DEWALT,Black & Decker/dewlt (2585),Stanley Black & Decker Inc,DEWALT,,DCF6202,,Building & Hardware>Power Tools>Nailers & Staplers,"Stanley Black & Decker Inc, DEWALT, Nailer Accessory, DCF6202",NLR ACCESSORY,DEWALT DCF6202 Nailer Accessory,DEWALT Nailer Accessory,Nailer Accessory,,,,,,,,,,,,,,,,,,,,,,,,,,,Nailer Accessory,,,,,,,,,,,,,,,,,,,,,,,,,,,,,,,,,,,,,,,,,,,,,,,,,,,,,,,,,,,,,,,,,,,,,,,,,,,,,,,,,,,,,,,,,,,,,,,,,,,,,,,,,,,,,,,,,,,,,,,,,,,,,,,,,,,,,,,,,,,,,,,,,,,,,,,,,,,,,,,,,,,,,,,,,,DEWALT_DCF6202.jpg,DEWALT_DCF6202_1.jpg,DEWALT_DCF6202_2.jpg,DEWALT_DCF6202_3.jpg,DEWALT_DCF6202_4.jpg,,,,,DEWALT_DCF6202_Specification_Sheet.pdf,,,,,,,,,,,,,,,,,,
,,,,,,,Power Tools,Hand Tools,Mason Lines,,25468,25468 Mason Line Brd Green - 500',-- Unbranded --,-- No Unilog Brand --,-- No DIB Brand --,U S Tape Company (6694),U.S. Tape Company,,,25468,,Building & Hardware>Hand Tools>Measuring & Layout,"U.S. Tape Company, Mason Line, 25468",MSN LIN,25468 Mason Line,Mason Line,Mason Line,,,,,,,,,,,,,,,,,,,,,,,,,,,Mason Line,,,,,,,,,,,,,,,,,,,,,,,,,,,,,,,,,,,,,,,,,,,,,,,,,,,,,,,,,,,,,,,,,,,,,,,,,,,,,,,,,,,,,,,,,,,,,,,,,,,,,,,,,,,,,,,,,,,,,,,,,,,,,,,,,,,,,,,,,,,,,,,,,,,,,,,,,,,,,,,,,,,,,,,,,,,,,,,,,,,,,,,,,,,,,,,,,,,,,
,,,,,,,Power Tools,Hand Tools,Mason Lines,,25762,25762 Mason Line Brd Pink - 1000',-- Unbranded --,-- No Unilog Brand --,-- No DIB Brand --,U S Tape Company (6694),U.S. Tape Company,,,25762,,Building & Hardware>Hand Tools>Measuring & Layout,"U.S. Tape Company, Mason Line, 25762",MSN LIN,25762 Mason Line,Mason Line,Mason Line,,,,,,,,,,,,,,,,,,,,,,,,,,,Mason Line,,,,,,,,,,,,,,,,,,,,,,,,,,,,,,,,,,,,,,,,,,,,,,,,,,,,,,,,,,,,,,,,,,,,,,,,,,,,,,,,,,,,,,,,,,,,,,,,,,,,,,,,,,,,,,,,,,,,,,,,,,,,,,,,,,,,,,,,,,,,,,,,,,,,,,,,,,,,,,,,,,,,,,,,,,,,,,,,,,,,,,,,,,,,,,,,,,,,,
,,,,,,,Hand Tools,Hand Tools,Files & Rasps,,21839NN,"21839NN File Bstd Mill 10""",-- Unbranded --,-- No Unilog Brand --,Nicholson,-,Nicholson,Nicholson,,21839NN,,Building & Hardware>Hand Tools>Files & Rasps,"Nicholson, Nicholson, File, 21839NN",FILE,Nicholson 21839NN File,Nicholson File,File,,,,,,,,,,,,,,,,,,,,,,,,,,,File,,,,,,,,,,,,,,,,,,,,,,,,,,,,,,,,,,,,,,,,,,,,,,,,,,,,,,,,,,,,,,,,,,,,,,,,,,,,,,,,,,,,,,,,,,,,,,,,,,,,,,,,,,,,,,,,,,,,,,,,,,,,,,,,,,,,,,,,,,,,,,,,,,,,,,,,,,,,,,,,,,,,,,,,,,Nicholson_21839NN.jpg,Nicholson_21839NN_1.jpg,Nicholson_21839NN_2.jpg,Nicholson_21839NN_3.jpg,Nicholson_21839NN_4.jpg,,,,,Nicholson_21839NN_Specification_Sheet.pdf,,,,,,,,,,,,,,,,,,
,,,,,,,Power Tools,Power Tool Accessories,Saw Blades,,VN56920,"VN56920 10 1/2"" Saw Blade",-- Unbranded --,-- No Unilog Brand --,-- No DIB Brand --,Marshalltown Trowel (5155),Marshalltown Company,,,VN56920,,Building & Hardware>Power Tools>Accessories>Saw Blades,"Marshalltown Company, Saw Blade, VN56920",SAW BLD,VN56920 Saw Blade,Saw Blade,Saw Blade,,,,,,,,,,,,,,,,,,,,,,,,,,,Saw Blade,,,,,,,,,,,,,,,,,,,,,,,,,,,,,,,,,,,,,,,,,,,,,,,,,,,,,,,,,,,,,,,,,,,,,,,,,,,,,,,,,,,,,,,,,,,,,,,,,,,,,,,,,,,,,,,,,,,,,,,,,,,,,,,,,,,,,,,,,,,,,,,,,,,,,,,,,,,,,,,,,,,,,,,,,,,,,,,,,,,,,,,,,,,,,,,,,,,,,
,,,,,,,Power Tools,Power Tool Accessories,Jobsite Radios & Speakers,,133164,133164 950/9 Hex Plus Spks - Multicolor,-- Unbranded --,-- No Unilog Brand --,-- No DIB Brand --,Wera Tools NA Inc (WERTO),Wera Tools North America Inc,Wera,,133164,,Building & Hardware>Power Tools>Jobsite Radios & Speakers,"Wera Tools North America Inc, Wera, Jobsite Speaker, 133164",JOBSITE SPEAKER,Wera 133164 Jobsite Speaker,Wera Jobsite Speaker,Jobsite Speaker,,,,,,,,,,,,,,,,,,,,,,,,,,,Jobsite Speaker,,,,,,,,,,,,,,,,,,,,,,,,,,,,,,,,,,,,,,,,,,,,,,,,,,,,,,,,,,,,,,,,,,,,,,,,,,,,,,,,,,,,,,,,,,,,,,,,,,,,,,,,,,,,,,,,,,,,,,,,,,,,,,,,,,,,,,,,,,,,,,,,,,,,,,,,,,,,,,,,,,,,,,,,,,Wera_133164.jpg,Wera_133164_1.jpg,Wera_133164_2.jpg,Wera_133164_3.jpg,Wera_133164_4.jpg,,,,,Wera_133164_Specification_Sheet.pdf,,,,,,,,,,,,,,,,,,
,,,,,,,Hand Tools,Hand Tools,Knives,,DWHT10993,DWHT10993 Folding Knife,-- Unbranded --,-- No Unilog Brand --,DEWALT,Black & Decker/dewlt (2585),Stanley Black & Decker Inc,DEWALT,,DWHT10993,,Building & Hardware>Hand Tools>Knives,"Stanley Black & Decker Inc, DEWALT, Knife, DWHT10993",KNF,DEWALT DWHT10993 Knife,DEWALT Knife,Knife,,,,,,,,,,,,,,,,,,,,,,,,,,,Knife,,,,,,,,,,,,,,,,,,,,,,,,,,,,,,,,,,,,,,,,,,,,,,,,,,,,,,,,,,,,,,,,,,,,,,,,,,,,,,,,,,,,,,,,,,,,,,,,,,,,,,,,,,,,,,,,,,,,,,,,,,,,,,,,,,,,,,,,,,,,,,,,,,,,,,,,,,,,,,,,,,,,,,,,,,DEWALT_DWHT10993.jpg,DEWALT_DWHT10993_1.jpg,DEWALT_DWHT10993_2.jpg,DEWALT_DWHT10993_3.jpg,DEWALT_DWHT10993_4.jpg,,,,,DEWALT_DWHT10993_Specification_Sheet.pdf,,,,,,,,,,,,,,,,,,
,,,,,,,Hand Tools,Hand Tools,Knives,,DWHT10994,DWHT10994 Folding Knife,-- Unbranded --,-- No Unilog Brand --,DEWALT,Black & Decker/dewlt (2585),Stanley Black & Decker Inc,DEWALT,,DWHT10994,,Building & Hardware>Hand Tools>Knives,"Stanley Black & Decker Inc, DEWALT, Knife, DWHT10994",KNF,DEWALT DWHT10994 Knife,DEWALT Knife,Knife,,,,,,,,,,,,,,,,,,,,,,,,,,,Knife,,,,,,,,,,,,,,,,,,,,,,,,,,,,,,,,,,,,,,,,,,,,,,,,,,,,,,,,,,,,,,,,,,,,,,,,,,,,,,,,,,,,,,,,,,,,,,,,,,,,,,,,,,,,,,,,,,,,,,,,,,,,,,,,,,,,,,,,,,,,,,,,,,,,,,,,,,,,,,,,,,,,,,,,,,DEWALT_DWHT10994.jpg,DEWALT_DWHT10994_1.jpg,DEWALT_DWHT10994_2.jpg,DEWALT_DWHT10994_3.jpg,DEWALT_DWHT10994_4.jpg,,,,,DEWALT_DWHT10994_Specification_Sheet.pdf,,,,,,,,,,,,,,,,,,
,,,,,,,Hand Tools,Hand Tools,Bit Holders,,QB22RU,QB22RU Vessel Carrying Bit Holder (Red),-- Unbranded --,-- No Unilog Brand --,-- No DIB Brand --,Vessel Tools USA Inc (VESTO),Vessel Tools USA Inc,VESSEL,,QB22RU,,Building & Hardware>Hand Tools>Screwdriving,"Vessel Tools USA Inc, VESSEL, Bit Holder, QB22RU",BIT HLDR,VESSEL QB22RU Bit Holder,VESSEL Bit Holder,Bit Holder,,,,,,,,,,,,,,,,,,,,,,,,,,,Bit Holder,,,,,,,,,,,,,,,,,,,,,,,,,,,,,,,,,,,,,,,,,,,,,,,,,,,,,,,,,,,,,,,,,,,,,,,,,,,,,,,,,,,,,,,,,,,,,,,,,,,,,,,,,,,,,,,,,,,,,,,,,,,,,,,,,,,,,,,,,,,,,,,,,,,,,,,,,,,,,,,,,,,,,,,,,,VESSEL_QB22RU.jpg,VESSEL_QB22RU_1.jpg,VESSEL_QB22RU_2.jpg,VESSEL_QB22RU_3.jpg,VESSEL_QB22RU_4.jpg,,,,,VESSEL_QB22RU_Specification_Sheet.pdf,,,,,,,,,,,,,,,,,,
,,,,,,,Hand Tools,Hand Tools,Bit Holders,,QB22KU,QB22KU Vessel Carrying Bit Holder (Black),-- Unbranded --,-- No Unilog Brand --,-- No DIB Brand --,Vessel Tools USA Inc (VESTO),Vessel Tools USA Inc,VESSEL,,QB22KU,,Building & Hardware>Hand Tools>Screwdriving,"Vessel Tools USA Inc, VESSEL, Bit Holder, QB22KU",BIT HLDR,VESSEL QB22KU Bit Holder With Black,"VESSEL Bit Holder, Black","Bit Holder, Black",,Color: Black,,,,,,,,,,,,,,,,,,,,,,,,,Bit Holder,Color,Black,,,,,,,,,,,,,,,,,,,,,,,,,,,,,,,,,,,,,,,,,,,,,,,,,,,,,,,,,,,,,,,,,,,,,,,,,,,,,,,,,,,,,,,,,,,,,,,,,,,,,,,,,,,,,,,,,,,,,,,,,,,,,,,,,,,,,,,,,,,,,,,,,,,,,,,,,,,,,,,,,,,,,,,,VESSEL_QB22KU.jpg,VESSEL_QB22KU_1.jpg,VESSEL_QB22KU_2.jpg,VESSEL_QB22KU_3.jpg,VESSEL_QB22KU_4.jpg,,,,,VESSEL_QB22KU_Specification_Sheet.pdf,,,,,,,,,,,,,,,,,,
,,,,,,,Hand Tools,Hand Tools,Snips,,AVM6EV,AVM6 EV Mini Snip Red,-- Unbranded --,-- No Unilog Brand --,-- No DIB Brand --,Malco Prod (2370),Malco Products Inc,Malco,,AVM6EV,,Building & Hardware>Hand Tools>Snips & Shears,"Malco Products Inc, Malco, Snip, AVM6EV",SNIP,Malco AVM6EV Snip,Malco Snip,Snip,,,,,,,,,,,,,,,,,,,,,,,,,,,Snip,,,,,,,,,,,,,,,,,,,,,,,,,,,,,,,,,,,,,,,,,,,,,,,,,,,,,,,,,,,,,,,,,,,,,,,,,,,,,,,,,,,,,,,,,,,,,,,,,,,,,,,,,,,,,,,,,,,,,,,,,,,,,,,,,,,,,,,,,,,,,,,,,,,,,,,,,,,,,,,,,,,,,,,,,,Malco_AVM6EV.jpg,Malco_AVM6EV_1.jpg,Malco_AVM6EV_2.jpg,Malco_AVM6EV_3.jpg,Malco_AVM6EV_4.jpg,,,,,Malco_AVM6EV_Specification_Sheet.pdf,,,,,,,,,,,,,,,,,,
,,,,,,,Hand Tools,Hand Tools,Snips,,AVM6EV,AVM7 EV Mini Snip Green,-- Unbranded --,-- No Unilog Brand --,-- No DIB Brand --,Malco Prod (2370),Malco Products Inc,Malco,,AVM6EV,,Building & Hardware>Hand Tools>Snips & Shears,"Malco Products Inc, Malco, Snip, AVM6EV",SNIP,Malco AVM6EV Snip,Malco Snip,Snip,,,,,,,,,,,,,,,,,,,,,,,,,,,Snip,,,,,,,,,,,,,,,,,,,,,,,,,,,,,,,,,,,,,,,,,,,,,,,,,,,,,,,,,,,,,,,,,,,,,,,,,,,,,,,,,,,,,,,,,,,,,,,,,,,,,,,,,,,,,,,,,,,,,,,,,,,,,,,,,,,,,,,,,,,,,,,,,,,,,,,,,,,,,,,,,,,,,,,,,,Malco_AVM6EV.jpg,Malco_AVM6EV_1.jpg,Malco_AVM6EV_2.jpg,Malco_AVM6EV_3.jpg,Malco_AVM6EV_4.jpg,,,,,Malco_AVM6EV_Specification_Sheet.pdf,,,,,,,,,,,,,,,,,,
,,,,,,,Power Tools,Power Tool Accessories,Sockets & Adapters,,DSA0250B,"DSA0250B 1/4"" Square x1/4"" Hex - Socket Adapter",-- Unbranded --,-- No Unilog Brand --,Diablo,Freud Inc (2435),Freud America Inc,Diablo,,DSA0250B,,Building & Hardware>Power Tools>Accessories>Sockets & Adapters,"Freud America Inc, Diablo, Socket, DSA0250B",SKT,Diablo DSA0250B Socket,Diablo Socket,Socket,,,,,,,,,,,,,,,,,,,,,,,,,,,Socket,,,,,,,,,,,,,,,,,,,,,,,,,,,,,,,,,,,,,,,,,,,,,,,,,,,,,,,,,,,,,,,,,,,,,,,,,,,,,,,,,,,,,,,,,,,,,,,,,,,,,,,,,,,,,,,,,,,,,,,,,,,,,,,,,,,,,,,,,,,,,,,,,,,,,,,,,,,,,,,,,,,,,,,,,,Diablo_DSA0250B.jpg,Diablo_DSA0250B_1.jpg,Diablo_DSA0250B_2.jpg,Diablo_DSA0250B_3.jpg,Diablo_DSA0250B_4.jpg,,,,,Diablo_DSA0250B_Specification_Sheet.pdf,,,,,,,,,,,,,,,,,,
,,,,,,,Power Tools,Power Tool Accessories,Sockets & Adapters,,DSA0375B,"DSA0375B 3/8"" Square x1/4"" Hex - Socket Adapter",-- Unbranded --,-- No Unilog Brand --,Diablo,Freud Inc (2435),Freud America Inc,Diablo,,DSA0375B,,Building & Hardware>Power Tools>Accessories>Sockets & Adapters,"Freud America Inc, Diablo, Socket, DSA0375B",SKT,Diablo DSA0375B Socket,Diablo Socket,Socket,,,,,,,,,,,,,,,,,,,,,,,,,,,Socket,,,,,,,,,,,,,,,,,,,,,,,,,,,,,,,,,,,,,,,,,,,,,,,,,,,,,,,,,,,,,,,,,,,,,,,,,,,,,,,,,,,,,,,,,,,,,,,,,,,,,,,,,,,,,,,,,,,,,,,,,,,,,,,,,,,,,,,,,,,,,,,,,,,,,,,,,,,,,,,,,,,,,,,,,,Diablo_DSA0375B.jpg,Diablo_DSA0375B_1.jpg,Diablo_DSA0375B_2.jpg,Diablo_DSA0375B_3.jpg,Diablo_DSA0375B_4.jpg,,,,,Diablo_DSA0375B_Specification_Sheet.pdf,,,,,,,,,,,,,,,,,,
,,,,,,,Power Tools,Power Tool Accessories,Sockets & Adapters,,DSA0500B,"DSA0500B 1/2"" Square x1/4"" Hex - Socket Adapter",-- Unbranded --,-- No Unilog Brand --,Diablo,Freud Inc (2435),Freud America Inc,Diablo,,DSA0500B,,Building & Hardware>Power Tools>Accessories>Sockets & Adapters,"Freud America Inc, Diablo, Socket, DSA0500B",SKT,Diablo DSA0500B Socket,Diablo Socket,Socket,,,,,,,,,,,,,,,,,,,,,,,,,,,Socket,,,,,,,,,,,,,,,,,,,,,,,,,,,,,,,,,,,,,,,,,,,,,,,,,,,,,,,,,,,,,,,,,,,,,,,,,,,,,,,,,,,,,,,,,,,,,,,,,,,,,,,,,,,,,,,,,,,,,,,,,,,,,,,,,,,,,,,,,,,,,,,,,,,,,,,,,,,,,,,,,,,,,,,,,,Diablo_DSA0500B.jpg,Diablo_DSA0500B_1.jpg,Diablo_DSA0500B_2.jpg,Diablo_DSA0500B_3.jpg,Diablo_DSA0500B_4.jpg,,,,,Diablo_DSA0500B_Specification_Sheet.pdf,,,,,,,,,,,,,,,,,,
,,,,,,,Power Tools,Power Tool Accessories,Sockets & Adapters,,42-04-9107,"42-04-9107 Milw 3/8"" Drive Universal Joint",-- Unbranded --,-- No Unilog Brand --,-- No DIB Brand --,Milwaukee Accessory (4031),Milwaukee Electric Tool Corporation,MILWAUKEE®,,42-04-9107,,Building & Hardware>Power Tools>Accessories>Sockets & Adapters,"Milwaukee Electric Tool Corporation, MILWAUKEE®, Socket, 42-04-9107",SKT,MILWAUKEE® 42-04-9107 Socket,MILWAUKEE® Socket,Socket,,,,,,,,,,,,,,,,,,,,,,,,,,,Socket,,,,,,,,,,,,,,,,,,,,,,,,,,,,,,,,,,,,,,,,,,,,,,,,,,,,,,,,,,,,,,,,,,,,,,,,,,,,,,,,,,,,,,,,,,,,,,,,,,,,,,,,,,,,,,,,,,,,,,,,,,,,,,,,,,,,,,,,,,,,,,,,,,,,,,,,,,,,,,,,,,,,,,,,,,MILWAUKEE_42-04-9107.jpg,MILWAUKEE_42-04-9107_1.jpg,MILWAUKEE_42-04-9107_2.jpg,MILWAUKEE_42-04-9107_3.jpg,MILWAUKEE_42-04-9107_4.jpg,,,,,MILWAUKEE_42-04-9107_Specification_Sheet.pdf,,,,,,,,,,,,,,,,,,
,,,,,,,Power Tools,Power Tool Accessories,Wrenches,,48-22-9491,48-22-9491 Milw 242pc Ratchet & Socket Set 4-Drawer Tool Box,-- Unbranded --,-- No Unilog Brand --,-- No DIB Brand --,Milwaukee Accessory (4031),Milwaukee Electric Tool Corporation,MILWAUKEE®,,48-22-9491,,Building & Hardware>Power Tools>Accessories>Wrenches,"Milwaukee Electric Tool Corporation, MILWAUKEE®, Wrench Set, 48-22-9491",WRN SET,MILWAUKEE® 48-22-9491 Wrench Set With 242 pc,"MILWAUKEE® Wrench Set, 242 pc","Wrench Set, 242 pc",,Package Quantity: 242 pc,,,,,,,,,,,,,,,,,,,,,,,,,Wrench Set,Package Quantity,242,pc,,,,,,,,,,,,,,,,,,,,,,,,,,,,,,,,,,,,,,,,,,,,,,,,,,,,,,,,,,,,,,,,,,,,,,,,,,,,,,,,,,,,,,,,,,,,,,,,,,,,,,,,,,,,,,,,,,,,,,,,,,,,,,,,,,,,,,,,,,,,,,,,,,,,,,,,,,,,,,,,,,,,,,,MILWAUKEE_48-22-9491.jpg,MILWAUKEE_48-22-9491_1.jpg,MILWAUKEE_48-22-9491_2.jpg,MILWAUKEE_48-22-9491_3.jpg,MILWAUKEE_48-22-9491_4.jpg,,,,,MILWAUKEE_48-22-9491_Specification_Sheet.pdf,,,,,,,,,,,,,,,,,,
,,,,,,,Power Tools,Power Tool Accessories,Wrenches,,DWMT45422,"DWMT45422 Dewalt 1/4"" Drive - 50pc Mechanics Set",-- Unbranded --,-- No Unilog Brand --,-- No DIB Brand --,Black & Decker/dewlt (2585),Stanley Black & Decker Inc,DEWALT,,DWMT45422,,Building & Hardware>Power Tools>Accessories>Wrenches,"Stanley Black & Decker Inc, DEWALT, Wrench Set, DWMT45422",WRN SET,DEWALT DWMT45422 Wrench Set With 50 pc,"DEWALT Wrench Set, 50 pc","Wrench Set, 50 pc",,Package Quantity: 50 pc,,,,,,,,,,,,,,,,,,,,,,,,,Wrench Set,Package Quantity,50,pc,,,,,,,,,,,,,,,,,,,,,,,,,,,,,,,,,,,,,,,,,,,,,,,,,,,,,,,,,,,,,,,,,,,,,,,,,,,,,,,,,,,,,,,,,,,,,,,,,,,,,,,,,,,,,,,,,,,,,,,,,,,,,,,,,,,,,,,,,,,,,,,,,,,,,,,,,,,,,,,,,,,,,,,DEWALT_DWMT45422.jpg,DEWALT_DWMT45422_1.jpg,DEWALT_DWMT45422_2.jpg,DEWALT_DWMT45422_3.jpg,DEWALT_DWMT45422_4.jpg,,,,,DEWALT_DWMT45422_Specification_Sheet.pdf,,,,,,,,,,,,,,,,,,
,,,,,,,Power Tools,Power Tool Accessories,Wrenches,,DWMT45424,"DWMT45424 Dewalt 3/8"" Drive - 84pc Mechanics Set",-- Unbranded --,-- No Unilog Brand --,-- No DIB Brand --,Black & Decker/dewlt (2585),Stanley Black & Decker Inc,DEWALT,,DWMT45424,,Building & Hardware>Power Tools>Accessories>Wrenches,"Stanley Black & Decker Inc, DEWALT, Wrench Set, DWMT45424",WRN SET,DEWALT DWMT45424 Wrench Set With 84 pc,"DEWALT Wrench Set, 84 pc","Wrench Set, 84 pc",,Package Quantity: 84 pc,,,,,,,,,,,,,,,,,,,,,,,,,Wrench Set,Package Quantity,84,pc,,,,,,,,,,,,,,,,,,,,,,,,,,,,,,,,,,,,,,,,,,,,,,,,,,,,,,,,,,,,,,,,,,,,,,,,,,,,,,,,,,,,,,,,,,,,,,,,,,,,,,,,,,,,,,,,,,,,,,,,,,,,,,,,,,,,,,,,,,,,,,,,,,,,,,,,,,,,,,,,,,,,,,,DEWALT_DWMT45424.jpg,DEWALT_DWMT45424_1.jpg,DEWALT_DWMT45424_2.jpg,DEWALT_DWMT45424_3.jpg,DEWALT_DWMT45424_4.jpg,,,,,DEWALT_DWMT45424_Specification_Sheet.pdf,,,,,,,,,,,,,,,,,,
,,,,,,,Power Tools,Power Tool Accessories,Wrenches,,48-22-9483,48-22-9483 Milw Packout 15pc - Metric Wrench Set,-- Unbranded --,-- No Unilog Brand --,-- No DIB Brand --,Milwaukee Accessory (4031),Milwaukee Electric Tool Corporation,MILWAUKEE®,,48-22-9483,,Building & Hardware>Power Tools>Accessories>Wrenches,"Milwaukee Electric Tool Corporation, MILWAUKEE®, Wrench Set, 48-22-9483",WRN SET,MILWAUKEE® 48-22-9483 Wrench Set With 15 pc,"MILWAUKEE® Wrench Set, 15 pc","Wrench Set, 15 pc",,Package Quantity: 15 pc,,,,,,,,,,,,,,,,,,,,,,,,,Wrench Set,Package Quantity,15,pc,,,,,,,,,,,,,,,,,,,,,,,,,,,,,,,,,,,,,,,,,,,,,,,,,,,,,,,,,,,,,,,,,,,,,,,,,,,,,,,,,,,,,,,,,,,,,,,,,,,,,,,,,,,,,,,,,,,,,,,,,,,,,,,,,,,,,,,,,,,,,,,,,,,,,,,,,,,,,,,,,,,,,,,MILWAUKEE_48-22-9483.jpg,MILWAUKEE_48-22-9483_1.jpg,MILWAUKEE_48-22-9483_2.jpg,MILWAUKEE_48-22-9483_3.jpg,MILWAUKEE_48-22-9483_4.jpg,,,,,MILWAUKEE_48-22-9483_Specification_Sheet.pdf,,,,,,,,,,,,,,,,,,
,,,,,,,Power Tools,Power Tool Accessories,Wrenches,,48-22-9484,48-22-9484 Milw Packout 15pc - SAE Wrench Set,-- Unbranded --,-- No Unilog Brand --,-- No DIB Brand --,Milwaukee Accessory (4031),Milwaukee Electric Tool Corporation,MILWAUKEE®,,48-22-9484,,Building & Hardware>Power Tools>Accessories>Wrenches,"Milwaukee Electric Tool Corporation, MILWAUKEE®, Wrench Set, 48-22-9484",WRN SET,MILWAUKEE® 48-22-9484 Wrench Set With 15 pc,"MILWAUKEE® Wrench Set, 15 pc","Wrench Set, 15 pc",,Package Quantity: 15 pc,,,,,,,,,,,,,,,,,,,,,,,,,Wrench Set,Package Quantity,15,pc,,,,,,,,,,,,,,,,,,,,,,,,,,,,,,,,,,,,,,,,,,,,,,,,,,,,,,,,,,,,,,,,,,,,,,,,,,,,,,,,,,,,,,,,,,,,,,,,,,,,,,,,,,,,,,,,,,,,,,,,,,,,,,,,,,,,,,,,,,,,,,,,,,,,,,,,,,,,,,,,,,,,,,,MILWAUKEE_48-22-9484.jpg,MILWAUKEE_48-22-9484_1.jpg,MILWAUKEE_48-22-9484_2.jpg,MILWAUKEE_48-22-9484_3.jpg,MILWAUKEE_48-22-9484_4.jpg,,,,,MILWAUKEE_48-22-9484_Specification_Sheet.pdf,,,,,,,,,,,,,,,,,,
,,,,,,,Power Tools,Power Tool Accessories,Wrenches,,48-22-9485,48-22-9485 Milw Packout 30pc - Metric & SAE Wrench Set,-- Unbranded --,-- No Unilog Brand --,-- No DIB Brand --,Milwaukee Accessory (4031),Milwaukee Electric Tool Corporation,MILWAUKEE®,,48-22-9485,,Building & Hardware>Power Tools>Accessories>Wrenches,"Milwaukee Electric Tool Corporation, MILWAUKEE®, Wrench Set, 48-22-9485",WRN SET,MILWAUKEE® 48-22-9485 Wrench Set With 30 pc,"MILWAUKEE® Wrench Set, 30 pc","Wrench Set, 30 pc",,Package Quantity: 30 pc,,,,,,,,,,,,,,,,,,,,,,,,,Wrench Set,Package Quantity,30,pc,,,,,,,,,,,,,,,,,,,,,,,,,,,,,,,,,,,,,,,,,,,,,,,,,,,,,,,,,,,,,,,,,,,,,,,,,,,,,,,,,,,,,,,,,,,,,,,,,,,,,,,,,,,,,,,,,,,,,,,,,,,,,,,,,,,,,,,,,,,,,,,,,,,,,,,,,,,,,,,,,,,,,,,MILWAUKEE_48-22-9485.jpg,MILWAUKEE_48-22-9485_1.jpg,MILWAUKEE_48-22-9485_2.jpg,MILWAUKEE_48-22-9485_3.jpg,MILWAUKEE_48-22-9485_4.jpg,,,,,MILWAUKEE_48-22-9485_Specification_Sheet.pdf,,,,,,,,,,,,,,,,,,
,,,,,,,Power Tools,Outdoor Power Tools,Pruners & Shears,,48-44-2770,48-44-2770 Milw Pole Pruning - Shears Replacement Blade,-- Unbranded --,-- No Unilog Brand --,-- No DIB Brand --,Milwaukee Accessory (4031),Milwaukee Electric Tool Corporation,MILWAUKEE®,,48-44-2770,,Building & Hardware>Outdoor Power Tools>Pruners & Shears,"Milwaukee Electric Tool Corporation, MILWAUKEE®, Pruning Shear, 48-44-2770",PRUNING SHEAR,MILWAUKEE® 48-44-2770 Pruning Shear,MILWAUKEE® Pruning Shear,Pruning Shear,,,,,,,,,,,,,,,,,,,,,,,,,,,Pruning Shear,,,,,,,,,,,,,,,,,,,,,,,,,,,,,,,,,,,,,,,,,,,,,,,,,,,,,,,,,,,,,,,,,,,,,,,,,,,,,,,,,,,,,,,,,,,,,,,,,,,,,,,,,,,,,,,,,,,,,,,,,,,,,,,,,,,,,,,,,,,,,,,,,,,,,,,,,,,,,,,,,,,,,,,,,,MILWAUKEE_48-44-2770.jpg,MILWAUKEE_48-44-2770_1.jpg,MILWAUKEE_48-44-2770_2.jpg,MILWAUKEE_48-44-2770_3.jpg,MILWAUKEE_48-44-2770_4.jpg,,,,,MILWAUKEE_48-44-2770_Specification_Sheet.pdf,,,,,,,,,,,,,,,,,,
,,,,,,,Power Tools,Power Tool Accessories,Chalk Lines,,IWHT48441RC,IWHT48441RC Irwin 100ft - Red Chalk & Reel Set,-- Unbranded --,-- No Unilog Brand --,Irwin,Irwin Industrial Tools (5863),Irwin Industrial Tool Company,Irwin,,IWHT48441RC,,Building & Hardware>Power Tools>Accessories>Chalk Lines,"Irwin Industrial Tool Company, Irwin, Chalk Line Reel, IWHT48441RC",CHK LIN REL,Irwin IWHT48441RC Chalk Line Reel,Irwin Chalk Line Reel,Chalk Line Reel,,,,,,,,,,,,,,,,,,,,,,,,,,,Chalk Line Reel,,,,,,,,,,,,,,,,,,,,,,,,,,,,,,,,,,,,,,,,,,,,,,,,,,,,,,,,,,,,,,,,,,,,,,,,,,,,,,,,,,,,,,,,,,,,,,,,,,,,,,,,,,,,,,,,,,,,,,,,,,,,,,,,,,,,,,,,,,,,,,,,,,,,,,,,,,,,,,,,,,,,,,,,,,Irwin_IWHT48441RC.jpg,Irwin_IWHT48441RC_1.jpg,Irwin_IWHT48441RC_2.jpg,Irwin_IWHT48441RC_3.jpg,Irwin_IWHT48441RC_4.jpg,,,,,Irwin_IWHT48441RC_Specification_Sheet.pdf,,,,,,,,,,,,,,,,,,
,,,,,,,Power Tools,Outdoor Power Tools,String Trimmers,,XRU23SM1,"XRU23SM1 Makita 18V 13"" - String Trimmer Kit",-- Unbranded --,-- No Unilog Brand --,-- No DIB Brand --,Makita Usa Inc (5142),Makita U.S.A. Inc.,Makita,,XRU23SM1,,Building & Hardware>Outdoor Power Tools>String Trimmers,"Makita U.S.A. Inc., Makita, String Trimmer, XRU23SM1",STRG TRIMMER,Makita XRU23SM1 String Trimmer,Makita String Trimmer,String Trimmer,,,,,,,,,,,,,,,,,,,,,,,,,,,String Trimmer,,,,,,,,,,,,,,,,,,,,,,,,,,,,,,,,,,,,,,,,,,,,,,,,,,,,,,,,,,,,,,,,,,,,,,,,,,,,,,,,,,,,,,,,,,,,,,,,,,,,,,,,,,,,,,,,,,,,,,,,,,,,,,,,,,,,,,,,,,,,,,,,,,,,,,,,,,,,,,,,,,,,,,,,,,Makita_XRU23SM1.jpg,Makita_XRU23SM1_1.jpg,Makita_XRU23SM1_2.jpg,Makita_XRU23SM1_3.jpg,Makita_XRU23SM1_4.jpg,,,,,Makita_XRU23SM1_Specification_Sheet.pdf,,,,,,,,,,,,,,,,,,
,,,,,,,Power Tools,Outdoor Power Tools,String Trimmers,,XRU15PT1,XRU15PT1 Makita String Trimmer,-- Unbranded --,-- No Unilog Brand --,-- No DIB Brand --,Makita Usa Inc (5142),Makita U.S.A. Inc.,Makita,,XRU15PT1,,Building & Hardware>Outdoor Power Tools>String Trimmers,"Makita U.S.A. Inc., Makita, String Trimmer, XRU15PT1",STRG TRIMMER,Makita XRU15PT1 String Trimmer,Makita String Trimmer,String Trimmer,,,,,,,,,,,,,,,,,,,,,,,,,,,String Trimmer,,,,,,,,,,,,,,,,,,,,,,,,,,,,,,,,,,,,,,,,,,,,,,,,,,,,,,,,,,,,,,,,,,,,,,,,,,,,,,,,,,,,,,,,,,,,,,,,,,,,,,,,,,,,,,,,,,,,,,,,,,,,,,,,,,,,,,,,,,,,,,,,,,,,,,,,,,,,,,,,,,,,,,,,,,Makita_XRU15PT1.jpg,Makita_XRU15PT1_1.jpg,Makita_XRU15PT1_2.jpg,Makita_XRU15PT1_3.jpg,Makita_XRU15PT1_4.jpg,,,,,Makita_XRU15PT1_Specification_Sheet.pdf,,,,,,,,,,,,,,,,,,
,,,,,,,Power Tools,Outdoor Power Tools,String Trimmers,,XRU23Z,XRU23Z Makita 18V Trimmer Tool - Only,-- Unbranded --,-- No Unilog Brand --,-- No DIB Brand --,Makita Usa Inc (5142),Makita U.S.A. Inc.,Makita,,XRU23Z,,Building & Hardware>Outdoor Power Tools>String Trimmers,"Makita U.S.A. Inc., Makita, String Trimmer, XRU23Z",STRG TRIMMER,Makita XRU23Z String Trimmer,Makita String Trimmer,String Trimmer,,,,,,,,,,,,,,,,,,,,,,,,,,,String Trimmer,,,,,,,,,,,,,,,,,,,,,,,,,,,,,,,,,,,,,,,,,,,,,,,,,,,,,,,,,,,,,,,,,,,,,,,,,,,,,,,,,,,,,,,,,,,,,,,,,,,,,,,,,,,,,,,,,,,,,,,,,,,,,,,,,,,,,,,,,,,,,,,,,,,,,,,,,,,,,,,,,,,,,,,,,,Makita_XRU23Z.jpg,Makita_XRU23Z_1.jpg,Makita_XRU23Z_2.jpg,Makita_XRU23Z_3.jpg,Makita_XRU23Z_4.jpg,,,,,Makita_XRU23Z_Specification_Sheet.pdf,,,,,,,,,,,,,,,,,,
,,,,,,,Power Tools,Power Tools,Blowers,,0887-20,0887-20 Milw M18 Brushless Precision Blower,-- Unbranded --,-- No Unilog Brand --,-- No DIB Brand --,Milwaukee Accessory (4031),Milwaukee Electric Tool Corporation,MILWAUKEE®,,0887-20,,Building & Hardware>Power Tools>Blowers & Vacuums,"Milwaukee Electric Tool Corporation, MILWAUKEE®, Blower, 0887-20",BLOWER,MILWAUKEE® 0887-20 Blower,MILWAUKEE® Blower,Blower,,,,,,,,,,,,,,,,,,,,,,,,,,,Blower,,,,,,,,,,,,,,,,,,,,,,,,,,,,,,,,,,,,,,,,,,,,,,,,,,,,,,,,,,,,,,,,,,,,,,,,,,,,,,,,,,,,,,,,,,,,,,,,,,,,,,,,,,,,,,,,,,,,,,,,,,,,,,,,,,,,,,,,,,,,,,,,,,,,,,,,,,,,,,,,,,,,,,,,,,MILWAUKEE_0887-20.jpg,MILWAUKEE_0887-20_1.jpg,MILWAUKEE_0887-20_2.jpg,MILWAUKEE_0887-20_3.jpg,MILWAUKEE_0887-20_4.jpg,,,,,MILWAUKEE_0887-20_Specification_Sheet.pdf,,,,,,,,,,,,,,,,,,
,,,,,,,Power Tools,Power Tools,Blowers,,DCBL724B,DCBL724B Dewalt 20V Max XR Blower (Bare),-- Unbranded --,-- No Unilog Brand --,-- No DIB Brand --,Black & Decker/dewlt (2585),Stanley Black & Decker Inc,DEWALT,,DCBL724B,,Building & Hardware>Power Tools>Blowers & Vacuums,"Stanley Black & Decker Inc, DEWALT, Blower, DCBL724B",BLOWER,DEWALT DCBL724B Blower,DEWALT Blower,Blower,,,,,,,,,,,,,,,,,,,,,,,,,,,Blower,,,,,,,,,,,,,,,,,,,,,,,,,,,,,,,,,,,,,,,,,,,,,,,,,,,,,,,,,,,,,,,,,,,,,,,,,,,,,,,,,,,,,,,,,,,,,,,,,,,,,,,,,,,,,,,,,,,,,,,,,,,,,,,,,,,,,,,,,,,,,,,,,,,,,,,,,,,,,,,,,,,,,,,,,,DEWALT_DCBL724B.jpg,DEWALT_DCBL724B_1.jpg,DEWALT_DCBL724B_2.jpg,DEWALT_DCBL724B_3.jpg,DEWALT_DCBL724B_4.jpg,,,,,DEWALT_DCBL724B_Specification_Sheet.pdf,,,,,,,,,,,,,,,,,,
,,,,,,,Power Tools,Power Tool Accessories,Jobsite Radios & Speakers,,2954-20,2954-20 Milw M18 Bluetooth Jobsite Speaker,-- Unbranded --,-- No Unilog Brand --,-- No DIB Brand --,Milwaukee Accessory (4031),Milwaukee Electric Tool Corporation,MILWAUKEE®,,2954-20,,Building & Hardware>Power Tools>Jobsite Radios & Speakers,"Milwaukee Electric Tool Corporation, MILWAUKEE®, Jobsite Speaker, 2954-20",JOBSITE SPEAKER,MILWAUKEE® 2954-20 Jobsite Speaker,MILWAUKEE® Jobsite Speaker,Jobsite Speaker,,,,,,,,,,,,,,,,,,,,,,,,,,,Jobsite Speaker,,,,,,,,,,,,,,,,,,,,,,,,,,,,,,,,,,,,,,,,,,,,,,,,,,,,,,,,,,,,,,,,,,,,,,,,,,,,,,,,,,,,,,,,,,,,,,,,,,,,,,,,,,,,,,,,,,,,,,,,,,,,,,,,,,,,,,,,,,,,,,,,,,,,,,,,,,,,,,,,,,,,,,,,,,MILWAUKEE_2954-20.jpg,MILWAUKEE_2954-20_1.jpg,MILWAUKEE_2954-20_2.jpg,MILWAUKEE_2954-20_3.jpg,MILWAUKEE_2954-20_4.jpg,,,,,MILWAUKEE_2954-20_Specification_Sheet.pdf,,,,,,,,,,,,,,,,,,
,,,,,,,Power Tools,Power Tool Accessories,Jobsite Radios & Speakers,,2955-20,2955-20 Milw M12 Bluetooth - Jobsite Speaker w/Packout,-- Unbranded --,-- No Unilog Brand --,-- No DIB Brand --,Milwaukee Accessory (4031),Milwaukee Electric Tool Corporation,MILWAUKEE®,,2955-20,,Building & Hardware>Power Tools>Jobsite Radios & Speakers,"Milwaukee Electric Tool Corporation, MILWAUKEE®, Jobsite Speaker, 2955-20",JOBSITE SPEAKER,MILWAUKEE® 2955-20 Jobsite Speaker,MILWAUKEE® Jobsite Speaker,Jobsite Speaker,,,,,,,,,,,,,,,,,,,,,,,,,,,Jobsite Speaker,,,,,,,,,,,,,,,,,,,,,,,,,,,,,,,,,,,,,,,,,,,,,,,,,,,,,,,,,,,,,,,,,,,,,,,,,,,,,,,,,,,,,,,,,,,,,,,,,,,,,,,,,,,,,,,,,,,,,,,,,,,,,,,,,,,,,,,,,,,,,,,,,,,,,,,,,,,,,,,,,,,,,,,,,,MILWAUKEE_2955-20.jpg,MILWAUKEE_2955-20_1.jpg,MILWAUKEE_2955-20_2.jpg,MILWAUKEE_2955-20_3.jpg,MILWAUKEE_2955-20_4.jpg,,,,,MILWAUKEE_2955-20_Specification_Sheet.pdf,,,,,,,,,,,,,,,,,,
,,,,,,,Power Tools,Cutting & Abrasive Accessories,Abrasive Sheets & Discs,,9A-219-180,9A-219-180 Abranet 4x6x6,-- Unbranded --,-- No Unilog Brand --,-- No DIB Brand --,Mirka Abrasives Inc (MIRUS),Mirka USA Inc,Mirka®,,9A-219-180,,Building & Hardware>Power Tools>Accessories>Abrasive Sheets & Discs,"Mirka USA Inc, Mirka®, Abrasive Sheet, Abranet, 9A-219-180",ABRASIVE SHEET 9A,"Mirka® Abranet 9A-219-180 Abrasive Sheet With 9 A, 4 in","Mirka® Abrasive Sheet, Abranet, 9 A, 4 in","Abranet Abrasive Sheet, 9 A, 4 in",,Series: Abranet,Amperage Rating: 9 A,Size: 4 in,,,,,,,,,,,,,,,,,,,,,,,Abrasive Sheet,Series,Abranet,,Amperage Rating,9,A,Size,4 in,,,,,,,,,,,,,,,,,,,,,,,,,,,,,,,,,,,,,,,,,,,,,,,,,,,,,,,,,,,,,,,,,,,,,,,,,,,,,,,,,,,,,,,,,,,,,,,,,,,,,,,,,,,,,,,,,,,,,,,,,,,,,,,,,,,,,,,,,,,,,,,,,,,,,,,,,,,,,,,,,,Mirka_9A-219-180.jpg,Mirka_9A-219-180_1.jpg,Mirka_9A-219-180_2.jpg,Mirka_9A-219-180_3.jpg,Mirka_9A-219-180_4.jpg,,,,,Mirka_9A-219-180_Specification_Sheet.pdf,,,,,,,,,,,,,,,,,,
,,,,,,,Power Tools,Cutting & Abrasive Accessories,Abrasive Sheets & Discs,,9A-219-120RP,9A-219-120RP Abranet 4x6x6,-- Unbranded --,-- No Unilog Brand --,-- No DIB Brand --,Mirka Abrasives Inc (MIRUS),Mirka USA Inc,Mirka®,,9A-219-120RP,,Building & Hardware>Power Tools>Accessories>Abrasive Sheets & Discs,"Mirka USA Inc, Mirka®, Abrasive Sheet, Abranet, 9A-219-120RP",ABRASIVE SHEET 9A,"Mirka® Abranet 9A-219-120RP Abrasive Sheet With 9 A, 4 in","Mirka® Abrasive Sheet, Abranet, 9 A, 4 in","Abranet Abrasive Sheet, 9 A, 4 in",,Series: Abranet,Amperage Rating: 9 A,Size: 4 in,,,,,,,,,,,,,,,,,,,,,,,Abrasive Sheet,Series,Abranet,,Amperage Rating,9,A,Size,4 in,,,,,,,,,,,,,,,,,,,,,,,,,,,,,,,,,,,,,,,,,,,,,,,,,,,,,,,,,,,,,,,,,,,,,,,,,,,,,,,,,,,,,,,,,,,,,,,,,,,,,,,,,,,,,,,,,,,,,,,,,,,,,,,,,,,,,,,,,,,,,,,,,,,,,,,,,,,,,,,,,,Mirka_9A-219-120RP.jpg,Mirka_9A-219-120RP_1.jpg,Mirka_9A-219-120RP_2.jpg,Mirka_9A-219-120RP_3.jpg,Mirka_9A-219-120RP_4.jpg,,,,,Mirka_9A-219-120RP_Specification_Sheet.pdf,,,,,,,,,,,,,,,,,,
,,,,,,,Power Tools,Outdoor Power Tools,Hedge Trimmers,,3033-20,"3033-20 Milw M18 24"" - Hedge Trimmer",-- Unbranded --,-- No Unilog Brand --,Milwaukee,Milwaukee Accessory (4031),Milwaukee Electric Tool Corporation,MILWAUKEE®,,3033-20,,Building & Hardware>Outdoor Power Tools>Hedge Trimmers,"Milwaukee Electric Tool Corporation, MILWAUKEE®, Hedge Trimmer, 3033-20",HEDGE TRIMMER,MILWAUKEE® 3033-20 Hedge Trimmer,MILWAUKEE® Hedge Trimmer,Hedge Trimmer,,,,,,,,,,,,,,,,,,,,,,,,,,,Hedge Trimmer,,,,,,,,,,,,,,,,,,,,,,,,,,,,,,,,,,,,,,,,,,,,,,,,,,,,,,,,,,,,,,,,,,,,,,,,,,,,,,,,,,,,,,,,,,,,,,,,,,,,,,,,,,,,,,,,,,,,,,,,,,,,,,,,,,,,,,,,,,,,,,,,,,,,,,,,,,,,,,,,,,,,,,,,,,MILWAUKEE_3033-20.jpg,MILWAUKEE_3033-20_1.jpg,MILWAUKEE_3033-20_2.jpg,MILWAUKEE_3033-20_3.jpg,MILWAUKEE_3033-20_4.jpg,,,,,MILWAUKEE_3033-20_Specification_Sheet.pdf,,,,,,,,,,,,,,,,,,
,,,,,,,Power Tools,Outdoor Power Tools,Hedge Trimmers,,3033-21,"3033-21 Milw M18 24"" - Hedge Trimmer Kit",-- Unbranded --,-- No Unilog Brand --,-- No DIB Brand --,Milwaukee Accessory (4031),Milwaukee Electric Tool Corporation,MILWAUKEE®,,3033-21,,Building & Hardware>Outdoor Power Tools>Hedge Trimmers,"Milwaukee Electric Tool Corporation, MILWAUKEE®, Hedge Trimmer, 3033-21",HEDGE TRIMMER,MILWAUKEE® 3033-21 Hedge Trimmer,MILWAUKEE® Hedge Trimmer,Hedge Trimmer,,,,,,,,,,,,,,,,,,,,,,,,,,,Hedge Trimmer,,,,,,,,,,,,,,,,,,,,,,,,,,,,,,,,,,,,,,,,,,,,,,,,,,,,,,,,,,,,,,,,,,,,,,,,,,,,,,,,,,,,,,,,,,,,,,,,,,,,,,,,,,,,,,,,,,,,,,,,,,,,,,,,,,,,,,,,,,,,,,,,,,,,,,,,,,,,,,,,,,,,,,,,,,MILWAUKEE_3033-21.jpg,MILWAUKEE_3033-21_1.jpg,MILWAUKEE_3033-21_2.jpg,MILWAUKEE_3033-21_3.jpg,MILWAUKEE_3033-21_4.jpg,,,,,MILWAUKEE_3033-21_Specification_Sheet.pdf,,,,,,,,,,,,,,,,,,
,,,,,,,Power Tools,Outdoor Power Tools,Hedge Trimmers,,3034-20,"3034-20 Milw M18 30"" - Hedge Trimmer",-- Unbranded --,-- No Unilog Brand --,Milwaukee,Milwaukee Accessory (4031),Milwaukee Electric Tool Corporation,MILWAUKEE®,,3034-20,,Building & Hardware>Outdoor Power Tools>Hedge Trimmers,"Milwaukee Electric Tool Corporation, MILWAUKEE®, Hedge Trimmer, 3034-20",HEDGE TRIMMER,MILWAUKEE® 3034-20 Hedge Trimmer,MILWAUKEE® Hedge Trimmer,Hedge Trimmer,,,,,,,,,,,,,,,,,,,,,,,,,,,Hedge Trimmer,,,,,,,,,,,,,,,,,,,,,,,,,,,,,,,,,,,,,,,,,,,,,,,,,,,,,,,,,,,,,,,,,,,,,,,,,,,,,,,,,,,,,,,,,,,,,,,,,,,,,,,,,,,,,,,,,,,,,,,,,,,,,,,,,,,,,,,,,,,,,,,,,,,,,,,,,,,,,,,,,,,,,,,,,,MILWAUKEE_3034-20.jpg,MILWAUKEE_3034-20_1.jpg,MILWAUKEE_3034-20_2.jpg,MILWAUKEE_3034-20_3.jpg,MILWAUKEE_3034-20_4.jpg,,,,,MILWAUKEE_3034-20_Specification_Sheet.pdf,,,,,,,,,,,,,,,,,,
,,,,,,,Power Tools,Power Tools,Drills & Drivers,,D25333K,D25333K Dewalt Hammer Drill,-- Unbranded --,-- No Unilog Brand --,-- No DIB Brand --,Black & Decker/dewlt (2585),Stanley Black & Decker Inc,DEWALT,,D25333K,,Building & Hardware>Power Tools>Drills & Drivers,"Stanley Black & Decker Inc, DEWALT, Drill Driver, D25333K",DRL DRV,DEWALT D25333K Drill Driver,DEWALT Drill Driver,Drill Driver,,,,,,,,,,,,,,,,,,,,,,,,,,,Drill Driver,,,,,,,,,,,,,,,,,,,,,,,,,,,,,,,,,,,,,,,,,,,,,,,,,,,,,,,,,,,,,,,,,,,,,,,,,,,,,,,,,,,,,,,,,,,,,,,,,,,,,,,,,,,,,,,,,,,,,,,,,,,,,,,,,,,,,,,,,,,,,,,,,,,,,,,,,,,,,,,,,,,,,,,,,,DEWALT_D25333K.jpg,DEWALT_D25333K_1.jpg,DEWALT_D25333K_2.jpg,DEWALT_D25333K_3.jpg,DEWALT_D25333K_4.jpg,,,,,DEWALT_D25333K_Specification_Sheet.pdf,,,,,,,,,,,,,,,,,,
,,,,,,,Power Tools,Power Tools,Drills & Drivers,,DCD803B,DCD803B Dewalt Multi-Head Drill Driver,-- Unbranded --,-- No Unilog Brand --,-- No DIB Brand --,Black & Decker/dewlt (2585),Stanley Black & Decker Inc,DEWALT,,DCD803B,,Building & Hardware>Power Tools>Drills & Drivers,"Stanley Black & Decker Inc, DEWALT, Drill Driver, DCD803B",DRL DRV,DEWALT DCD803B Drill Driver,DEWALT Drill Driver,Drill Driver,,,,,,,,,,,,,,,,,,,,,,,,,,,Drill Driver,,,,,,,,,,,,,,,,,,,,,,,,,,,,,,,,,,,,,,,,,,,,,,,,,,,,,,,,,,,,,,,,,,,,,,,,,,,,,,,,,,,,,,,,,,,,,,,,,,,,,,,,,,,,,,,,,,,,,,,,,,,,,,,,,,,,,,,,,,,,,,,,,,,,,,,,,,,,,,,,,,,,,,,,,,DEWALT_DCD803B.jpg,DEWALT_DCD803B_1.jpg,DEWALT_DCD803B_2.jpg,DEWALT_DCD803B_3.jpg,DEWALT_DCD803B_4.jpg,,,,,DEWALT_DCD803B_Specification_Sheet.pdf,,,,,,,,,,,,,,,,,,
,,,,,,,Power Tools,Power Tools,Impact Wrenches,,DCF860B,DCF860B Dewalt 20V Impact - Driver Drill,-- Unbranded --,-- No Unilog Brand --,-- No DIB Brand --,Black & Decker/dewlt (2585),Stanley Black & Decker Inc,DEWALT,,DCF860B,,Building & Hardware>Power Tools>Impact Wrenches & Drivers,"Stanley Black & Decker Inc, DEWALT, Impact Wrench, DCF860B",IMP WRN,DEWALT DCF860B Impact Wrench,DEWALT Impact Wrench,Impact Wrench,,,,,,,,,,,,,,,,,,,,,,,,,,,Impact Wrench,,,,,,,,,,,,,,,,,,,,,,,,,,,,,,,,,,,,,,,,,,,,,,,,,,,,,,,,,,,,,,,,,,,,,,,,,,,,,,,,,,,,,,,,,,,,,,,,,,,,,,,,,,,,,,,,,,,,,,,,,,,,,,,,,,,,,,,,,,,,,,,,,,,,,,,,,,,,,,,,,,,,,,,,,,DEWALT_DCF860B.jpg,DEWALT_DCF860B_1.jpg,DEWALT_DCF860B_2.jpg,DEWALT_DCF860B_3.jpg,DEWALT_DCF860B_4.jpg,,,,,DEWALT_DCF860B_Specification_Sheet.pdf,,,,,,,,,,,,,,,,,,
,,,,,,,Power Tools,Power Tools,Drills & Drivers,,3401-20,3401-20 Milw M12 Drill Driver - Brushless Compact (Bare),-- Unbranded --,-- No Unilog Brand --,-- No DIB Brand --,Milwaukee Accessory (4031),Milwaukee Electric Tool Corporation,MILWAUKEE®,,3401-20,,Building & Hardware>Power Tools>Drills & Drivers,"Milwaukee Electric Tool Corporation, MILWAUKEE®, Drill Driver, 3401-20",DRL DRV,MILWAUKEE® 3401-20 Drill Driver,MILWAUKEE® Drill Driver,Drill Driver,,,,,,,,,,,,,,,,,,,,,,,,,,,Drill Driver,,,,,,,,,,,,,,,,,,,,,,,,,,,,,,,,,,,,,,,,,,,,,,,,,,,,,,,,,,,,,,,,,,,,,,,,,,,,,,,,,,,,,,,,,,,,,,,,,,,,,,,,,,,,,,,,,,,,,,,,,,,,,,,,,,,,,,,,,,,,,,,,,,,,,,,,,,,,,,,,,,,,,,,,,,MILWAUKEE_3401-20.jpg,MILWAUKEE_3401-20_1.jpg,MILWAUKEE_3401-20_2.jpg,MILWAUKEE_3401-20_3.jpg,MILWAUKEE_3401-20_4.jpg,,,,,MILWAUKEE_3401-20_Specification_Sheet.pdf,,,,,,,,,,,,,,,,,,
,,,,,,,Power Tools,Power Tools,Drills & Drivers,,KPTDR050A,KPTDR050A Kreg 20V Ionic Compact Drill,-- Unbranded --,-- No Unilog Brand --,-- No DIB Brand --,Kreg Tool Company (KRETO),Kreg Tool Company,Kreg,,KPTDR050A,,Building & Hardware>Power Tools>Drills & Drivers,"Kreg Tool Company, Kreg, Drill Driver, KPTDR050A",DRL DRV 050A,Kreg KPTDR050A Drill Driver With 050 A,"Kreg Drill Driver, 050 A","Drill Driver, 050 A",,Amperage Rating: 050 A,,,,,,,,,,,,,,,,,,,,,,,,,Drill Driver,Amperage Rating,050,A,,,,,,,,,,,,,,,,,,,,,,,,,,,,,,,,,,,,,,,,,,,,,,,,,,,,,,,,,,,,,,,,,,,,,,,,,,,,,,,,,,,,,,,,,,,,,,,,,,,,,,,,,,,,,,,,,,,,,,,,,,,,,,,,,,,,,,,,,,,,,,,,,,,,,,,,,,,,,,,,,,,,,,,Kreg_KPTDR050A.jpg,Kreg_KPTDR050A_1.jpg,Kreg_KPTDR050A_2.jpg,Kreg_KPTDR050A_3.jpg,Kreg_KPTDR050A_4.jpg,,,,,Kreg_KPTDR050A_Specification_Sheet.pdf,,,,,,,,,,,,,,,,,,
,,,,,,,Power Tools,Power Tools,Drills & Drivers,,DCD1007B,"DCD1007B Dewalt 20V Cordless - 1/2"" Hammer Drill (Bare)",-- Unbranded --,-- No Unilog Brand --,DEWALT,Black & Decker/dewlt (2585),Stanley Black & Decker Inc,DEWALT,,DCD1007B,,Building & Hardware>Power Tools>Drills & Drivers,"Stanley Black & Decker Inc, DEWALT, Drill Driver, DCD1007B",DRL DRV,DEWALT DCD1007B Drill Driver,DEWALT Drill Driver,Drill Driver,,,,,,,,,,,,,,,,,,,,,,,,,,,Drill Driver,,,,,,,,,,,,,,,,,,,,,,,,,,,,,,,,,,,,,,,,,,,,,,,,,,,,,,,,,,,,,,,,,,,,,,,,,,,,,,,,,,,,,,,,,,,,,,,,,,,,,,,,,,,,,,,,,,,,,,,,,,,,,,,,,,,,,,,,,,,,,,,,,,,,,,,,,,,,,,,,,,,,,,,,,,DEWALT_DCD1007B.jpg,DEWALT_DCD1007B_1.jpg,DEWALT_DCD1007B_2.jpg,DEWALT_DCD1007B_3.jpg,DEWALT_DCD1007B_4.jpg,,,,,DEWALT_DCD1007B_Specification_Sheet.pdf,,,,,,,,,,,,,,,,,,
,,,,,,,Power Tools,Power Tools,Drills & Drivers,,DCD799B,DCD799B Dewalt Drill,-- Unbranded --,-- No Unilog Brand --,-- No DIB Brand --,Black & Decker/dewlt (2585),Stanley Black & Decker Inc,DEWALT,,DCD799B,,Building & Hardware>Power Tools>Drills & Drivers,"Stanley Black & Decker Inc, DEWALT, Drill Driver, DCD799B",DRL DRV,DEWALT DCD799B Drill Driver,DEWALT Drill Driver,Drill Driver,,,,,,,,,,,,,,,,,,,,,,,,,,,Drill Driver,,,,,,,,,,,,,,,,,,,,,,,,,,,,,,,,,,,,,,,,,,,,,,,,,,,,,,,,,,,,,,,,,,,,,,,,,,,,,,,,,,,,,,,,,,,,,,,,,,,,,,,,,,,,,,,,,,,,,,,,,,,,,,,,,,,,,,,,,,,,,,,,,,,,,,,,,,,,,,,,,,,,,,,,,,DEWALT_DCD799B.jpg,DEWALT_DCD799B_1.jpg,DEWALT_DCD799B_2.jpg,DEWALT_DCD799B_3.jpg,DEWALT_DCD799B_4.jpg,,,,,DEWALT_DCD799B_Specification_Sheet.pdf,,,,,,,,,,,,,,,,,,
,,,,,,,Power Tools,Power Tools,Drill Presses,,58006,58006 Voyager Drill Press,-- Unbranded --,-- No Unilog Brand --,-- No DIB Brand --,King Canada Inc (KINCA),King Canada Inc,King Canada,,58006,,Building & Hardware>Power Tools>Drill Presses,"King Canada Inc, King Canada, Drill Press, 58006",DRL PRESS,King Canada 58006 Drill Press,King Canada Drill Press,Drill Press,,,,,,,,,,,,,,,,,,,,,,,,,,,Drill Press,,,,,,,,,,,,,,,,,,,,,,,,,,,,,,,,,,,,,,,,,,,,,,,,,,,,,,,,,,,,,,,,,,,,,,,,,,,,,,,,,,,,,,,,,,,,,,,,,,,,,,,,,,,,,,,,,,,,,,,,,,,,,,,,,,,,,,,,,,,,,,,,,,,,,,,,,,,,,,,,,,,,,,,,,,KingCanada_58006.jpg,KingCanada_58006_1.jpg,KingCanada_58006_2.jpg,KingCanada_58006_3.jpg,KingCanada_58006_4.jpg,,,,,KingCanada_58006_Specification_Sheet.pdf,,,,,,,,,,,,,,,,,,
,,,,,,,Power Tools,Power Tools,Nailers,,2909-20,2909-20 Milw Roofing Nailer - M18,-- Unbranded --,-- No Unilog Brand --,Milwaukee,Milwaukee Accessory (4031),Milwaukee Electric Tool Corporation,MILWAUKEE®,,2909-20,,Building & Hardware>Power Tools>Nailers & Staplers,"Milwaukee Electric Tool Corporation, MILWAUKEE®, Nailer, 2909-20",NLR,MILWAUKEE® 2909-20 Nailer,MILWAUKEE® Nailer,Nailer,,,,,,,,,,,,,,,,,,,,,,,,,,,Nailer,,,,,,,,,,,,,,,,,,,,,,,,,,,,,,,,,,,,,,,,,,,,,,,,,,,,,,,,,,,,,,,,,,,,,,,,,,,,,,,,,,,,,,,,,,,,,,,,,,,,,,,,,,,,,,,,,,,,,,,,,,,,,,,,,,,,,,,,,,,,,,,,,,,,,,,,,,,,,,,,,,,,,,,,,,MILWAUKEE_2909-20.jpg,MILWAUKEE_2909-20_1.jpg,MILWAUKEE_2909-20_2.jpg,MILWAUKEE_2909-20_3.jpg,MILWAUKEE_2909-20_4.jpg,,,,,MILWAUKEE_2909-20_Specification_Sheet.pdf,,,,,,,,,,,,,,,,,,
,,,,,,,Power Tools,Power Tools,Nailers,,2909-21,2909-21 Milw M18 Coil Roofing - Nailer Kit,-- Unbranded --,-- No Unilog Brand --,Milwaukee,Milwaukee Accessory (4031),Milwaukee Electric Tool Corporation,MILWAUKEE®,,2909-21,,Building & Hardware>Power Tools>Nailers & Staplers,"Milwaukee Electric Tool Corporation, MILWAUKEE®, Nailer, 2909-21",NLR,MILWAUKEE® 2909-21 Nailer,MILWAUKEE® Nailer,Nailer,,,,,,,,,,,,,,,,,,,,,,,,,,,Nailer,,,,,,,,,,,,,,,,,,,,,,,,,,,,,,,,,,,,,,,,,,,,,,,,,,,,,,,,,,,,,,,,,,,,,,,,,,,,,,,,,,,,,,,,,,,,,,,,,,,,,,,,,,,,,,,,,,,,,,,,,,,,,,,,,,,,,,,,,,,,,,,,,,,,,,,,,,,,,,,,,,,,,,,,,,MILWAUKEE_2909-21.jpg,MILWAUKEE_2909-21_1.jpg,MILWAUKEE_2909-21_2.jpg,MILWAUKEE_2909-21_3.jpg,MILWAUKEE_2909-21_4.jpg,,,,,MILWAUKEE_2909-21_Specification_Sheet.pdf,,,,,,,,,,,,,,,,,,
,,,,,,,Power Tools,Power Tools,Nailers,,918200,918200 Paslode CT200S24 18Ga ST Brad Nailer,-- Unbranded --,-- No Unilog Brand --,-- No DIB Brand --,National Nail Corp (7439),National Nail Corporation,Paslode,,918200,,Building & Hardware>Power Tools>Nailers & Staplers,"National Nail Corporation, Paslode, Nailer, 918200",NLR,Paslode 918200 Nailer,Paslode Nailer,Nailer,,,,,,,,,,,,,,,,,,,,,,,,,,,Nailer,,,,,,,,,,,,,,,,,,,,,,,,,,,,,,,,,,,,,,,,,,,,,,,,,,,,,,,,,,,,,,,,,,,,,,,,,,,,,,,,,,,,,,,,,,,,,,,,,,,,,,,,,,,,,,,,,,,,,,,,,,,,,,,,,,,,,,,,,,,,,,,,,,,,,,,,,,,,,,,,,,,,,,,,,,Paslode_918200.jpg,Paslode_918200_1.jpg,Paslode_918200_2.jpg,Paslode_918200_3.jpg,Paslode_918200_4.jpg,,,,,Paslode_918200_Specification_Sheet.pdf,,,,,,,,,,,,,,,,,,
,,,,,,,Power Tools,Power Tools,Nailers,,2541-20,2541-20 Milw M12 - Compact Brad Nailer (Bare),-- Unbranded --,-- No Unilog Brand --,-- No DIB Brand --,Milwaukee Accessory (4031),Milwaukee Electric Tool Corporation,MILWAUKEE®,,2541-20,,Building & Hardware>Power Tools>Nailers & Staplers,"Milwaukee Electric Tool Corporation, MILWAUKEE®, Nailer, 2541-20",NLR,MILWAUKEE® 2541-20 Nailer,MILWAUKEE® Nailer,Nailer,,,,,,,,,,,,,,,,,,,,,,,,,,,Nailer,,,,,,,,,,,,,,,,,,,,,,,,,,,,,,,,,,,,,,,,,,,,,,,,,,,,,,,,,,,,,,,,,,,,,,,,,,,,,,,,,,,,,,,,,,,,,,,,,,,,,,,,,,,,,,,,,,,,,,,,,,,,,,,,,,,,,,,,,,,,,,,,,,,,,,,,,,,,,,,,,,,,,,,,,,MILWAUKEE_2541-20.jpg,MILWAUKEE_2541-20_1.jpg,MILWAUKEE_2541-20_2.jpg,MILWAUKEE_2541-20_3.jpg,MILWAUKEE_2541-20_4.jpg,,,,,MILWAUKEE_2541-20_Specification_Sheet.pdf,,,,,,,,,,,,,,,,,,
,,,,,,,Power Tools,Power Tools,Nailers,,DCN930B,DCN930B Dewalt 20V 30 Degree - Framing Nailer,-- Unbranded --,-- No Unilog Brand --,DEWALT,Black & Decker/dewlt (2585),Stanley Black & Decker Inc,DEWALT,,DCN930B,,Building & Hardware>Power Tools>Nailers & Staplers,"Stanley Black & Decker Inc, DEWALT, Nailer, DCN930B",NLR,DEWALT DCN930B Nailer,DEWALT Nailer,Nailer,,,,,,,,,,,,,,,,,,,,,,,,,,,Nailer,,,,,,,,,,,,,,,,,,,,,,,,,,,,,,,,,,,,,,,,,,,,,,,,,,,,,,,,,,,,,,,,,,,,,,,,,,,,,,,,,,,,,,,,,,,,,,,,,,,,,,,,,,,,,,,,,,,,,,,,,,,,,,,,,,,,,,,,,,,,,,,,,,,,,,,,,,,,,,,,,,,,,,,,,,DEWALT_DCN930B.jpg,DEWALT_DCN930B_1.jpg,DEWALT_DCN930B_2.jpg,DEWALT_DCN930B_3.jpg,DEWALT_DCN930B_4.jpg,,,,,DEWALT_DCN930B_Specification_Sheet.pdf,,,,,,,,,,,,,,,,,,
,,,,,,,Power Tools,Power Tools,Nailers,,DCN930P1,DCN930P1 Dewalt 20V 30 Degree - Framing Nailer Kit,-- Unbranded --,-- No Unilog Brand --,DEWALT,Black & Decker/dewlt (2585),Stanley Black & Decker Inc,DEWALT,,DCN930P1,,Building & Hardware>Power Tools>Nailers & Staplers,"Stanley Black & Decker Inc, DEWALT, Nailer, DCN930P1",NLR,DEWALT DCN930P1 Nailer,DEWALT Nailer,Nailer,,,,,,,,,,,,,,,,,,,,,,,,,,,Nailer,,,,,,,,,,,,,,,,,,,,,,,,,,,,,,,,,,,,,,,,,,,,,,,,,,,,,,,,,,,,,,,,,,,,,,,,,,,,,,,,,,,,,,,,,,,,,,,,,,,,,,,,,,,,,,,,,,,,,,,,,,,,,,,,,,,,,,,,,,,,,,,,,,,,,,,,,,,,,,,,,,,,,,,,,,DEWALT_DCN930P1.jpg,DEWALT_DCN930P1_1.jpg,DEWALT_DCN930P1_2.jpg,DEWALT_DCN930P1_3.jpg,DEWALT_DCN930P1_4.jpg,,,,,DEWALT_DCN930P1_Specification_Sheet.pdf,,,,,,,,,,,,,,,,,,
,,,,,,,Power Tools,Power Tools,Nailers,,XNB04Z,"XNB04Z Makita 18V 2"" Brad Nailer 18GA (Bare)",-- Unbranded --,-- No Unilog Brand --,-- No DIB Brand --,Makita Usa Inc (5142),Makita U.S.A. Inc.,Makita,,XNB04Z,,Building & Hardware>Power Tools>Nailers & Staplers,"Makita U.S.A. Inc., Makita, Nailer, XNB04Z",NLR,Makita XNB04Z Nailer,Makita Nailer,Nailer,,,,,,,,,,,,,,,,,,,,,,,,,,,Nailer,,,,,,,,,,,,,,,,,,,,,,,,,,,,,,,,,,,,,,,,,,,,,,,,,,,,,,,,,,,,,,,,,,,,,,,,,,,,,,,,,,,,,,,,,,,,,,,,,,,,,,,,,,,,,,,,,,,,,,,,,,,,,,,,,,,,,,,,,,,,,,,,,,,,,,,,,,,,,,,,,,,,,,,,,,Makita_XNB04Z.jpg,Makita_XNB04Z_1.jpg,Makita_XNB04Z_2.jpg,Makita_XNB04Z_3.jpg,Makita_XNB04Z_4.jpg,,,,,Makita_XNB04Z_Specification_Sheet.pdf,,,,,,,,,,,,,,,,,,
,,,,,,,Power Tools,Power Tools,Nailers,,XNB05Z,"XNB05Z Makita 18V 2-1/2"" Straight Finish Nailer 16GA",-- Unbranded --,-- No Unilog Brand --,-- No DIB Brand --,Makita Usa Inc (5142),Makita U.S.A. Inc.,Makita,,XNB05Z,,Building & Hardware>Power Tools>Nailers & Staplers,"Makita U.S.A. Inc., Makita, Nailer, XNB05Z",NLR,Makita XNB05Z Nailer,Makita Nailer,Nailer,,,,,,,,,,,,,,,,,,,,,,,,,,,Nailer,,,,,,,,,,,,,,,,,,,,,,,,,,,,,,,,,,,,,,,,,,,,,,,,,,,,,,,,,,,,,,,,,,,,,,,,,,,,,,,,,,,,,,,,,,,,,,,,,,,,,,,,,,,,,,,,,,,,,,,,,,,,,,,,,,,,,,,,,,,,,,,,,,,,,,,,,,,,,,,,,,,,,,,,,,Makita_XNB05Z.jpg,Makita_XNB05Z_1.jpg,Makita_XNB05Z_2.jpg,Makita_XNB05Z_3.jpg,Makita_XNB05Z_4.jpg,,,,,Makita_XNB05Z_Specification_Sheet.pdf,,,,,,,,,,,,,,,,,,
,,,,,,,Power Tools,Power Tools,Nailers,,XNB06Z,"XNB06Z Makita 18V 2-1/2"" Angled Finish Nailer 16GA",-- Unbranded --,-- No Unilog Brand --,-- No DIB Brand --,Makita Usa Inc (5142),Makita U.S.A. Inc.,Makita,,XNB06Z,,Building & Hardware>Power Tools>Nailers & Staplers,"Makita U.S.A. Inc., Makita, Nailer, XNB06Z",NLR,Makita XNB06Z Nailer,Makita Nailer,Nailer,,,,,,,,,,,,,,,,,,,,,,,,,,,Nailer,,,,,,,,,,,,,,,,,,,,,,,,,,,,,,,,,,,,,,,,,,,,,,,,,,,,,,,,,,,,,,,,,,,,,,,,,,,,,,,,,,,,,,,,,,,,,,,,,,,,,,,,,,,,,,,,,,,,,,,,,,,,,,,,,,,,,,,,,,,,,,,,,,,,,,,,,,,,,,,,,,,,,,,,,,Makita_XNB06Z.jpg,Makita_XNB06Z_1.jpg,Makita_XNB06Z_2.jpg,Makita_XNB06Z_3.jpg,Makita_XNB06Z_4.jpg,,,,,Makita_XNB06Z_Specification_Sheet.pdf,,,,,,,,,,,,,,,,,,
,,,,,,,Power Tools,Power Tools,Nailers,,XNB07Z,XNB07Z Makita 18V LXT BL 30 Nailer (Bare),-- Unbranded --,-- No Unilog Brand --,-- No DIB Brand --,Makita Usa Inc (5142),Makita U.S.A. Inc.,Makita,,XNB07Z,,Building & Hardware>Power Tools>Nailers & Staplers,"Makita U.S.A. Inc., Makita, Nailer, XNB07Z",NLR,Makita XNB07Z Nailer,Makita Nailer,Nailer,,,,,,,,,,,,,,,,,,,,,,,,,,,Nailer,,,,,,,,,,,,,,,,,,,,,,,,,,,,,,,,,,,,,,,,,,,,,,,,,,,,,,,,,,,,,,,,,,,,,,,,,,,,,,,,,,,,,,,,,,,,,,,,,,,,,,,,,,,,,,,,,,,,,,,,,,,,,,,,,,,,,,,,,,,,,,,,,,,,,,,,,,,,,,,,,,,,,,,,,,Makita_XNB07Z.jpg,Makita_XNB07Z_1.jpg,Makita_XNB07Z_2.jpg,Makita_XNB07Z_3.jpg,Makita_XNB07Z_4.jpg,,,,,Makita_XNB07Z_Specification_Sheet.pdf,,,,,,,,,,,,,,,,,,
,,,,,,,Power Tools,Power Tools,Nailer Accessories,,DZN930,DZN930 Dewalt 30 Degree - Framing Magazine,-- Unbranded --,-- No Unilog Brand --,-- No DIB Brand --,Black & Decker/dewlt (2585),Stanley Black & Decker Inc,DEWALT,,DZN930,,Building & Hardware>Power Tools>Nailers & Staplers,"Stanley Black & Decker Inc, DEWALT, Nailer Accessory, DZN930",NLR ACCESSORY,DEWALT DZN930 Nailer Accessory,DEWALT Nailer Accessory,Nailer Accessory,,,,,,,,,,,,,,,,,,,,,,,,,,,Nailer Accessory,,,,,,,,,,,,,,,,,,,,,,,,,,,,,,,,,,,,,,,,,,,,,,,,,,,,,,,,,,,,,,,,,,,,,,,,,,,,,,,,,,,,,,,,,,,,,,,,,,,,,,,,,,,,,,,,,,,,,,,,,,,,,,,,,,,,,,,,,,,,,,,,,,,,,,,,,,,,,,,,,,,,,,,,,,DEWALT_DZN930.jpg,DEWALT_DZN930_1.jpg,DEWALT_DZN930_2.jpg,DEWALT_DZN930_3.jpg,DEWALT_DZN930_4.jpg,,,,,DEWALT_DZN930_Specification_Sheet.pdf,,,,,,,,,,,,,,,,,,
,,,,,,,Power Tools,Power Tools,Screwdrivers,,220USB25U,220USB25U Vessel Screwdriver w/25pc Bit Set,-- Unbranded --,-- No Unilog Brand --,-- No DIB Brand --,Vessel Tools USA Inc (VESTO),Vessel Tools USA Inc,VESSEL,,220USB25U,,Building & Hardware>Power Tools>Screwdrivers,"Vessel Tools USA Inc, VESSEL, Screwdriver, 220USB25U",SCRDR,VESSEL 220USB25U Screwdriver With 25 pc,"VESSEL Screwdriver, 25 pc","Screwdriver, 25 pc",,Package Quantity: 25 pc,,,,,,,,,,,,,,,,,,,,,,,,,Screwdriver,Package Quantity,25,pc,,,,,,,,,,,,,,,,,,,,,,,,,,,,,,,,,,,,,,,,,,,,,,,,,,,,,,,,,,,,,,,,,,,,,,,,,,,,,,,,,,,,,,,,,,,,,,,,,,,,,,,,,,,,,,,,,,,,,,,,,,,,,,,,,,,,,,,,,,,,,,,,,,,,,,,,,,,,,,,,,,,,,,,VESSEL_220USB25U.jpg,VESSEL_220USB25U_1.jpg,VESSEL_220USB25U_2.jpg,VESSEL_220USB25U_3.jpg,VESSEL_220USB25U_4.jpg,,,,,VESSEL_220USB25U_Specification_Sheet.pdf,,,,,,,,,,,,,,,,,,
,,,,,,,Power Tools,Power Tools,Screwdrivers,,XRF03Z,XRF03Z Makita 18V Screwdriver - Autofeed,-- Unbranded --,-- No Unilog Brand --,-- No DIB Brand --,Makita Usa Inc (5142),Makita U.S.A. Inc.,Makita,,XRF03Z,,Building & Hardware>Power Tools>Screwdrivers,"Makita U.S.A. Inc., Makita, Screwdriver, XRF03Z",SCRDR,Makita XRF03Z Screwdriver,Makita Screwdriver,Screwdriver,,,,,,,,,,,,,,,,,,,,,,,,,,,Screwdriver,,,,,,,,,,,,,,,,,,,,,,,,,,,,,,,,,,,,,,,,,,,,,,,,,,,,,,,,,,,,,,,,,,,,,,,,,,,,,,,,,,,,,,,,,,,,,,,,,,,,,,,,,,,,,,,,,,,,,,,,,,,,,,,,,,,,,,,,,,,,,,,,,,,,,,,,,,,,,,,,,,,,,,,,,,Makita_XRF03Z.jpg,Makita_XRF03Z_1.jpg,Makita_XRF03Z_2.jpg,Makita_XRF03Z_3.jpg,Makita_XRF03Z_4.jpg,,,,,Makita_XRF03Z_Specification_Sheet.pdf,,,,,,,,,,,,,,,,,,
,,,,,,,Power Tools,Power Tools,Screwdrivers,,220USBP5U,220USBP5U Vessel Screwdriver Plus w/5pc Bit Set,-- Unbranded --,-- No Unilog Brand --,-- No DIB Brand --,Vessel Tools USA Inc (VESTO),Vessel Tools USA Inc,VESSEL,,220USBP5U,,Building & Hardware>Power Tools>Screwdrivers,"Vessel Tools USA Inc, VESSEL, Screwdriver, 220USBP5U",SCRDR,VESSEL 220USBP5U Screwdriver With 5 pc,"VESSEL Screwdriver, 5 pc","Screwdriver, 5 pc",,Package Quantity: 5 pc,,,,,,,,,,,,,,,,,,,,,,,,,Screwdriver,Package Quantity,5,pc,,,,,,,,,,,,,,,,,,,,,,,,,,,,,,,,,,,,,,,,,,,,,,,,,,,,,,,,,,,,,,,,,,,,,,,,,,,,,,,,,,,,,,,,,,,,,,,,,,,,,,,,,,,,,,,,,,,,,,,,,,,,,,,,,,,,,,,,,,,,,,,,,,,,,,,,,,,,,,,,,,,,,,,VESSEL_220USBP5U.jpg,VESSEL_220USBP5U_1.jpg,VESSEL_220USBP5U_2.jpg,VESSEL_220USBP5U_3.jpg,VESSEL_220USBP5U_4.jpg,,,,,VESSEL_220USBP5U_Specification_Sheet.pdf,,,,,,,,,,,,,,,,,,
,,,,,,,Power Tools,Power Tools,Impact Drivers,,49-66-4567,"49-66-4567 Milw 6"" Magnetic - Impact Driver Set 6pc",-- Unbranded --,-- No Unilog Brand --,-- No DIB Brand --,Milwaukee Accessory (4031),Milwaukee Electric Tool Corporation,MILWAUKEE®,,49-66-4567,,Building & Hardware>Power Tools>Impact Wrenches & Drivers,"Milwaukee Electric Tool Corporation, MILWAUKEE®, Impact Driver, 49-66-4567",IMP DRV,MILWAUKEE® 49-66-4567 Impact Driver With 6 pc,"MILWAUKEE® Impact Driver, 6 pc","Impact Driver, 6 pc",,Package Quantity: 6 pc,,,,,,,,,,,,,,,,,,,,,,,,,Impact Driver,Package Quantity,6,pc,,,,,,,,,,,,,,,,,,,,,,,,,,,,,,,,,,,,,,,,,,,,,,,,,,,,,,,,,,,,,,,,,,,,,,,,,,,,,,,,,,,,,,,,,,,,,,,,,,,,,,,,,,,,,,,,,,,,,,,,,,,,,,,,,,,,,,,,,,,,,,,,,,,,,,,,,,,,,,,,,,,,,,,MILWAUKEE_49-66-4567.jpg,MILWAUKEE_49-66-4567_1.jpg,MILWAUKEE_49-66-4567_2.jpg,MILWAUKEE_49-66-4567_3.jpg,MILWAUKEE_49-66-4567_4.jpg,,,,,MILWAUKEE_49-66-4567_Specification_Sheet.pdf,,,,,,,,,,,,,,,,,,
,,,,,,,Power Tools,Power Tool Accessories,Screwdriver Bits,,IBMG90K003,"IBMG90K003 Vessel Impact Ball Torsion Bit Assort 5pc 3.5""",-- Unbranded --,-- No Unilog Brand --,-- No DIB Brand --,Vessel Tools USA Inc (VESTO),Vessel Tools USA Inc,VESSEL,,IBMG90K003,,Building & Hardware>Power Tools>Accessories>Screwdriver Bits,"Vessel Tools USA Inc, VESSEL, Screwdriver Bit, IBMG90K003",SCRDR BIT,VESSEL IBMG90K003 Screwdriver Bit With 5 pc,"VESSEL Screwdriver Bit, 5 pc","Screwdriver Bit, 5 pc",,Package Quantity: 5 pc,,,,,,,,,,,,,,,,,,,,,,,,,Screwdriver Bit,Package Quantity,5,pc,,,,,,,,,,,,,,,,,,,,,,,,,,,,,,,,,,,,,,,,,,,,,,,,,,,,,,,,,,,,,,,,,,,,,,,,,,,,,,,,,,,,,,,,,,,,,,,,,,,,,,,,,,,,,,,,,,,,,,,,,,,,,,,,,,,,,,,,,,,,,,,,,,,,,,,,,,,,,,,,,,,,,,,VESSEL_IBMG90K003.jpg,VESSEL_IBMG90K003_1.jpg,VESSEL_IBMG90K003_2.jpg,VESSEL_IBMG90K003_3.jpg,VESSEL_IBMG90K003_4.jpg,,,,,VESSEL_IBMG90K003_Specification_Sheet.pdf,,,,,,,,,,,,,,,,,,
,,,,,,,Power Tools,Power Tool Accessories,Screwdriver Bits,,IBPH250P15T,"IBPH250P15T Vessel Torsion Bit 2"" 15pc",-- Unbranded --,-- No Unilog Brand --,-- No DIB Brand --,Vessel Tools USA Inc (VESTO),Vessel Tools USA Inc,VESSEL,,IBPH250P15T,,Building & Hardware>Power Tools>Accessories>Screwdriver Bits,"Vessel Tools USA Inc, VESSEL, Screwdriver Bit, IBPH250P15T",SCRDR BIT,VESSEL IBPH250P15T Screwdriver Bit With 15 pc,"VESSEL Screwdriver Bit, 15 pc","Screwdriver Bit, 15 pc",,Package Quantity: 15 pc,,,,,,,,,,,,,,,,,,,,,,,,,Screwdriver Bit,Package Quantity,15,pc,,,,,,,,,,,,,,,,,,,,,,,,,,,,,,,,,,,,,,,,,,,,,,,,,,,,,,,,,,,,,,,,,,,,,,,,,,,,,,,,,,,,,,,,,,,,,,,,,,,,,,,,,,,,,,,,,,,,,,,,,,,,,,,,,,,,,,,,,,,,,,,,,,,,,,,,,,,,,,,,,,,,,,,VESSEL_IBPH250P15T.jpg,VESSEL_IBPH250P15T_1.jpg,VESSEL_IBPH250P15T_2.jpg,VESSEL_IBPH250P15T_3.jpg,VESSEL_IBPH250P15T_4.jpg,,,,,VESSEL_IBPH250P15T_Specification_Sheet.pdf,,,,,,,,,,,,,,,,,,
,,,,,,,Power Tools,Power Tool Accessories,Screwdriver Bits,,DPH12B,"DPH12B 2"" #1 Phillips Drive - Bit",-- Unbranded --,-- No Unilog Brand --,Diablo,Freud Inc (2435),Freud America Inc,Diablo,,DPH12B,,Building & Hardware>Power Tools>Accessories>Screwdriver Bits,"Freud America Inc, Diablo, Screwdriver Bit, DPH12B",SCRDR BIT,Diablo DPH12B Screwdriver Bit,Diablo Screwdriver Bit,Screwdriver Bit,,,,,,,,,,,,,,,,,,,,,,,,,,,Screwdriver Bit,,,,,,,,,,,,,,,,,,,,,,,,,,,,,,,,,,,,,,,,,,,,,,,,,,,,,,,,,,,,,,,,,,,,,,,,,,,,,,,,,,,,,,,,,,,,,,,,,,,,,,,,,,,,,,,,,,,,,,,,,,,,,,,,,,,,,,,,,,,,,,,,,,,,,,,,,,,,,,,,,,,,,,,,,,Diablo_DPH12B.jpg,Diablo_DPH12B_1.jpg,Diablo_DPH12B_2.jpg,Diablo_DPH12B_3.jpg,Diablo_DPH12B_4.jpg,,,,,Diablo_DPH12B_Specification_Sheet.pdf,,,,,,,,,,,,,,,,,,
,,,,,,,Power Tools,Power Tool Accessories,Screwdriver Bits,,DPH135B,"DPH135B 3-1/2"" #1 Phillips - Drive Bit",-- Unbranded --,-- No Unilog Brand --,Diablo,Freud Inc (2435),Freud America Inc,Diablo,,DPH135B,,Building & Hardware>Power Tools>Accessories>Screwdriver Bits,"Freud America Inc, Diablo, Screwdriver Bit, DPH135B",SCRDR BIT,Diablo DPH135B Screwdriver Bit,Diablo Screwdriver Bit,Screwdriver Bit,,,,,,,,,,,,,,,,,,,,,,,,,,,Screwdriver Bit,,,,,,,,,,,,,,,,,,,,,,,,,,,,,,,,,,,,,,,,,,,,,,,,,,,,,,,,,,,,,,,,,,,,,,,,,,,,,,,,,,,,,,,,,,,,,,,,,,,,,,,,,,,,,,,,,,,,,,,,,,,,,,,,,,,,,,,,,,,,,,,,,,,,,,,,,,,,,,,,,,,,,,,,,,Diablo_DPH135B.jpg,Diablo_DPH135B_1.jpg,Diablo_DPH135B_2.jpg,Diablo_DPH135B_3.jpg,Diablo_DPH135B_4.jpg,,,,,Diablo_DPH135B_Specification_Sheet.pdf,,,,,,,,,,,,,,,,,,
,,,,,,,Power Tools,Power Tool Accessories,Screwdriver Bits,,DPH21B,"DPH21B 1"" #2 Phillips Drive - Bit",-- Unbranded --,-- No Unilog Brand --,Diablo,Freud Inc (2435),Freud America Inc,Diablo,,DPH21B,,Building & Hardware>Power Tools>Accessories>Screwdriver Bits,"Freud America Inc, Diablo, Screwdriver Bit, DPH21B",SCRDR BIT,Diablo DPH21B Screwdriver Bit,Diablo Screwdriver Bit,Screwdriver Bit,,,,,,,,,,,,,,,,,,,,,,,,,,,Screwdriver Bit,,,,,,,,,,,,,,,,,,,,,,,,,,,,,,,,,,,,,,,,,,,,,,,,,,,,,,,,,,,,,,,,,,,,,,,,,,,,,,,,,,,,,,,,,,,,,,,,,,,,,,,,,,,,,,,,,,,,,,,,,,,,,,,,,,,,,,,,,,,,,,,,,,,,,,,,,,,,,,,,,,,,,,,,,,Diablo_DPH21B.jpg,Diablo_DPH21B_1.jpg,Diablo_DPH21B_2.jpg,Diablo_DPH21B_3.jpg,Diablo_DPH21B_4.jpg,,,,,Diablo_DPH21B_Specification_Sheet.pdf,,,,,,,,,,,,,,,,,,
,,,,,,,Power Tools,Power Tool Accessories,Screwdriver Bits,,DPH22B,"DPH22B 2"" #2 Phillips Drive - Bit",-- Unbranded --,-- No Unilog Brand --,Diablo,Freud Inc (2435),Freud America Inc,Diablo,,DPH22B,,Building & Hardware>Power Tools>Accessories>Screwdriver Bits,"Freud America Inc, Diablo, Screwdriver Bit, DPH22B",SCRDR BIT,Diablo DPH22B Screwdriver Bit,Diablo Screwdriver Bit,Screwdriver Bit,,,,,,,,,,,,,,,,,,,,,,,,,,,Screwdriver Bit,,,,,,,,,,,,,,,,,,,,,,,,,,,,,,,,,,,,,,,,,,,,,,,,,,,,,,,,,,,,,,,,,,,,,,,,,,,,,,,,,,,,,,,,,,,,,,,,,,,,,,,,,,,,,,,,,,,,,,,,,,,,,,,,,,,,,,,,,,,,,,,,,,,,,,,,,,,,,,,,,,,,,,,,,,Diablo_DPH22B.jpg,Diablo_DPH22B_1.jpg,Diablo_DPH22B_2.jpg,Diablo_DPH22B_3.jpg,Diablo_DPH22B_4.jpg,,,,,Diablo_DPH22B_Specification_Sheet.pdf,,,,,,,,,,,,,,,,,,
,,,,,,,Power Tools,Power Tool Accessories,Screwdriver Bits,,DPH235B,"DPH235B 3-1/2"" #2 Phillips - Drive Bit",-- Unbranded --,-- No Unilog Brand --,Diablo,Freud Inc (2435),Freud America Inc,Diablo,,DPH235B,,Building & Hardware>Power Tools>Accessories>Screwdriver Bits,"Freud America Inc, Diablo, Screwdriver Bit, DPH235B",SCRDR BIT,Diablo DPH235B Screwdriver Bit,Diablo Screwdriver Bit,Screwdriver Bit,,,,,,,,,,,,,,,,,,,,,,,,,,,Screwdriver Bit,,,,,,,,,,,,,,,,,,,,,,,,,,,,,,,,,,,,,,,,,,,,,,,,,,,,,,,,,,,,,,,,,,,,,,,,,,,,,,,,,,,,,,,,,,,,,,,,,,,,,,,,,,,,,,,,,,,,,,,,,,,,,,,,,,,,,,,,,,,,,,,,,,,,,,,,,,,,,,,,,,,,,,,,,,Diablo_DPH235B.jpg,Diablo_DPH235B_1.jpg,Diablo_DPH235B_2.jpg,Diablo_DPH235B_3.jpg,Diablo_DPH235B_4.jpg,,,,,Diablo_DPH235B_Specification_Sheet.pdf,,,,,,,,,,,,,,,,,,
,,,,,,,Power Tools,Power Tool Accessories,Screwdriver Bits,,DPH26B,"DPH26B 6"" #2 Phillips Drive - Bit",-- Unbranded --,-- No Unilog Brand --,Diablo,Freud Inc (2435),Freud America Inc,Diablo,,DPH26B,,Building & Hardware>Power Tools>Accessories>Screwdriver Bits,"Freud America Inc, Diablo, Screwdriver Bit, DPH26B",SCRDR BIT,Diablo DPH26B Screwdriver Bit,Diablo Screwdriver Bit,Screwdriver Bit,,,,,,,,,,,,,,,,,,,,,,,,,,,Screwdriver Bit,,,,,,,,,,,,,,,,,,,,,,,,,,,,,,,,,,,,,,,,,,,,,,,,,,,,,,,,,,,,,,,,,,,,,,,,,,,,,,,,,,,,,,,,,,,,,,,,,,,,,,,,,,,,,,,,,,,,,,,,,,,,,,,,,,,,,,,,,,,,,,,,,,,,,,,,,,,,,,,,,,,,,,,,,,Diablo_DPH26B.jpg,Diablo_DPH26B_1.jpg,Diablo_DPH26B_2.jpg,Diablo_DPH26B_3.jpg,Diablo_DPH26B_4.jpg,,,,,Diablo_DPH26B_Specification_Sheet.pdf,,,,,,,,,,,,,,,,,,
,,,,,,,Power Tools,Power Tool Accessories,Screwdriver Bits,,DPH2R1B,"DPH2R1B 1"" #2 Phillips Drywall - Screws Drive Bit",-- Unbranded --,-- No Unilog Brand --,Diablo,Freud Inc (2435),Freud America Inc,Diablo,,DPH2R1B,,Building & Hardware>Power Tools>Accessories>Screwdriver Bits,"Freud America Inc, Diablo, Screwdriver Bit, DPH2R1B",SCRDR BIT,Diablo DPH2R1B Screwdriver Bit,Diablo Screwdriver Bit,Screwdriver Bit,,,,,,,,,,,,,,,,,,,,,,,,,,,Screwdriver Bit,,,,,,,,,,,,,,,,,,,,,,,,,,,,,,,,,,,,,,,,,,,,,,,,,,,,,,,,,,,,,,,,,,,,,,,,,,,,,,,,,,,,,,,,,,,,,,,,,,,,,,,,,,,,,,,,,,,,,,,,,,,,,,,,,,,,,,,,,,,,,,,,,,,,,,,,,,,,,,,,,,,,,,,,,,Diablo_DPH2R1B.jpg,Diablo_DPH2R1B_1.jpg,Diablo_DPH2R1B_2.jpg,Diablo_DPH2R1B_3.jpg,Diablo_DPH2R1B_4.jpg,,,,,Diablo_DPH2R1B_Specification_Sheet.pdf,,,,,,,,,,,,,,,,,,
,,,,,,,Power Tools,Power Tool Accessories,Screwdriver Bits,,DPH31B,"DPH31B 1"" #3 Phillips Drive - Bit",-- Unbranded --,-- No Unilog Brand --,Diablo,Freud Inc (2435),Freud America Inc,Diablo,,DPH31B,,Building & Hardware>Power Tools>Accessories>Screwdriver Bits,"Freud America Inc, Diablo, Screwdriver Bit, DPH31B",SCRDR BIT,Diablo DPH31B Screwdriver Bit,Diablo Screwdriver Bit,Screwdriver Bit,,,,,,,,,,,,,,,,,,,,,,,,,,,Screwdriver Bit,,,,,,,,,,,,,,,,,,,,,,,,,,,,,,,,,,,,,,,,,,,,,,,,,,,,,,,,,,,,,,,,,,,,,,,,,,,,,,,,,,,,,,,,,,,,,,,,,,,,,,,,,,,,,,,,,,,,,,,,,,,,,,,,,,,,,,,,,,,,,,,,,,,,,,,,,,,,,,,,,,,,,,,,,,Diablo_DPH31B.jpg,Diablo_DPH31B_1.jpg,Diablo_DPH31B_2.jpg,Diablo_DPH31B_3.jpg,Diablo_DPH31B_4.jpg,,,,,Diablo_DPH31B_Specification_Sheet.pdf,,,,,,,,,,,,,,,,,,
,,,,,,,Power Tools,Power Tool Accessories,Screwdriver Bits,,DPH32B,"DPH32B 2"" #3 Phillips Drive - Bit",-- Unbranded --,-- No Unilog Brand --,Diablo,Freud Inc (2435),Freud America Inc,Diablo,,DPH32B,,Building & Hardware>Power Tools>Accessories>Screwdriver Bits,"Freud America Inc, Diablo, Screwdriver Bit, DPH32B",SCRDR BIT,Diablo DPH32B Screwdriver Bit,Diablo Screwdriver Bit,Screwdriver Bit,,,,,,,,,,,,,,,,,,,,,,,,,,,Screwdriver Bit,,,,,,,,,,,,,,,,,,,,,,,,,,,,,,,,,,,,,,,,,,,,,,,,,,,,,,,,,,,,,,,,,,,,,,,,,,,,,,,,,,,,,,,,,,,,,,,,,,,,,,,,,,,,,,,,,,,,,,,,,,,,,,,,,,,,,,,,,,,,,,,,,,,,,,,,,,,,,,,,,,,,,,,,,,Diablo_DPH32B.jpg,Diablo_DPH32B_1.jpg,Diablo_DPH32B_2.jpg,Diablo_DPH32B_3.jpg,Diablo_DPH32B_4.jpg,,,,,Diablo_DPH32B_Specification_Sheet.pdf,,,,,,,,,,,,,,,,,,
,,,,,,,Power Tools,Power Tool Accessories,Screwdriver Bits,,DPH335B,"DPH335B 3-1/2"" #3 Phillips - Drive Bit",-- Unbranded --,-- No Unilog Brand --,Diablo,Freud Inc (2435),Freud America Inc,Diablo,,DPH335B,,Building & Hardware>Power Tools>Accessories>Screwdriver Bits,"Freud America Inc, Diablo, Screwdriver Bit, DPH335B",SCRDR BIT,Diablo DPH335B Screwdriver Bit,Diablo Screwdriver Bit,Screwdriver Bit,,,,,,,,,,,,,,,,,,,,,,,,,,,Screwdriver Bit,,,,,,,,,,,,,,,,,,,,,,,,,,,,,,,,,,,,,,,,,,,,,,,,,,,,,,,,,,,,,,,,,,,,,,,,,,,,,,,,,,,,,,,,,,,,,,,,,,,,,,,,,,,,,,,,,,,,,,,,,,,,,,,,,,,,,,,,,,,,,,,,,,,,,,,,,,,,,,,,,,,,,,,,,,Diablo_DPH335B.jpg,Diablo_DPH335B_1.jpg,Diablo_DPH335B_2.jpg,Diablo_DPH335B_3.jpg,Diablo_DPH335B_4.jpg,,,,,Diablo_DPH335B_Specification_Sheet.pdf,,,,,,,,,,,,,,,,,,
,,,,,,,Power Tools,Power Tool Accessories,Screwdriver Bits,,DSQ12B,"DSQ12B 2"" #1 Square Drive Bit",-- Unbranded --,-- No Unilog Brand --,Diablo,Freud Inc (2435),Freud America Inc,Diablo,,DSQ12B,,Building & Hardware>Power Tools>Accessories>Screwdriver Bits,"Freud America Inc, Diablo, Screwdriver Bit, DSQ12B",SCRDR BIT,Diablo DSQ12B Screwdriver Bit,Diablo Screwdriver Bit,Screwdriver Bit,,,,,,,,,,,,,,,,,,,,,,,,,,,Screwdriver Bit,,,,,,,,,,,,,,,,,,,,,,,,,,,,,,,,,,,,,,,,,,,,,,,,,,,,,,,,,,,,,,,,,,,,,,,,,,,,,,,,,,,,,,,,,,,,,,,,,,,,,,,,,,,,,,,,,,,,,,,,,,,,,,,,,,,,,,,,,,,,,,,,,,,,,,,,,,,,,,,,,,,,,,,,,,Diablo_DSQ12B.jpg,Diablo_DSQ12B_1.jpg,Diablo_DSQ12B_2.jpg,Diablo_DSQ12B_3.jpg,Diablo_DSQ12B_4.jpg,,,,,Diablo_DSQ12B_Specification_Sheet.pdf,,,,,,,,,,,,,,,,,,
,,,,,,,Power Tools,Power Tool Accessories,Screwdriver Bits,,DSQ22B,"DSQ22B 2"" #2 Square Drive Bit",-- Unbranded --,-- No Unilog Brand --,Diablo,Freud Inc (2435),Freud America Inc,Diablo,,DSQ22B,,Building & Hardware>Power Tools>Accessories>Screwdriver Bits,"Freud America Inc, Diablo, Screwdriver Bit, DSQ22B",SCRDR BIT,Diablo DSQ22B Screwdriver Bit,Diablo Screwdriver Bit,Screwdriver Bit,,,,,,,,,,,,,,,,,,,,,,,,,,,Screwdriver Bit,,,,,,,,,,,,,,,,,,,,,,,,,,,,,,,,,,,,,,,,,,,,,,,,,,,,,,,,,,,,,,,,,,,,,,,,,,,,,,,,,,,,,,,,,,,,,,,,,,,,,,,,,,,,,,,,,,,,,,,,,,,,,,,,,,,,,,,,,,,,,,,,,,,,,,,,,,,,,,,,,,,,,,,,,,Diablo_DSQ22B.jpg,Diablo_DSQ22B_1.jpg,Diablo_DSQ22B_2.jpg,Diablo_DSQ22B_3.jpg,Diablo_DSQ22B_4.jpg,,,,,Diablo_DSQ22B_Specification_Sheet.pdf,,,,,,,,,,,,,,,,,,
,,,,,,,Power Tools,Power Tool Accessories,Screwdriver Bits,,DSQ26B,"DSQ26B 6"" #2 Square Drive Bit",-- Unbranded --,-- No Unilog Brand --,Diablo,Freud Inc (2435),Freud America Inc,Diablo,,DSQ26B,,Building & Hardware>Power Tools>Accessories>Screwdriver Bits,"Freud America Inc, Diablo, Screwdriver Bit, DSQ26B",SCRDR BIT,Diablo DSQ26B Screwdriver Bit,Diablo Screwdriver Bit,Screwdriver Bit,,,,,,,,,,,,,,,,,,,,,,,,,,,Screwdriver Bit,,,,,,,,,,,,,,,,,,,,,,,,,,,,,,,,,,,,,,,,,,,,,,,,,,,,,,,,,,,,,,,,,,,,,,,,,,,,,,,,,,,,,,,,,,,,,,,,,,,,,,,,,,,,,,,,,,,,,,,,,,,,,,,,,,,,,,,,,,,,,,,,,,,,,,,,,,,,,,,,,,,,,,,,,,Diablo_DSQ26B.jpg,Diablo_DSQ26B_1.jpg,Diablo_DSQ26B_2.jpg,Diablo_DSQ26B_3.jpg,Diablo_DSQ26B_4.jpg,,,,,Diablo_DSQ26B_Specification_Sheet.pdf,,,,,,,,,,,,,,,,,,
,,,,,,,Power Tools,Power Tool Accessories,Screwdriver Bits,,DSQ32B,"DSQ32B 2"" #3 Square Drive Bit",-- Unbranded --,-- No Unilog Brand --,Diablo,Freud Inc (2435),Freud America Inc,Diablo,,DSQ32B,,Building & Hardware>Power Tools>Accessories>Screwdriver Bits,"Freud America Inc, Diablo, Screwdriver Bit, DSQ32B",SCRDR BIT,Diablo DSQ32B Screwdriver Bit,Diablo Screwdriver Bit,Screwdriver Bit,,,,,,,,,,,,,,,,,,,,,,,,,,,Screwdriver Bit,,,,,,,,,,,,,,,,,,,,,,,,,,,,,,,,,,,,,,,,,,,,,,,,,,,,,,,,,,,,,,,,,,,,,,,,,,,,,,,,,,,,,,,,,,,,,,,,,,,,,,,,,,,,,,,,,,,,,,,,,,,,,,,,,,,,,,,,,,,,,,,,,,,,,,,,,,,,,,,,,,,,,,,,,,Diablo_DSQ32B.jpg,Diablo_DSQ32B_1.jpg,Diablo_DSQ32B_2.jpg,Diablo_DSQ32B_3.jpg,Diablo_DSQ32B_4.jpg,,,,,Diablo_DSQ32B_Specification_Sheet.pdf,,,,,,,,,,,,,,,,,,
,,,,,,,Power Tools,Power Tool Accessories,Screwdriver Bits,,DT102B,"DT102B 2"" #10 Torx Drive Bit",-- Unbranded --,-- No Unilog Brand --,Diablo,Freud Inc (2435),Freud America Inc,Diablo,,DT102B,,Building & Hardware>Power Tools>Accessories>Screwdriver Bits,"Freud America Inc, Diablo, Screwdriver Bit, DT102B",SCRDR BIT,Diablo DT102B Screwdriver Bit,Diablo Screwdriver Bit,Screwdriver Bit,,,,,,,,,,,,,,,,,,,,,,,,,,,Screwdriver Bit,,,,,,,,,,,,,,,,,,,,,,,,,,,,,,,,,,,,,,,,,,,,,,,,,,,,,,,,,,,,,,,,,,,,,,,,,,,,,,,,,,,,,,,,,,,,,,,,,,,,,,,,,,,,,,,,,,,,,,,,,,,,,,,,,,,,,,,,,,,,,,,,,,,,,,,,,,,,,,,,,,,,,,,,,,Diablo_DT102B.jpg,Diablo_DT102B_1.jpg,Diablo_DT102B_2.jpg,Diablo_DT102B_3.jpg,Diablo_DT102B_4.jpg,,,,,Diablo_DT102B_Specification_Sheet.pdf,,,,,,,,,,,,,,,,,,
,,,,,,,Power Tools,Power Tool Accessories,Screwdriver Bits,,DT152B,"DT152B 2"" #15 Torx Drive Bit",-- Unbranded --,-- No Unilog Brand --,Diablo,Freud Inc (2435),Freud America Inc,Diablo,,DT152B,,Building & Hardware>Power Tools>Accessories>Screwdriver Bits,"Freud America Inc, Diablo, Screwdriver Bit, DT152B",SCRDR BIT,Diablo DT152B Screwdriver Bit,Diablo Screwdriver Bit,Screwdriver Bit,,,,,,,,,,,,,,,,,,,,,,,,,,,Screwdriver Bit,,,,,,,,,,,,,,,,,,,,,,,,,,,,,,,,,,,,,,,,,,,,,,,,,,,,,,,,,,,,,,,,,,,,,,,,,,,,,,,,,,,,,,,,,,,,,,,,,,,,,,,,,,,,,,,,,,,,,,,,,,,,,,,,,,,,,,,,,,,,,,,,,,,,,,,,,,,,,,,,,,,,,,,,,,Diablo_DT152B.jpg,Diablo_DT152B_1.jpg,Diablo_DT152B_2.jpg,Diablo_DT152B_3.jpg,Diablo_DT152B_4.jpg,,,,,Diablo_DT152B_Specification_Sheet.pdf,,,,,,,,,,,,,,,,,,
,,,,,,,Power Tools,Power Tool Accessories,Screwdriver Bits,,DT1535B,"DT1535B 3-1/2"" #15 Torx Drive - Bit",-- Unbranded --,-- No Unilog Brand --,Diablo,Freud Inc (2435),Freud America Inc,Diablo,,DT1535B,,Building & Hardware>Power Tools>Accessories>Screwdriver Bits,"Freud America Inc, Diablo, Screwdriver Bit, DT1535B",SCRDR BIT,Diablo DT1535B Screwdriver Bit,Diablo Screwdriver Bit,Screwdriver Bit,,,,,,,,,,,,,,,,,,,,,,,,,,,Screwdriver Bit,,,,,,,,,,,,,,,,,,,,,,,,,,,,,,,,,,,,,,,,,,,,,,,,,,,,,,,,,,,,,,,,,,,,,,,,,,,,,,,,,,,,,,,,,,,,,,,,,,,,,,,,,,,,,,,,,,,,,,,,,,,,,,,,,,,,,,,,,,,,,,,,,,,,,,,,,,,,,,,,,,,,,,,,,,Diablo_DT1535B.jpg,Diablo_DT1535B_1.jpg,Diablo_DT1535B_2.jpg,Diablo_DT1535B_3.jpg,Diablo_DT1535B_4.jpg,,,,,Diablo_DT1535B_Specification_Sheet.pdf,,,,,,,,,,,,,,,,,,
,,,,,,,Power Tools,Power Tool Accessories,Screwdriver Bits,,DT202B,"DT202B 2"" #20 Torx Drive Bit",-- Unbranded --,-- No Unilog Brand --,Diablo,Freud Inc (2435),Freud America Inc,Diablo,,DT202B,,Building & Hardware>Power Tools>Accessories>Screwdriver Bits,"Freud America Inc, Diablo, Screwdriver Bit, DT202B",SCRDR BIT,Diablo DT202B Screwdriver Bit,Diablo Screwdriver Bit,Screwdriver Bit,,,,,,,,,,,,,,,,,,,,,,,,,,,Screwdriver Bit,,,,,,,,,,,,,,,,,,,,,,,,,,,,,,,,,,,,,,,,,,,,,,,,,,,,,,,,,,,,,,,,,,,,,,,,,,,,,,,,,,,,,,,,,,,,,,,,,,,,,,,,,,,,,,,,,,,,,,,,,,,,,,,,,,,,,,,,,,,,,,,,,,,,,,,,,,,,,,,,,,,,,,,,,,Diablo_DT202B.jpg,Diablo_DT202B_1.jpg,Diablo_DT202B_2.jpg,Diablo_DT202B_3.jpg,Diablo_DT202B_4.jpg,,,,,Diablo_DT202B_Specification_Sheet.pdf,,,,,,,,,,,,,,,,,,
,,,,,,,Power Tools,Power Tool Accessories,Screwdriver Bits,,DT2035B,"DT2035B 3-1/2"" #20 Torx Drive - Bit",-- Unbranded --,-- No Unilog Brand --,Diablo,Freud Inc (2435),Freud America Inc,Diablo,,DT2035B,,Building & Hardware>Power Tools>Accessories>Screwdriver Bits,"Freud America Inc, Diablo, Screwdriver Bit, DT2035B",SCRDR BIT,Diablo DT2035B Screwdriver Bit,Diablo Screwdriver Bit,Screwdriver Bit,,,,,,,,,,,,,,,,,,,,,,,,,,,Screwdriver Bit,,,,,,,,,,,,,,,,,,,,,,,,,,,,,,,,,,,,,,,,,,,,,,,,,,,,,,,,,,,,,,,,,,,,,,,,,,,,,,,,,,,,,,,,,,,,,,,,,,,,,,,,,,,,,,,,,,,,,,,,,,,,,,,,,,,,,,,,,,,,,,,,,,,,,,,,,,,,,,,,,,,,,,,,,,Diablo_DT2035B.jpg,Diablo_DT2035B_1.jpg,Diablo_DT2035B_2.jpg,Diablo_DT2035B_3.jpg,Diablo_DT2035B_4.jpg,,,,,Diablo_DT2035B_Specification_Sheet.pdf,,,,,,,,,,,,,,,,,,
,,,,,,,Power Tools,Power Tool Accessories,Screwdriver Bits,,DT206B,"DT206B 6"" #20 Torx Drive Bit",-- Unbranded --,-- No Unilog Brand --,Diablo,Freud Inc (2435),Freud America Inc,Diablo,,DT206B,,Building & Hardware>Power Tools>Accessories>Screwdriver Bits,"Freud America Inc, Diablo, Screwdriver Bit, DT206B",SCRDR BIT,Diablo DT206B Screwdriver Bit,Diablo Screwdriver Bit,Screwdriver Bit,,,,,,,,,,,,,,,,,,,,,,,,,,,Screwdriver Bit,,,,,,,,,,,,,,,,,,,,,,,,,,,,,,,,,,,,,,,,,,,,,,,,,,,,,,,,,,,,,,,,,,,,,,,,,,,,,,,,,,,,,,,,,,,,,,,,,,,,,,,,,,,,,,,,,,,,,,,,,,,,,,,,,,,,,,,,,,,,,,,,,,,,,,,,,,,,,,,,,,,,,,,,,,Diablo_DT206B.jpg,Diablo_DT206B_1.jpg,Diablo_DT206B_2.jpg,Diablo_DT206B_3.jpg,Diablo_DT206B_4.jpg,,,,,Diablo_DT206B_Specification_Sheet.pdf,,,,,,,,,,,,,,,,,,
,,,,,,,Power Tools,Power Tool Accessories,Screwdriver Bits,,DT252B,"DT252B 2"" #25 Trox Drive Bit",-- Unbranded --,-- No Unilog Brand --,Diablo,Freud Inc (2435),Freud America Inc,Diablo,,DT252B,,Building & Hardware>Power Tools>Accessories>Screwdriver Bits,"Freud America Inc, Diablo, Screwdriver Bit, DT252B",SCRDR BIT,Diablo DT252B Screwdriver Bit,Diablo Screwdriver Bit,Screwdriver Bit,,,,,,,,,,,,,,,,,,,,,,,,,,,Screwdriver Bit,,,,,,,,,,,,,,,,,,,,,,,,,,,,,,,,,,,,,,,,,,,,,,,,,,,,,,,,,,,,,,,,,,,,,,,,,,,,,,,,,,,,,,,,,,,,,,,,,,,,,,,,,,,,,,,,,,,,,,,,,,,,,,,,,,,,,,,,,,,,,,,,,,,,,,,,,,,,,,,,,,,,,,,,,,Diablo_DT252B.jpg,Diablo_DT252B_1.jpg,Diablo_DT252B_2.jpg,Diablo_DT252B_3.jpg,Diablo_DT252B_4.jpg,,,,,Diablo_DT252B_Specification_Sheet.pdf,,,,,,,,,,,,,,,,,,
,,,,,,,Power Tools,Power Tool Accessories,Screwdriver Bits,,DT2535B,"DT2535B 3-1/4"" #25 Torx Drive - Bit",-- Unbranded --,-- No Unilog Brand --,Diablo,Freud Inc (2435),Freud America Inc,Diablo,,DT2535B,,Building & Hardware>Power Tools>Accessories>Screwdriver Bits,"Freud America Inc, Diablo, Screwdriver Bit, DT2535B",SCRDR BIT,Diablo DT2535B Screwdriver Bit,Diablo Screwdriver Bit,Screwdriver Bit,,,,,,,,,,,,,,,,,,,,,,,,,,,Screwdriver Bit,,,,,,,,,,,,,,,,,,,,,,,,,,,,,,,,,,,,,,,,,,,,,,,,,,,,,,,,,,,,,,,,,,,,,,,,,,,,,,,,,,,,,,,,,,,,,,,,,,,,,,,,,,,,,,,,,,,,,,,,,,,,,,,,,,,,,,,,,,,,,,,,,,,,,,,,,,,,,,,,,,,,,,,,,,Diablo_DT2535B.jpg,Diablo_DT2535B_1.jpg,Diablo_DT2535B_2.jpg,Diablo_DT2535B_3.jpg,Diablo_DT2535B_4.jpg,,,,,Diablo_DT2535B_Specification_Sheet.pdf,,,,,,,,,,,,,,,,,,
,,,,,,,Power Tools,Power Tool Accessories,Screwdriver Bits,,DT256B,"DT256B 6"" #25 Torx Drive Bit",-- Unbranded --,-- No Unilog Brand --,Diablo,Freud Inc (2435),Freud America Inc,Diablo,,DT256B,,Building & Hardware>Power Tools>Accessories>Screwdriver Bits,"Freud America Inc, Diablo, Screwdriver Bit, DT256B",SCRDR BIT,Diablo DT256B Screwdriver Bit,Diablo Screwdriver Bit,Screwdriver Bit,,,,,,,,,,,,,,,,,,,,,,,,,,,Screwdriver Bit,,,,,,,,,,,,,,,,,,,,,,,,,,,,,,,,,,,,,,,,,,,,,,,,,,,,,,,,,,,,,,,,,,,,,,,,,,,,,,,,,,,,,,,,,,,,,,,,,,,,,,,,,,,,,,,,,,,,,,,,,,,,,,,,,,,,,,,,,,,,,,,,,,,,,,,,,,,,,,,,,,,,,,,,,,Diablo_DT256B.jpg,Diablo_DT256B_1.jpg,Diablo_DT256B_2.jpg,Diablo_DT256B_3.jpg,Diablo_DT256B_4.jpg,,,,,Diablo_DT256B_Specification_Sheet.pdf,,,,,,,,,,,,,,,,,,
,,,,,,,Power Tools,Power Tool Accessories,Screwdriver Bits,,DT302B,"DT302B 2"" #30 Torx Drive Bit",-- Unbranded --,-- No Unilog Brand --,Diablo,Freud Inc (2435),Freud America Inc,Diablo,,DT302B,,Building & Hardware>Power Tools>Accessories>Screwdriver Bits,"Freud America Inc, Diablo, Screwdriver Bit, DT302B",SCRDR BIT,Diablo DT302B Screwdriver Bit,Diablo Screwdriver Bit,Screwdriver Bit,,,,,,,,,,,,,,,,,,,,,,,,,,,Screwdriver Bit,,,,,,,,,,,,,,,,,,,,,,,,,,,,,,,,,,,,,,,,,,,,,,,,,,,,,,,,,,,,,,,,,,,,,,,,,,,,,,,,,,,,,,,,,,,,,,,,,,,,,,,,,,,,,,,,,,,,,,,,,,,,,,,,,,,,,,,,,,,,,,,,,,,,,,,,,,,,,,,,,,,,,,,,,,Diablo_DT302B.jpg,Diablo_DT302B_1.jpg,Diablo_DT302B_2.jpg,Diablo_DT302B_3.jpg,Diablo_DT302B_4.jpg,,,,,Diablo_DT302B_Specification_Sheet.pdf,,,,,,,,,,,,,,,,,,
,,,,,,,Power Tools,Power Tool Accessories,Screwdriver Bits,,DT402B,"DT402B 2"" #40 Torx Drive Bit",-- Unbranded --,-- No Unilog Brand --,Diablo,Freud Inc (2435),Freud America Inc,Diablo,,DT402B,,Building & Hardware>Power Tools>Accessories>Screwdriver Bits,"Freud America Inc, Diablo, Screwdriver Bit, DT402B",SCRDR BIT,Diablo DT402B Screwdriver Bit,Diablo Screwdriver Bit,Screwdriver Bit,,,,,,,,,,,,,,,,,,,,,,,,,,,Screwdriver Bit,,,,,,,,,,,,,,,,,,,,,,,,,,,,,,,,,,,,,,,,,,,,,,,,,,,,,,,,,,,,,,,,,,,,,,,,,,,,,,,,,,,,,,,,,,,,,,,,,,,,,,,,,,,,,,,,,,,,,,,,,,,,,,,,,,,,,,,,,,,,,,,,,,,,,,,,,,,,,,,,,,,,,,,,,,Diablo_DT402B.jpg,Diablo_DT402B_1.jpg,Diablo_DT402B_2.jpg,Diablo_DT402B_3.jpg,Diablo_DT402B_4.jpg,,,,,Diablo_DT402B_Specification_Sheet.pdf,,,,,,,,,,,,,,,,,,
,,,,,,,Building Materials,Drywall & Gypsum,Drywall Panels,,DDWSSB,DDWSSB #2 Drywall Screw Setter,-- Unbranded --,-- No Unilog Brand --,Diablo,Freud Inc (2435),Freud America Inc,Diablo,,DDWSSB,,Building Materials>Drywall & Gypsum>Drywall Sheets,"Freud America Inc, Diablo, Drywall Panel, DDWSSB",DRWL PNL,Diablo DDWSSB Drywall Panel,Diablo Drywall Panel,Drywall Panel,,,,,,,,,,,,,,,,,,,,,,,,,,,Drywall Panel,,,,,,,,,,,,,,,,,,,,,,,,,,,,,,,,,,,,,,,,,,,,,,,,,,,,,,,,,,,,,,,,,,,,,,,,,,,,,,,,,,,,,,,,,,,,,,,,,,,,,,,,,,,,,,,,,,,,,,,,,,,,,,,,,,,,,,,,,,,,,,,,,,,,,,,,,,,,,,,,,,,,,,,,,,Diablo_DDWSSB.jpg,Diablo_DDWSSB_1.jpg,Diablo_DDWSSB_2.jpg,Diablo_DDWSSB_3.jpg,Diablo_DDWSSB_4.jpg,,,,,Diablo_DDWSSB_Specification_Sheet.pdf,,,,,,,,,,,,,,,,,,
,,,,,,,Power Tools,Power Tool Accessories,Screwdriver Bits,,191V02-0,191V02-0 Makita #2 Phillips Bit 5pk,-- Unbranded --,-- No Unilog Brand --,-- No DIB Brand --,Makita Usa Inc (5142),Makita U.S.A. Inc.,Makita,,191V02-0,,Building & Hardware>Power Tools>Accessories>Screwdriver Bits,"Makita U.S.A. Inc., Makita, Screwdriver Bit, 191V02-0",SCRDR BIT,Makita 191V02-0 Screwdriver Bit With 5 pk,"Makita Screwdriver Bit, 5 pk","Screwdriver Bit, 5 pk",,Package Quantity: 5 pk,,,,,,,,,,,,,,,,,,,,,,,,,Screwdriver Bit,Package Quantity,5,pk,,,,,,,,,,,,,,,,,,,,,,,,,,,,,,,,,,,,,,,,,,,,,,,,,,,,,,,,,,,,,,,,,,,,,,,,,,,,,,,,,,,,,,,,,,,,,,,,,,,,,,,,,,,,,,,,,,,,,,,,,,,,,,,,,,,,,,,,,,,,,,,,,,,,,,,,,,,,,,,,,,,,,,,Makita_191V02-0.jpg,Makita_191V02-0_1.jpg,Makita_191V02-0_2.jpg,Makita_191V02-0_3.jpg,Makita_191V02-0_4.jpg,,,,,Makita_191V02-0_Specification_Sheet.pdf,,,,,,,,,,,,,,,,,,
,,,,,,,Power Tools,Power Tools,Staplers,,XTS02Z,"XTS02Z Makita 18V 1/4"" Narrow Crown Stapler 18GA",-- Unbranded --,-- No Unilog Brand --,-- No DIB Brand --,Makita Usa Inc (5142),Makita U.S.A. Inc.,Makita,,XTS02Z,,Building & Hardware>Power Tools>Nailers & Staplers,"Makita U.S.A. Inc., Makita, Stapler, XTS02Z",STAPLER,Makita XTS02Z Stapler,Makita Stapler,Stapler,,,,,,,,,,,,,,,,,,,,,,,,,,,Stapler,,,,,,,,,,,,,,,,,,,,,,,,,,,,,,,,,,,,,,,,,,,,,,,,,,,,,,,,,,,,,,,,,,,,,,,,,,,,,,,,,,,,,,,,,,,,,,,,,,,,,,,,,,,,,,,,,,,,,,,,,,,,,,,,,,,,,,,,,,,,,,,,,,,,,,,,,,,,,,,,,,,,,,,,,,Makita_XTS02Z.jpg,Makita_XTS02Z_1.jpg,Makita_XTS02Z_2.jpg,Makita_XTS02Z_3.jpg,Makita_XTS02Z_4.jpg,,,,,Makita_XTS02Z_Specification_Sheet.pdf,,,,,,,,,,,,,,,,,,
,,,,,,,Power Tools,Power Tools,Impact Drivers,,DCF809D1,"DCF809D1 Dewalt Atomic 20V 1/4"" Impact Driver Kit",-- Unbranded --,-- No Unilog Brand --,DEWALT,Black & Decker/dewlt (2585),Stanley Black & Decker Inc,DEWALT,,DCF809D1,,Building & Hardware>Power Tools>Impact Wrenches & Drivers,"Stanley Black & Decker Inc, DEWALT, Impact Driver, DCF809D1",IMP DRV,DEWALT DCF809D1 Impact Driver,DEWALT Impact Driver,Impact Driver,,,,,,,,,,,,,,,,,,,,,,,,,,,Impact Driver,,,,,,,,,,,,,,,,,,,,,,,,,,,,,,,,,,,,,,,,,,,,,,,,,,,,,,,,,,,,,,,,,,,,,,,,,,,,,,,,,,,,,,,,,,,,,,,,,,,,,,,,,,,,,,,,,,,,,,,,,,,,,,,,,,,,,,,,,,,,,,,,,,,,,,,,,,,,,,,,,,,,,,,,,,DEWALT_DCF809D1.jpg,DEWALT_DCF809D1_1.jpg,DEWALT_DCF809D1_2.jpg,DEWALT_DCF809D1_3.jpg,DEWALT_DCF809D1_4.jpg,,,,,DEWALT_DCF809D1_Specification_Sheet.pdf,,,,,,,,,,,,,,,,,,
,,,,,,,Power Tools,Power Tools,Impact Drivers,,2761-20,"2761-20 Milw M18 1/4"" Hex Hydraulic Driver",-- Unbranded --,-- No Unilog Brand --,-- No DIB Brand --,Milwaukee Accessory (4031),Milwaukee Electric Tool Corporation,MILWAUKEE®,,2761-20,,Building & Hardware>Power Tools>Impact Wrenches & Drivers,"Milwaukee Electric Tool Corporation, MILWAUKEE®, Impact Driver, 2761-20",IMP DRV,MILWAUKEE® 2761-20 Impact Driver,MILWAUKEE® Impact Driver,Impact Driver,,,,,,,,,,,,,,,,,,,,,,,,,,,Impact Driver,,,,,,,,,,,,,,,,,,,,,,,,,,,,,,,,,,,,,,,,,,,,,,,,,,,,,,,,,,,,,,,,,,,,,,,,,,,,,,,,,,,,,,,,,,,,,,,,,,,,,,,,,,,,,,,,,,,,,,,,,,,,,,,,,,,,,,,,,,,,,,,,,,,,,,,,,,,,,,,,,,,,,,,,,,MILWAUKEE_2761-20.jpg,MILWAUKEE_2761-20_1.jpg,MILWAUKEE_2761-20_2.jpg,MILWAUKEE_2761-20_3.jpg,MILWAUKEE_2761-20_4.jpg,,,,,MILWAUKEE_2761-20_Specification_Sheet.pdf,,,,,,,,,,,,,,,,,,
,,,,,,,Power Tools,Power Tool Accessories,Batteries & Chargers,,2761-22,2761-22 Milw M18 Surge Kit,-- Unbranded --,-- No Unilog Brand --,-- No DIB Brand --,Milwaukee Accessory (4031),Milwaukee Electric Tool Corporation,MILWAUKEE®,,2761-22,,Building & Hardware>Power Tools>Accessories>Batteries & Chargers,"Milwaukee Electric Tool Corporation, MILWAUKEE®, Charger, 2761-22",CHGR,MILWAUKEE® 2761-22 Charger,MILWAUKEE® Charger,Charger,,,,,,,,,,,,,,,,,,,,,,,,,,,Charger,,,,,,,,,,,,,,,,,,,,,,,,,,,,,,,,,,,,,,,,,,,,,,,,,,,,,,,,,,,,,,,,,,,,,,,,,,,,,,,,,,,,,,,,,,,,,,,,,,,,,,,,,,,,,,,,,,,,,,,,,,,,,,,,,,,,,,,,,,,,,,,,,,,,,,,,,,,,,,,,,,,,,,,,,,MILWAUKEE_2761-22.jpg,MILWAUKEE_2761-22_1.jpg,MILWAUKEE_2761-22_2.jpg,MILWAUKEE_2761-22_3.jpg,MILWAUKEE_2761-22_4.jpg,,,,,MILWAUKEE_2761-22_Specification_Sheet.pdf,,,,,,,,,,,,,,,,,,
,,,,,,,Power Tools,Power Tools,Impact Drivers,,3450-20,3450-20 Milw M12 Impact Driver - Brushless Compact (Bare),-- Unbranded --,-- No Unilog Brand --,-- No DIB Brand --,Milwaukee Accessory (4031),Milwaukee Electric Tool Corporation,MILWAUKEE®,,3450-20,,Building & Hardware>Power Tools>Impact Wrenches & Drivers,"Milwaukee Electric Tool Corporation, MILWAUKEE®, Impact Driver, 3450-20",IMP DRV,MILWAUKEE® 3450-20 Impact Driver,MILWAUKEE® Impact Driver,Impact Driver,,,,,,,,,,,,,,,,,,,,,,,,,,,Impact Driver,,,,,,,,,,,,,,,,,,,,,,,,,,,,,,,,,,,,,,,,,,,,,,,,,,,,,,,,,,,,,,,,,,,,,,,,,,,,,,,,,,,,,,,,,,,,,,,,,,,,,,,,,,,,,,,,,,,,,,,,,,,,,,,,,,,,,,,,,,,,,,,,,,,,,,,,,,,,,,,,,,,,,,,,,,MILWAUKEE_3450-20.jpg,MILWAUKEE_3450-20_1.jpg,MILWAUKEE_3450-20_2.jpg,MILWAUKEE_3450-20_3.jpg,MILWAUKEE_3450-20_4.jpg,,,,,MILWAUKEE_3450-20_Specification_Sheet.pdf,,,,,,,,,,,,,,,,,,
,,,,,,,Power Tools,Power Tools,Impact Drivers,,KPTDV025A,KPTDV025A Kreg 20V Ionic Compact Impact Driver,-- Unbranded --,-- No Unilog Brand --,-- No DIB Brand --,Kreg Tool Company (KRETO),Kreg Tool Company,Kreg,,KPTDV025A,,Building & Hardware>Power Tools>Impact Wrenches & Drivers,"Kreg Tool Company, Kreg, Impact Driver, KPTDV025A",IMP DRV 025A,Kreg KPTDV025A Impact Driver With 025 A,"Kreg Impact Driver, 025 A","Impact Driver, 025 A",,Amperage Rating: 025 A,,,,,,,,,,,,,,,,,,,,,,,,,Impact Driver,Amperage Rating,025,A,,,,,,,,,,,,,,,,,,,,,,,,,,,,,,,,,,,,,,,,,,,,,,,,,,,,,,,,,,,,,,,,,,,,,,,,,,,,,,,,,,,,,,,,,,,,,,,,,,,,,,,,,,,,,,,,,,,,,,,,,,,,,,,,,,,,,,,,,,,,,,,,,,,,,,,,,,,,,,,,,,,,,,,Kreg_KPTDV025A.jpg,Kreg_KPTDV025A_1.jpg,Kreg_KPTDV025A_2.jpg,Kreg_KPTDV025A_3.jpg,Kreg_KPTDV025A_4.jpg,,,,,Kreg_KPTDV025A_Specification_Sheet.pdf,,,,,,,,,,,,,,,,,,
,,,,,,,Power Tools,Power Tools,Impact Wrenches,,3048-20,"3048-20 Milw M12 1/4"" Impact Wrench w/Friction Ring",-- Unbranded --,-- No Unilog Brand --,-- No DIB Brand --,Milwaukee Accessory (4031),Milwaukee Electric Tool Corporation,MILWAUKEE®,,3048-20,,Building & Hardware>Power Tools>Impact Wrenches & Drivers,"Milwaukee Electric Tool Corporation, MILWAUKEE®, Impact Wrench, 3048-20",IMP WRN,MILWAUKEE® 3048-20 Impact Wrench,MILWAUKEE® Impact Wrench,Impact Wrench,,,,,,,,,,,,,,,,,,,,,,,,,,,Impact Wrench,,,,,,,,,,,,,,,,,,,,,,,,,,,,,,,,,,,,,,,,,,,,,,,,,,,,,,,,,,,,,,,,,,,,,,,,,,,,,,,,,,,,,,,,,,,,,,,,,,,,,,,,,,,,,,,,,,,,,,,,,,,,,,,,,,,,,,,,,,,,,,,,,,,,,,,,,,,,,,,,,,,,,,,,,,MILWAUKEE_3048-20.jpg,MILWAUKEE_3048-20_1.jpg,MILWAUKEE_3048-20_2.jpg,MILWAUKEE_3048-20_3.jpg,MILWAUKEE_3048-20_4.jpg,,,,,MILWAUKEE_3048-20_Specification_Sheet.pdf,,,,,,,,,,,,,,,,,,
,,,,,,,Power Tools,Power Tools,Impact Wrenches,,3049-20,"3049-20 Milw M12 3/8"" Impact Wrench w/Friction Ring",-- Unbranded --,-- No Unilog Brand --,-- No DIB Brand --,Milwaukee Accessory (4031),Milwaukee Electric Tool Corporation,MILWAUKEE®,,3049-20,,Building & Hardware>Power Tools>Impact Wrenches & Drivers,"Milwaukee Electric Tool Corporation, MILWAUKEE®, Impact Wrench, 3049-20",IMP WRN,MILWAUKEE® 3049-20 Impact Wrench,MILWAUKEE® Impact Wrench,Impact Wrench,,,,,,,,,,,,,,,,,,,,,,,,,,,Impact Wrench,,,,,,,,,,,,,,,,,,,,,,,,,,,,,,,,,,,,,,,,,,,,,,,,,,,,,,,,,,,,,,,,,,,,,,,,,,,,,,,,,,,,,,,,,,,,,,,,,,,,,,,,,,,,,,,,,,,,,,,,,,,,,,,,,,,,,,,,,,,,,,,,,,,,,,,,,,,,,,,,,,,,,,,,,,MILWAUKEE_3049-20.jpg,MILWAUKEE_3049-20_1.jpg,MILWAUKEE_3049-20_2.jpg,MILWAUKEE_3049-20_3.jpg,MILWAUKEE_3049-20_4.jpg,,,,,MILWAUKEE_3049-20_Specification_Sheet.pdf,,,,,,,,,,,,,,,,,,
,,,,,,,Power Tools,Power Tools,Impact Wrenches,,2563-20,"2563-20 Milw M12 Stubby 1/2"" Impact Wrench",-- Unbranded --,-- No Unilog Brand --,-- No DIB Brand --,Milwaukee Accessory (4031),Milwaukee Electric Tool Corporation,MILWAUKEE®,,2563-20,,Building & Hardware>Power Tools>Impact Wrenches & Drivers,"Milwaukee Electric Tool Corporation, MILWAUKEE®, Impact Wrench, 2563-20",IMP WRN,MILWAUKEE® 2563-20 Impact Wrench,MILWAUKEE® Impact Wrench,Impact Wrench,,,,,,,,,,,,,,,,,,,,,,,,,,,Impact Wrench,,,,,,,,,,,,,,,,,,,,,,,,,,,,,,,,,,,,,,,,,,,,,,,,,,,,,,,,,,,,,,,,,,,,,,,,,,,,,,,,,,,,,,,,,,,,,,,,,,,,,,,,,,,,,,,,,,,,,,,,,,,,,,,,,,,,,,,,,,,,,,,,,,,,,,,,,,,,,,,,,,,,,,,,,,MILWAUKEE_2563-20.jpg,MILWAUKEE_2563-20_1.jpg,MILWAUKEE_2563-20_2.jpg,MILWAUKEE_2563-20_3.jpg,MILWAUKEE_2563-20_4.jpg,,,,,MILWAUKEE_2563-20_Specification_Sheet.pdf,,,,,,,,,,,,,,,,,,
,,,,,,,Power Tools,Power Tools,Impact Wrenches,,DCF961B,"Dewalt DCF961B 20V 1/2"" Impact - Bare Tool",-- Unbranded --,-- No Unilog Brand --,DEWALT,Black & Decker/dewlt (2585),Stanley Black & Decker Inc,DEWALT,,DCF961B,,Building & Hardware>Power Tools>Impact Wrenches & Drivers,"Stanley Black & Decker Inc, DEWALT, Impact Wrench, DCF961B",IMP WRN,DEWALT DCF961B Impact Wrench,DEWALT Impact Wrench,Impact Wrench,,,,,,,,,,,,,,,,,,,,,,,,,,,Impact Wrench,,,,,,,,,,,,,,,,,,,,,,,,,,,,,,,,,,,,,,,,,,,,,,,,,,,,,,,,,,,,,,,,,,,,,,,,,,,,,,,,,,,,,,,,,,,,,,,,,,,,,,,,,,,,,,,,,,,,,,,,,,,,,,,,,,,,,,,,,,,,,,,,,,,,,,,,,,,,,,,,,,,,,,,,,,DEWALT_DCF961B.jpg,DEWALT_DCF961B_1.jpg,DEWALT_DCF961B_2.jpg,DEWALT_DCF961B_3.jpg,DEWALT_DCF961B_4.jpg,,,,,DEWALT_DCF961B_Specification_Sheet.pdf,,,,,,,,,,,,,,,,,,
,,,,,,,Power Tools,Power Tools,Impact Wrenches,,DCF964B,"DCF964B Dewalt 20V 3/4"" Impact - Wrench (Bare)",-- Unbranded --,-- No Unilog Brand --,DEWALT,Black & Decker/dewlt (2585),Stanley Black & Decker Inc,DEWALT,,DCF964B,,Building & Hardware>Power Tools>Impact Wrenches & Drivers,"Stanley Black & Decker Inc, DEWALT, Impact Wrench, DCF964B",IMP WRN,DEWALT DCF964B Impact Wrench,DEWALT Impact Wrench,Impact Wrench,,,,,,,,,,,,,,,,,,,,,,,,,,,Impact Wrench,,,,,,,,,,,,,,,,,,,,,,,,,,,,,,,,,,,,,,,,,,,,,,,,,,,,,,,,,,,,,,,,,,,,,,,,,,,,,,,,,,,,,,,,,,,,,,,,,,,,,,,,,,,,,,,,,,,,,,,,,,,,,,,,,,,,,,,,,,,,,,,,,,,,,,,,,,,,,,,,,,,,,,,,,,DEWALT_DCF964B.jpg,DEWALT_DCF964B_1.jpg,DEWALT_DCF964B_2.jpg,DEWALT_DCF964B_3.jpg,DEWALT_DCF964B_4.jpg,,,,,DEWALT_DCF964B_Specification_Sheet.pdf,,,,,,,,,,,,,,,,,,
,,,,,,,Power Tools,Power Tools,Impact Wrenches,,2563P-20,"2563P-20 Milw M12 1/2"" Stubby - Impact Wrench w/Pin Detent",-- Unbranded --,-- No Unilog Brand --,-- No DIB Brand --,Milwaukee Accessory (4031),Milwaukee Electric Tool Corporation,MILWAUKEE®,,2563P-20,,Building & Hardware>Power Tools>Impact Wrenches & Drivers,"Milwaukee Electric Tool Corporation, MILWAUKEE®, Impact Wrench, 2563P-20",IMP WRN,MILWAUKEE® 2563P-20 Impact Wrench,MILWAUKEE® Impact Wrench,Impact Wrench,,,,,,,,,,,,,,,,,,,,,,,,,,,Impact Wrench,,,,,,,,,,,,,,,,,,,,,,,,,,,,,,,,,,,,,,,,,,,,,,,,,,,,,,,,,,,,,,,,,,,,,,,,,,,,,,,,,,,,,,,,,,,,,,,,,,,,,,,,,,,,,,,,,,,,,,,,,,,,,,,,,,,,,,,,,,,,,,,,,,,,,,,,,,,,,,,,,,,,,,,,,,MILWAUKEE_2563P-20.jpg,MILWAUKEE_2563P-20_1.jpg,MILWAUKEE_2563P-20_2.jpg,MILWAUKEE_2563P-20_3.jpg,MILWAUKEE_2563P-20_4.jpg,,,,,MILWAUKEE_2563P-20_Specification_Sheet.pdf,,,,,,,,,,,,,,,,,,
,,,,,,,Power Tools,Power Tools,Impact Wrenches,,DCF921P2,DCF921P2 Dewalt 20V 1/2 Impact,-- Unbranded --,-- No Unilog Brand --,-- No DIB Brand --,Black & Decker/dewlt (2585),Stanley Black & Decker Inc,DEWALT,,DCF921P2,,Building & Hardware>Power Tools>Impact Wrenches & Drivers,"Stanley Black & Decker Inc, DEWALT, Impact Wrench, DCF921P2",IMP WRN,DEWALT DCF921P2 Impact Wrench,DEWALT Impact Wrench,Impact Wrench,,,,,,,,,,,,,,,,,,,,,,,,,,,Impact Wrench,,,,,,,,,,,,,,,,,,,,,,,,,,,,,,,,,,,,,,,,,,,,,,,,,,,,,,,,,,,,,,,,,,,,,,,,,,,,,,,,,,,,,,,,,,,,,,,,,,,,,,,,,,,,,,,,,,,,,,,,,,,,,,,,,,,,,,,,,,,,,,,,,,,,,,,,,,,,,,,,,,,,,,,,,,DEWALT_DCF921P2.jpg,DEWALT_DCF921P2_1.jpg,DEWALT_DCF921P2_2.jpg,DEWALT_DCF921P2_3.jpg,DEWALT_DCF921P2_4.jpg,,,,,DEWALT_DCF921P2_Specification_Sheet.pdf,,,,,,,,,,,,,,,,,,
,,,,,,,Power Tools,Power Tools,Impact Wrenches,,XLT03Z,"XLT03Z Makita 3/8"" 18V Angle Impact",-- Unbranded --,-- No Unilog Brand --,-- No DIB Brand --,Makita Usa Inc (5142),Makita U.S.A. Inc.,Makita,,XLT03Z,,Building & Hardware>Power Tools>Impact Wrenches & Drivers,"Makita U.S.A. Inc., Makita, Impact Wrench, XLT03Z",IMP WRN,Makita XLT03Z Impact Wrench,Makita Impact Wrench,Impact Wrench,,,,,,,,,,,,,,,,,,,,,,,,,,,Impact Wrench,,,,,,,,,,,,,,,,,,,,,,,,,,,,,,,,,,,,,,,,,,,,,,,,,,,,,,,,,,,,,,,,,,,,,,,,,,,,,,,,,,,,,,,,,,,,,,,,,,,,,,,,,,,,,,,,,,,,,,,,,,,,,,,,,,,,,,,,,,,,,,,,,,,,,,,,,,,,,,,,,,,,,,,,,,Makita_XLT03Z.jpg,Makita_XLT03Z_1.jpg,Makita_XLT03Z_2.jpg,Makita_XLT03Z_3.jpg,Makita_XLT03Z_4.jpg,,,,,Makita_XLT03Z_Specification_Sheet.pdf,,,,,,,,,,,,,,,,,,
,,,,,,,Power Tools,Power Tools,Impact Wrenches,,XLT04Z,"XLT04Z Makita 1/4"" 18V Angle Impact",-- Unbranded --,-- No Unilog Brand --,-- No DIB Brand --,Makita Usa Inc (5142),Makita U.S.A. Inc.,Makita,,XLT04Z,,Building & Hardware>Power Tools>Impact Wrenches & Drivers,"Makita U.S.A. Inc., Makita, Impact Wrench, XLT04Z",IMP WRN,Makita XLT04Z Impact Wrench,Makita Impact Wrench,Impact Wrench,,,,,,,,,,,,,,,,,,,,,,,,,,,Impact Wrench,,,,,,,,,,,,,,,,,,,,,,,,,,,,,,,,,,,,,,,,,,,,,,,,,,,,,,,,,,,,,,,,,,,,,,,,,,,,,,,,,,,,,,,,,,,,,,,,,,,,,,,,,,,,,,,,,,,,,,,,,,,,,,,,,,,,,,,,,,,,,,,,,,,,,,,,,,,,,,,,,,,,,,,,,,Makita_XLT04Z.jpg,Makita_XLT04Z_1.jpg,Makita_XLT04Z_2.jpg,Makita_XLT04Z_3.jpg,Makita_XLT04Z_4.jpg,,,,,Makita_XLT04Z_Specification_Sheet.pdf,,,,,,,,,,,,,,,,,,
,,,,,,,Power Tools,Power Tools,Impact Wrenches,,XLT05Z,"XLT05Z Makita 1/2"" 18V Angle Impact",-- Unbranded --,-- No Unilog Brand --,-- No DIB Brand --,Makita Usa Inc (5142),Makita U.S.A. Inc.,Makita,,XLT05Z,,Building & Hardware>Power Tools>Impact Wrenches & Drivers,"Makita U.S.A. Inc., Makita, Impact Wrench, XLT05Z",IMP WRN,Makita XLT05Z Impact Wrench,Makita Impact Wrench,Impact Wrench,,,,,,,,,,,,,,,,,,,,,,,,,,,Impact Wrench,,,,,,,,,,,,,,,,,,,,,,,,,,,,,,,,,,,,,,,,,,,,,,,,,,,,,,,,,,,,,,,,,,,,,,,,,,,,,,,,,,,,,,,,,,,,,,,,,,,,,,,,,,,,,,,,,,,,,,,,,,,,,,,,,,,,,,,,,,,,,,,,,,,,,,,,,,,,,,,,,,,,,,,,,,Makita_XLT05Z.jpg,Makita_XLT05Z_1.jpg,Makita_XLT05Z_2.jpg,Makita_XLT05Z_3.jpg,Makita_XLT05Z_4.jpg,,,,,Makita_XLT05Z_Specification_Sheet.pdf,,,,,,,,,,,,,,,,,,
,,,,,,,Power Tools,Power Tool Accessories,Ratchets,,DCF510B,Dewalt DCF510B 20V Rachet - Interchangeable Anvil,-- Unbranded --,-- No Unilog Brand --,DEWALT,Black & Decker/dewlt (2585),Stanley Black & Decker Inc,DEWALT,,DCF510B,,Building & Hardware>Power Tools>Accessories>Ratchets & Sockets,"Stanley Black & Decker Inc, DEWALT, Ratchet, DCF510B",RTCH,DEWALT DCF510B Ratchet,DEWALT Ratchet,Ratchet,,,,,,,,,,,,,,,,,,,,,,,,,,,Ratchet,,,,,,,,,,,,,,,,,,,,,,,,,,,,,,,,,,,,,,,,,,,,,,,,,,,,,,,,,,,,,,,,,,,,,,,,,,,,,,,,,,,,,,,,,,,,,,,,,,,,,,,,,,,,,,,,,,,,,,,,,,,,,,,,,,,,,,,,,,,,,,,,,,,,,,,,,,,,,,,,,,,,,,,,,,DEWALT_DCF510B.jpg,DEWALT_DCF510B_1.jpg,DEWALT_DCF510B_2.jpg,DEWALT_DCF510B_3.jpg,DEWALT_DCF510B_4.jpg,,,,,DEWALT_DCF510B_Specification_Sheet.pdf,,,,,,,,,,,,,,,,,,
,,,,,,,Power Tools,Power Tool Accessories,Ratchets,,3052-20,"3052-20 Milw M12 Fuel 1/4"" Rachet",-- Unbranded --,-- No Unilog Brand --,-- No DIB Brand --,Milwaukee Accessory (4031),Milwaukee Electric Tool Corporation,MILWAUKEE®,,3052-20,,Building & Hardware>Power Tools>Accessories>Ratchets & Sockets,"Milwaukee Electric Tool Corporation, MILWAUKEE®, Ratchet, 3052-20",RTCH,MILWAUKEE® 3052-20 Ratchet,MILWAUKEE® Ratchet,Ratchet,,,,,,,,,,,,,,,,,,,,,,,,,,,Ratchet,,,,,,,,,,,,,,,,,,,,,,,,,,,,,,,,,,,,,,,,,,,,,,,,,,,,,,,,,,,,,,,,,,,,,,,,,,,,,,,,,,,,,,,,,,,,,,,,,,,,,,,,,,,,,,,,,,,,,,,,,,,,,,,,,,,,,,,,,,,,,,,,,,,,,,,,,,,,,,,,,,,,,,,,,,MILWAUKEE_3052-20.jpg,MILWAUKEE_3052-20_1.jpg,MILWAUKEE_3052-20_2.jpg,MILWAUKEE_3052-20_3.jpg,MILWAUKEE_3052-20_4.jpg,,,,,MILWAUKEE_3052-20_Specification_Sheet.pdf,,,,,,,,,,,,,,,,,,
,,,,,,,Power Tools,Power Tool Accessories,Ratchets,,3054-20,"3054-20 Milw M12 1/2"" Ratchet (Bare)",-- Unbranded --,-- No Unilog Brand --,-- No DIB Brand --,Milwaukee Accessory (4031),Milwaukee Electric Tool Corporation,MILWAUKEE®,,3054-20,,Building & Hardware>Power Tools>Accessories>Ratchets & Sockets,"Milwaukee Electric Tool Corporation, MILWAUKEE®, Ratchet, 3054-20",RTCH,MILWAUKEE® 3054-20 Ratchet,MILWAUKEE® Ratchet,Ratchet,,,,,,,,,,,,,,,,,,,,,,,,,,,Ratchet,,,,,,,,,,,,,,,,,,,,,,,,,,,,,,,,,,,,,,,,,,,,,,,,,,,,,,,,,,,,,,,,,,,,,,,,,,,,,,,,,,,,,,,,,,,,,,,,,,,,,,,,,,,,,,,,,,,,,,,,,,,,,,,,,,,,,,,,,,,,,,,,,,,,,,,,,,,,,,,,,,,,,,,,,,MILWAUKEE_3054-20.jpg,MILWAUKEE_3054-20_1.jpg,MILWAUKEE_3054-20_2.jpg,MILWAUKEE_3054-20_3.jpg,MILWAUKEE_3054-20_4.jpg,,,,,MILWAUKEE_3054-20_Specification_Sheet.pdf,,,,,,,,,,,,,,,,,,
,,,,,,,Power Tools,Power Tool Accessories,Ratchets,,DCF513EB,"DCF513EB Dewalt 3/8"" Open Head Rachet",-- Unbranded --,-- No Unilog Brand --,-- No DIB Brand --,Black & Decker/dewlt (2585),Stanley Black & Decker Inc,DEWALT,,DCF513EB,,Building & Hardware>Power Tools>Accessories>Ratchets & Sockets,"Stanley Black & Decker Inc, DEWALT, Ratchet, DCF513EB",RTCH,DEWALT DCF513EB Ratchet,DEWALT Ratchet,Ratchet,,,,,,,,,,,,,,,,,,,,,,,,,,,Ratchet,,,,,,,,,,,,,,,,,,,,,,,,,,,,,,,,,,,,,,,,,,,,,,,,,,,,,,,,,,,,,,,,,,,,,,,,,,,,,,,,,,,,,,,,,,,,,,,,,,,,,,,,,,,,,,,,,,,,,,,,,,,,,,,,,,,,,,,,,,,,,,,,,,,,,,,,,,,,,,,,,,,,,,,,,,DEWALT_DCF513EB.jpg,DEWALT_DCF513EB_1.jpg,DEWALT_DCF513EB_2.jpg,DEWALT_DCF513EB_3.jpg,DEWALT_DCF513EB_4.jpg,,,,,DEWALT_DCF513EB_Specification_Sheet.pdf,,,,,,,,,,,,,,,,,,
,,,,,,,Power Tools,Power Tools,Sanders & Polishers,,XVP01Z,"XVP01Z Makita 18V 3"" Polisher/ 2"" Sander",-- Unbranded --,-- No Unilog Brand --,-- No DIB Brand --,Makita Usa Inc (5142),Makita U.S.A. Inc.,Makita,,XVP01Z,,Building & Hardware>Power Tools>Sanders & Polishers,"Makita U.S.A. Inc., Makita, Polisher, XVP01Z",POLSH,Makita XVP01Z Polisher,Makita Polisher,Polisher,,,,,,,,,,,,,,,,,,,,,,,,,,,Polisher,,,,,,,,,,,,,,,,,,,,,,,,,,,,,,,,,,,,,,,,,,,,,,,,,,,,,,,,,,,,,,,,,,,,,,,,,,,,,,,,,,,,,,,,,,,,,,,,,,,,,,,,,,,,,,,,,,,,,,,,,,,,,,,,,,,,,,,,,,,,,,,,,,,,,,,,,,,,,,,,,,,,,,,,,,Makita_XVP01Z.jpg,Makita_XVP01Z_1.jpg,Makita_XVP01Z_2.jpg,Makita_XVP01Z_3.jpg,Makita_XVP01Z_4.jpg,,,,,Makita_XVP01Z_Specification_Sheet.pdf,,,,,,,,,,,,,,,,,,
,,,,,,,Hand Tools,Hand Tools,Files & Rasps,,DCM200B,DCM200B Dewalt 1/2in x 18in - Band File,-- Unbranded --,-- No Unilog Brand --,DEWALT,Black & Decker/dewlt (2585),Stanley Black & Decker Inc,DEWALT,,DCM200B,,Building & Hardware>Hand Tools>Files & Rasps,"Stanley Black & Decker Inc, DEWALT, File, DCM200B",FILE,DEWALT DCM200B File,DEWALT File,File,,,,,,,,,,,,,,,,,,,,,,,,,,,File,,,,,,,,,,,,,,,,,,,,,,,,,,,,,,,,,,,,,,,,,,,,,,,,,,,,,,,,,,,,,,,,,,,,,,,,,,,,,,,,,,,,,,,,,,,,,,,,,,,,,,,,,,,,,,,,,,,,,,,,,,,,,,,,,,,,,,,,,,,,,,,,,,,,,,,,,,,,,,,,,,,,,,,,,,DEWALT_DCM200B.jpg,DEWALT_DCM200B_1.jpg,DEWALT_DCM200B_2.jpg,DEWALT_DCM200B_3.jpg,DEWALT_DCM200B_4.jpg,,,,,DEWALT_DCM200B_Specification_Sheet.pdf,,,,,,,,,,,,,,,,,,
,,,,,,,Power Tools,Power Tools,Angle Grinders,,DCG410B,"DCG410B Dewalt 20V 4-1/2""-5"" - Angle Grinder (Bare)",-- Unbranded --,-- No Unilog Brand --,DEWALT,Black & Decker/dewlt (2585),Stanley Black & Decker Inc,DEWALT,,DCG410B,,Building & Hardware>Power Tools>Grinders,"Stanley Black & Decker Inc, DEWALT, Grinder, DCG410B",GRNDR,DEWALT DCG410B Grinder,DEWALT Grinder,Grinder,,,,,,,,,,,,,,,,,,,,,,,,,,,Grinder,,,,,,,,,,,,,,,,,,,,,,,,,,,,,,,,,,,,,,,,,,,,,,,,,,,,,,,,,,,,,,,,,,,,,,,,,,,,,,,,,,,,,,,,,,,,,,,,,,,,,,,,,,,,,,,,,,,,,,,,,,,,,,,,,,,,,,,,,,,,,,,,,,,,,,,,,,,,,,,,,,,,,,,,,,DEWALT_DCG410B.jpg,DEWALT_DCG410B_1.jpg,DEWALT_DCG410B_2.jpg,DEWALT_DCG410B_3.jpg,DEWALT_DCG410B_4.jpg,,,,,DEWALT_DCG410B_Specification_Sheet.pdf,,,,,,,,,,,,,,,,,,
,,,,,,,Power Tools,Power Tools,Angle Grinders,,DCG460B,"DCG460B Dewalt 60V Grinder - 7-9""",-- Unbranded --,-- No Unilog Brand --,DEWALT,Black & Decker/dewlt (2585),Stanley Black & Decker Inc,DEWALT,,DCG460B,,Building & Hardware>Power Tools>Grinders,"Stanley Black & Decker Inc, DEWALT, Grinder, DCG460B",GRNDR,DEWALT DCG460B Grinder,DEWALT Grinder,Grinder,,,,,,,,,,,,,,,,,,,,,,,,,,,Grinder,,,,,,,,,,,,,,,,,,,,,,,,,,,,,,,,,,,,,,,,,,,,,,,,,,,,,,,,,,,,,,,,,,,,,,,,,,,,,,,,,,,,,,,,,,,,,,,,,,,,,,,,,,,,,,,,,,,,,,,,,,,,,,,,,,,,,,,,,,,,,,,,,,,,,,,,,,,,,,,,,,,,,,,,,,DEWALT_DCG460B.jpg,DEWALT_DCG460B_1.jpg,DEWALT_DCG460B_2.jpg,DEWALT_DCG460B_3.jpg,DEWALT_DCG460B_4.jpg,,,,,DEWALT_DCG460B_Specification_Sheet.pdf,,,,,,,,,,,,,,,,,,
,,,,,,,Power Tools,Power Tools,Angle Grinders,,DCG402B,"DCG402B Dewalt 20V 4.5"" Angle Grinder (Bare)",-- Unbranded --,-- No Unilog Brand --,-- No DIB Brand --,Black & Decker/dewlt (2585),Stanley Black & Decker Inc,DEWALT,,DCG402B,,Building & Hardware>Power Tools>Grinders,"Stanley Black & Decker Inc, DEWALT, Grinder, DCG402B",GRNDR,DEWALT DCG402B Grinder,DEWALT Grinder,Grinder,,,,,,,,,,,,,,,,,,,,,,,,,,,Grinder,,,,,,,,,,,,,,,,,,,,,,,,,,,,,,,,,,,,,,,,,,,,,,,,,,,,,,,,,,,,,,,,,,,,,,,,,,,,,,,,,,,,,,,,,,,,,,,,,,,,,,,,,,,,,,,,,,,,,,,,,,,,,,,,,,,,,,,,,,,,,,,,,,,,,,,,,,,,,,,,,,,,,,,,,,DEWALT_DCG402B.jpg,DEWALT_DCG402B_1.jpg,DEWALT_DCG402B_2.jpg,DEWALT_DCG402B_3.jpg,DEWALT_DCG402B_4.jpg,,,,,DEWALT_DCG402B_Specification_Sheet.pdf,,,,,,,,,,,,,,,,,,
,,,,,,,Power Tools,Power Tools,Angle Grinders,,3485-20,"3485-20 Milw M12 1/4"" Right Angle Die Grinder",-- Unbranded --,-- No Unilog Brand --,-- No DIB Brand --,Milwaukee Accessory (4031),Milwaukee Electric Tool Corporation,MILWAUKEE®,,3485-20,,Building & Hardware>Power Tools>Grinders,"Milwaukee Electric Tool Corporation, MILWAUKEE®, Grinder, 3485-20",GRNDR,MILWAUKEE® 3485-20 Grinder,MILWAUKEE® Grinder,Grinder,,,,,,,,,,,,,,,,,,,,,,,,,,,Grinder,,,,,,,,,,,,,,,,,,,,,,,,,,,,,,,,,,,,,,,,,,,,,,,,,,,,,,,,,,,,,,,,,,,,,,,,,,,,,,,,,,,,,,,,,,,,,,,,,,,,,,,,,,,,,,,,,,,,,,,,,,,,,,,,,,,,,,,,,,,,,,,,,,,,,,,,,,,,,,,,,,,,,,,,,,MILWAUKEE_3485-20.jpg,MILWAUKEE_3485-20_1.jpg,MILWAUKEE_3485-20_2.jpg,MILWAUKEE_3485-20_3.jpg,MILWAUKEE_3485-20_4.jpg,,,,,MILWAUKEE_3485-20_Specification_Sheet.pdf,,,,,,,,,,,,,,,,,,
,,,,,,,Power Tools,Power Tools,Angle Grinders,,DCG420B,DCG420B Dewalt 20V Die Grinder (Bare),-- Unbranded --,-- No Unilog Brand --,-- No DIB Brand --,Black & Decker/dewlt (2585),Stanley Black & Decker Inc,DEWALT,,DCG420B,,Building & Hardware>Power Tools>Grinders,"Stanley Black & Decker Inc, DEWALT, Grinder, DCG420B",GRNDR,DEWALT DCG420B Grinder,DEWALT Grinder,Grinder,,,,,,,,,,,,,,,,,,,,,,,,,,,Grinder,,,,,,,,,,,,,,,,,,,,,,,,,,,,,,,,,,,,,,,,,,,,,,,,,,,,,,,,,,,,,,,,,,,,,,,,,,,,,,,,,,,,,,,,,,,,,,,,,,,,,,,,,,,,,,,,,,,,,,,,,,,,,,,,,,,,,,,,,,,,,,,,,,,,,,,,,,,,,,,,,,,,,,,,,,DEWALT_DCG420B.jpg,DEWALT_DCG420B_1.jpg,DEWALT_DCG420B_2.jpg,DEWALT_DCG420B_3.jpg,DEWALT_DCG420B_4.jpg,,,,,DEWALT_DCG420B_Specification_Sheet.pdf,,,,,,,,,,,,,,,,,,
,,,,,,,Power Tools,Power Tools,Angle Grinders,,DCG422B,DCG422B Dewalt 20V Right Angle Die Grinder (Bare),-- Unbranded --,-- No Unilog Brand --,-- No DIB Brand --,Black & Decker/dewlt (2585),Stanley Black & Decker Inc,DEWALT,,DCG422B,,Building & Hardware>Power Tools>Grinders,"Stanley Black & Decker Inc, DEWALT, Grinder, DCG422B",GRNDR,DEWALT DCG422B Grinder,DEWALT Grinder,Grinder,,,,,,,,,,,,,,,,,,,,,,,,,,,Grinder,,,,,,,,,,,,,,,,,,,,,,,,,,,,,,,,,,,,,,,,,,,,,,,,,,,,,,,,,,,,,,,,,,,,,,,,,,,,,,,,,,,,,,,,,,,,,,,,,,,,,,,,,,,,,,,,,,,,,,,,,,,,,,,,,,,,,,,,,,,,,,,,,,,,,,,,,,,,,,,,,,,,,,,,,,DEWALT_DCG422B.jpg,DEWALT_DCG422B_1.jpg,DEWALT_DCG422B_2.jpg,DEWALT_DCG422B_3.jpg,DEWALT_DCG422B_4.jpg,,,,,DEWALT_DCG422B_Specification_Sheet.pdf,,,,,,,,,,,,,,,,,,
,,,,,,,Power Tools,Power Tools,Planers,,924422,924422 Mafell Carpentry - Planing Machine ZH 320 Ec 120V,-- Unbranded --,-- No Unilog Brand --,-- No DIB Brand --,-,Mafell,Mafell,,924422,,Building & Hardware>Power Tools>Planers,"Mafell, Mafell, Planer, 924422",PLNR 120V,Mafell 924422 Planer With 120 V,"Mafell Planer, 120 V","Planer, 120 V",,Voltage Rating: 120 V,,,,,,,,,,,,,,,,,,,,,,,,,Planer,Voltage Rating,120,V,,,,,,,,,,,,,,,,,,,,,,,,,,,,,,,,,,,,,,,,,,,,,,,,,,,,,,,,,,,,,,,,,,,,,,,,,,,,,,,,,,,,,,,,,,,,,,,,,,,,,,,,,,,,,,,,,,,,,,,,,,,,,,,,,,,,,,,,,,,,,,,,,,,,,,,,,,,,,,,,,,,,,,,Mafell_924422.jpg,Mafell_924422_1.jpg,Mafell_924422_2.jpg,Mafell_924422_3.jpg,Mafell_924422_4.jpg,,,,,Mafell_924422_Specification_Sheet.pdf,,,,,,,,,,,,,,,,,,
,,,,,,,Power Tools,Power Tools,Routers,,DCW620B,DCW620B Dewalt 20V Plunge - Router,-- Unbranded --,-- No Unilog Brand --,-- No DIB Brand --,Black & Decker/dewlt (2585),Stanley Black & Decker Inc,DEWALT,,DCW620B,,Building & Hardware>Power Tools>Routers,"Stanley Black & Decker Inc, DEWALT, Router, DCW620B",RTR,DEWALT DCW620B Router,DEWALT Router,Router,,,,,,,,,,,,,,,,,,,,,,,,,,,Router,,,,,,,,,,,,,,,,,,,,,,,,,,,,,,,,,,,,,,,,,,,,,,,,,,,,,,,,,,,,,,,,,,,,,,,,,,,,,,,,,,,,,,,,,,,,,,,,,,,,,,,,,,,,,,,,,,,,,,,,,,,,,,,,,,,,,,,,,,,,,,,,,,,,,,,,,,,,,,,,,,,,,,,,,,DEWALT_DCW620B.jpg,DEWALT_DCW620B_1.jpg,DEWALT_DCW620B_2.jpg,DEWALT_DCW620B_3.jpg,DEWALT_DCW620B_4.jpg,,,,,DEWALT_DCW620B_Specification_Sheet.pdf,,,,,,,,,,,,,,,,,,
,,,,,,,Power Tools,Power Tools,Sanders & Polishers,,2535-20,"2535-20 Milw 3"" Orbit Sander - M12",-- Unbranded --,-- No Unilog Brand --,-- No DIB Brand --,Milwaukee Accessory (4031),Milwaukee Electric Tool Corporation,MILWAUKEE®,,2535-20,,Building & Hardware>Power Tools>Sanders & Polishers,"Milwaukee Electric Tool Corporation, MILWAUKEE®, Sander, 2535-20",SNDR,MILWAUKEE® 2535-20 Sander,MILWAUKEE® Sander,Sander,,,,,,,,,,,,,,,,,,,,,,,,,,,Sander,,,,,,,,,,,,,,,,,,,,,,,,,,,,,,,,,,,,,,,,,,,,,,,,,,,,,,,,,,,,,,,,,,,,,,,,,,,,,,,,,,,,,,,,,,,,,,,,,,,,,,,,,,,,,,,,,,,,,,,,,,,,,,,,,,,,,,,,,,,,,,,,,,,,,,,,,,,,,,,,,,,,,,,,,,MILWAUKEE_2535-20.jpg,MILWAUKEE_2535-20_1.jpg,MILWAUKEE_2535-20_2.jpg,MILWAUKEE_2535-20_3.jpg,MILWAUKEE_2535-20_4.jpg,,,,,MILWAUKEE_2535-20_Specification_Sheet.pdf,,,,,,,,,,,,,,,,,,
,,,,,,,Power Tools,Power Tools,Sanders & Polishers,,2837-20,"2837-20 Milw M18 5"" Sander - Orbital (Bare)",-- Unbranded --,-- No Unilog Brand --,Milwaukee,Milwaukee Accessory (4031),Milwaukee Electric Tool Corporation,MILWAUKEE®,,2837-20,,Building & Hardware>Power Tools>Sanders & Polishers,"Milwaukee Electric Tool Corporation, MILWAUKEE®, Sander, 2837-20",SNDR,MILWAUKEE® 2837-20 Sander,MILWAUKEE® Sander,Sander,,,,,,,,,,,,,,,,,,,,,,,,,,,Sander,,,,,,,,,,,,,,,,,,,,,,,,,,,,,,,,,,,,,,,,,,,,,,,,,,,,,,,,,,,,,,,,,,,,,,,,,,,,,,,,,,,,,,,,,,,,,,,,,,,,,,,,,,,,,,,,,,,,,,,,,,,,,,,,,,,,,,,,,,,,,,,,,,,,,,,,,,,,,,,,,,,,,,,,,,MILWAUKEE_2837-20.jpg,MILWAUKEE_2837-20_1.jpg,MILWAUKEE_2837-20_2.jpg,MILWAUKEE_2837-20_3.jpg,MILWAUKEE_2837-20_4.jpg,,,,,MILWAUKEE_2837-20_Specification_Sheet.pdf,,,,,,,,,,,,,,,,,,
,,,,,,,Power Tools,Power Tools,Sanders & Polishers,,577728,577728 Festool Cordless Sander - ETSC 2 150 I-Plus,-- Unbranded --,-- No Unilog Brand --,-- No DIB Brand --,Festool USA (FESTO),Festool USA,Festool,,577728,,Building & Hardware>Power Tools>Sanders & Polishers,"Festool USA, Festool, Sander, 577728",SNDR,Festool 577728 Sander,Festool Sander,Sander,,,,,,,,,,,,,,,,,,,,,,,,,,,Sander,,,,,,,,,,,,,,,,,,,,,,,,,,,,,,,,,,,,,,,,,,,,,,,,,,,,,,,,,,,,,,,,,,,,,,,,,,,,,,,,,,,,,,,,,,,,,,,,,,,,,,,,,,,,,,,,,,,,,,,,,,,,,,,,,,,,,,,,,,,,,,,,,,,,,,,,,,,,,,,,,,,,,,,,,,Festool_577728.jpg,Festool_577728_1.jpg,Festool_577728_2.jpg,Festool_577728_3.jpg,Festool_577728_4.jpg,,,,,Festool_577728_Specification_Sheet.pdf,,,,,,,,,,,,,,,,,,
,,,,,,,Power Tools,Power Tools,Sanders & Polishers,,577738,577738 Festool Cordless Sander - ETSC 2 125 I-Plus,-- Unbranded --,-- No Unilog Brand --,-- No DIB Brand --,Festool USA (FESTO),Festool USA,Festool,,577738,,Building & Hardware>Power Tools>Sanders & Polishers,"Festool USA, Festool, Sander, 577738",SNDR,Festool 577738 Sander,Festool Sander,Sander,,,,,,,,,,,,,,,,,,,,,,,,,,,Sander,,,,,,,,,,,,,,,,,,,,,,,,,,,,,,,,,,,,,,,,,,,,,,,,,,,,,,,,,,,,,,,,,,,,,,,,,,,,,,,,,,,,,,,,,,,,,,,,,,,,,,,,,,,,,,,,,,,,,,,,,,,,,,,,,,,,,,,,,,,,,,,,,,,,,,,,,,,,,,,,,,,,,,,,,,Festool_577738.jpg,Festool_577738_1.jpg,Festool_577738_2.jpg,Festool_577738_3.jpg,Festool_577738_4.jpg,,,,,Festool_577738_Specification_Sheet.pdf,,,,,,,,,,,,,,,,,,
,,,,,,,Power Tools,Power Tools,Sanders & Polishers,,KPTRS500A,"KPTRS500A Kreg 20V Ionic 5"" Random Orbit Sander",-- Unbranded --,-- No Unilog Brand --,-- No DIB Brand --,Kreg Tool Company (KRETO),Kreg Tool Company,Kreg,,KPTRS500A,,Building & Hardware>Power Tools>Sanders & Polishers,"Kreg Tool Company, Kreg, Sander, KPTRS500A",SNDR 500A,Kreg KPTRS500A Sander With 500 A,"Kreg Sander, 500 A","Sander, 500 A",,Amperage Rating: 500 A,,,,,,,,,,,,,,,,,,,,,,,,,Sander,Amperage Rating,500,A,,,,,,,,,,,,,,,,,,,,,,,,,,,,,,,,,,,,,,,,,,,,,,,,,,,,,,,,,,,,,,,,,,,,,,,,,,,,,,,,,,,,,,,,,,,,,,,,,,,,,,,,,,,,,,,,,,,,,,,,,,,,,,,,,,,,,,,,,,,,,,,,,,,,,,,,,,,,,,,,,,,,,,,Kreg_KPTRS500A.jpg,Kreg_KPTRS500A_1.jpg,Kreg_KPTRS500A_2.jpg,Kreg_KPTRS500A_3.jpg,Kreg_KPTRS500A_4.jpg,,,,,Kreg_KPTRS500A_Specification_Sheet.pdf,,,,,,,,,,,,,,,,,,
,,,,,,,Power Tools,Cutting & Abrasive Accessories,Abrasive Sheets & Discs,,24-35M-320,"24-35M-320 Iridium Grip - 3.2"" x 5.2"" Grip",-- Unbranded --,-- No Unilog Brand --,-- No DIB Brand --,Mirka Abrasives Inc (MIRUS),Mirka USA Inc,Mirka®,,24-35M-320,,Building & Hardware>Power Tools>Accessories>Abrasive Sheets & Discs,"Mirka USA Inc, Mirka®, Abrasive Sheet, 24-35M-320",ABRASIVE SHEET,Mirka® 24-35M-320 Abrasive Sheet With .2 in x 5 in,"Mirka® Abrasive Sheet, .2 in x 5 in","Abrasive Sheet, .2 in x 5 in",,Size: .2 in x 5 in,,,,,,,,,,,,,,,,,,,,,,,,,Abrasive Sheet,Size,.2 in x 5 in,,,,,,,,,,,,,,,,,,,,,,,,,,,,,,,,,,,,,,,,,,,,,,,,,,,,,,,,,,,,,,,,,,,,,,,,,,,,,,,,,,,,,,,,,,,,,,,,,,,,,,,,,,,,,,,,,,,,,,,,,,,,,,,,,,,,,,,,,,,,,,,,,,,,,,,,,,,,,,,,,,,,,,,,Mirka_24-35M-320.jpg,Mirka_24-35M-320_1.jpg,Mirka_24-35M-320_2.jpg,Mirka_24-35M-320_3.jpg,Mirka_24-35M-320_4.jpg,,,,,Mirka_24-35M-320_Specification_Sheet.pdf,,,,,,,,,,,,,,,,,,
,,,,,,,Power Tools,Cutting & Abrasive Accessories,Abrasive Sheets & Discs,,9A-129-120,9A-129-120 Abranet 3x4 - 50 Sheets/Box,-- Unbranded --,-- No Unilog Brand --,-- No DIB Brand --,Mirka Abrasives Inc (MIRUS),Mirka USA Inc,Mirka®,,9A-129-120,,Building & Hardware>Power Tools>Accessories>Abrasive Sheets & Discs,"Mirka USA Inc, Mirka®, Abrasive Sheet, Abranet, 9A-129-120",ABRASIVE SHEET 9A,"Mirka® Abranet 9A-129-120 Abrasive Sheet With 9 A, 3 in x 4 in","Mirka® Abrasive Sheet, Abranet, 9 A, 3 in x 4 in","Abranet Abrasive Sheet, 9 A, 3 in x 4 in",,Series: Abranet,Amperage Rating: 9 A,Size: 3 in x 4 in,,,,,,,,,,,,,,,,,,,,,,,Abrasive Sheet,Series,Abranet,,Amperage Rating,9,A,Size,3 in x 4 in,,,,,,,,,,,,,,,,,,,,,,,,,,,,,,,,,,,,,,,,,,,,,,,,,,,,,,,,,,,,,,,,,,,,,,,,,,,,,,,,,,,,,,,,,,,,,,,,,,,,,,,,,,,,,,,,,,,,,,,,,,,,,,,,,,,,,,,,,,,,,,,,,,,,,,,,,,,,,,,,,,Mirka_9A-129-120.jpg,Mirka_9A-129-120_1.jpg,Mirka_9A-129-120_2.jpg,Mirka_9A-129-120_3.jpg,Mirka_9A-129-120_4.jpg,,,,,Mirka_9A-129-120_Specification_Sheet.pdf,,,,,,,,,,,,,,,,,,
,,,,,,,Power Tools,Cutting & Abrasive Accessories,Abrasive Sheets & Discs,,578800,578800 Festool 80x133 M GR PRO/10,-- Unbranded --,-- No Unilog Brand --,-- No DIB Brand --,Festool USA (FESTO),Festool USA,Festool,,578800,,Building & Hardware>Power Tools>Accessories>Abrasive Sheets & Discs,"Festool USA, Festool, Abrasive Sheet, 578800",ABRASIVE SHEET,Festool 578800 Abrasive Sheet With 80 in x 133 in,"Festool Abrasive Sheet, 80 in x 133 in","Abrasive Sheet, 80 in x 133 in",,Size: 80 in x 133 in,,,,,,,,,,,,,,,,,,,,,,,,,Abrasive Sheet,Size,80 in x 133 in,,,,,,,,,,,,,,,,,,,,,,,,,,,,,,,,,,,,,,,,,,,,,,,,,,,,,,,,,,,,,,,,,,,,,,,,,,,,,,,,,,,,,,,,,,,,,,,,,,,,,,,,,,,,,,,,,,,,,,,,,,,,,,,,,,,,,,,,,,,,,,,,,,,,,,,,,,,,,,,,,,,,,,,,Festool_578800.jpg,Festool_578800_1.jpg,Festool_578800_2.jpg,Festool_578800_3.jpg,Festool_578800_4.jpg,,,,,Festool_578800_Specification_Sheet.pdf,,,,,,,,,,,,,,,,,,
,,,,,,,Power Tools,Cutting & Abrasive Accessories,Abrasive Sheets & Discs,,578801,578801 Festool 80x133 F GR PRO/10,-- Unbranded --,-- No Unilog Brand --,-- No DIB Brand --,Festool USA (FESTO),Festool USA,Festool,,578801,,Building & Hardware>Power Tools>Accessories>Abrasive Sheets & Discs,"Festool USA, Festool, Abrasive Sheet, 578801",ABRASIVE SHEET,Festool 578801 Abrasive Sheet With 80 in x 133 in,"Festool Abrasive Sheet, 80 in x 133 in","Abrasive Sheet, 80 in x 133 in",,Size: 80 in x 133 in,,,,,,,,,,,,,,,,,,,,,,,,,Abrasive Sheet,Size,80 in x 133 in,,,,,,,,,,,,,,,,,,,,,,,,,,,,,,,,,,,,,,,,,,,,,,,,,,,,,,,,,,,,,,,,,,,,,,,,,,,,,,,,,,,,,,,,,,,,,,,,,,,,,,,,,,,,,,,,,,,,,,,,,,,,,,,,,,,,,,,,,,,,,,,,,,,,,,,,,,,,,,,,,,,,,,,,Festool_578801.jpg,Festool_578801_1.jpg,Festool_578801_2.jpg,Festool_578801_3.jpg,Festool_578801_4.jpg,,,,,Festool_578801_Specification_Sheet.pdf,,,,,,,,,,,,,,,,,,
,,,,,,,Power Tools,Cutting & Abrasive Accessories,Abrasive Sheets & Discs,,578802,578802 Festool 80x133 S GR PRO/10,-- Unbranded --,-- No Unilog Brand --,-- No DIB Brand --,Festool USA (FESTO),Festool USA,Festool,,578802,,Building & Hardware>Power Tools>Accessories>Abrasive Sheets & Discs,"Festool USA, Festool, Abrasive Sheet, 578802",ABRASIVE SHEET,Festool 578802 Abrasive Sheet With 80 in x 133 in,"Festool Abrasive Sheet, 80 in x 133 in","Abrasive Sheet, 80 in x 133 in",,Size: 80 in x 133 in,,,,,,,,,,,,,,,,,,,,,,,,,Abrasive Sheet,Size,80 in x 133 in,,,,,,,,,,,,,,,,,,,,,,,,,,,,,,,,,,,,,,,,,,,,,,,,,,,,,,,,,,,,,,,,,,,,,,,,,,,,,,,,,,,,,,,,,,,,,,,,,,,,,,,,,,,,,,,,,,,,,,,,,,,,,,,,,,,,,,,,,,,,,,,,,,,,,,,,,,,,,,,,,,,,,,,,Festool_578802.jpg,Festool_578802_1.jpg,Festool_578802_2.jpg,Festool_578802_3.jpg,Festool_578802_4.jpg,,,,,Festool_578802_Specification_Sheet.pdf,,,,,,,,,,,,,,,,,,
,,,,,,,Power Tools,Cutting & Abrasive Accessories,Abrasive Sheets & Discs,,578808,578808 Festool 3x4 M GR PRO/10,-- Unbranded --,-- No Unilog Brand --,-- No DIB Brand --,Festool USA (FESTO),Festool USA,Festool,,578808,,Building & Hardware>Power Tools>Accessories>Abrasive Sheets & Discs,"Festool USA, Festool, Abrasive Sheet, 578808",ABRASIVE SHEET,Festool 578808 Abrasive Sheet With 3 in x 4 in,"Festool Abrasive Sheet, 3 in x 4 in","Abrasive Sheet, 3 in x 4 in",,Size: 3 in x 4 in,,,,,,,,,,,,,,,,,,,,,,,,,Abrasive Sheet,Size,3 in x 4 in,,,,,,,,,,,,,,,,,,,,,,,,,,,,,,,,,,,,,,,,,,,,,,,,,,,,,,,,,,,,,,,,,,,,,,,,,,,,,,,,,,,,,,,,,,,,,,,,,,,,,,,,,,,,,,,,,,,,,,,,,,,,,,,,,,,,,,,,,,,,,,,,,,,,,,,,,,,,,,,,,,,,,,,,Festool_578808.jpg,Festool_578808_1.jpg,Festool_578808_2.jpg,Festool_578808_3.jpg,Festool_578808_4.jpg,,,,,Festool_578808_Specification_Sheet.pdf,,,,,,,,,,,,,,,,,,
,,,,,,,Power Tools,Cutting & Abrasive Accessories,Abrasive Sheets & Discs,,578809,578809 Festool 3x4 F GR PRO/10,-- Unbranded --,-- No Unilog Brand --,-- No DIB Brand --,Festool USA (FESTO),Festool USA,Festool,,578809,,Building & Hardware>Power Tools>Accessories>Abrasive Sheets & Discs,"Festool USA, Festool, Abrasive Sheet, 578809",ABRASIVE SHEET,Festool 578809 Abrasive Sheet With 3 in x 4 in,"Festool Abrasive Sheet, 3 in x 4 in","Abrasive Sheet, 3 in x 4 in",,Size: 3 in x 4 in,,,,,,,,,,,,,,,,,,,,,,,,,Abrasive Sheet,Size,3 in x 4 in,,,,,,,,,,,,,,,,,,,,,,,,,,,,,,,,,,,,,,,,,,,,,,,,,,,,,,,,,,,,,,,,,,,,,,,,,,,,,,,,,,,,,,,,,,,,,,,,,,,,,,,,,,,,,,,,,,,,,,,,,,,,,,,,,,,,,,,,,,,,,,,,,,,,,,,,,,,,,,,,,,,,,,,,Festool_578809.jpg,Festool_578809_1.jpg,Festool_578809_2.jpg,Festool_578809_3.jpg,Festool_578809_4.jpg,,,,,Festool_578809_Specification_Sheet.pdf,,,,,,,,,,,,,,,,,,
,,,,,,,Power Tools,Cutting & Abrasive Accessories,Abrasive Sheets & Discs,,578810,578810 Festool 3x4 S GR PRO/10,-- Unbranded --,-- No Unilog Brand --,-- No DIB Brand --,Festool USA (FESTO),Festool USA,Festool,,578810,,Building & Hardware>Power Tools>Accessories>Abrasive Sheets & Discs,"Festool USA, Festool, Abrasive Sheet, 578810",ABRASIVE SHEET,Festool 578810 Abrasive Sheet With 3 in x 4 in,"Festool Abrasive Sheet, 3 in x 4 in","Abrasive Sheet, 3 in x 4 in",,Size: 3 in x 4 in,,,,,,,,,,,,,,,,,,,,,,,,,Abrasive Sheet,Size,3 in x 4 in,,,,,,,,,,,,,,,,,,,,,,,,,,,,,,,,,,,,,,,,,,,,,,,,,,,,,,,,,,,,,,,,,,,,,,,,,,,,,,,,,,,,,,,,,,,,,,,,,,,,,,,,,,,,,,,,,,,,,,,,,,,,,,,,,,,,,,,,,,,,,,,,,,,,,,,,,,,,,,,,,,,,,,,,Festool_578810.jpg,Festool_578810_1.jpg,Festool_578810_2.jpg,Festool_578810_3.jpg,Festool_578810_4.jpg,,,,,Festool_578810_Specification_Sheet.pdf,,,,,,,,,,,,,,,,,,
,,,,,,,Power Tools,Cutting & Abrasive Accessories,Abrasive Sheets & Discs,,578811,578811 Festool 3x4 GR PRO/10-Set,-- Unbranded --,-- No Unilog Brand --,-- No DIB Brand --,Festool USA (FESTO),Festool USA,Festool,,578811,,Building & Hardware>Power Tools>Accessories>Abrasive Sheets & Discs,"Festool USA, Festool, Abrasive Sheet, 578811",ABRASIVE SHEET,Festool 578811 Abrasive Sheet With 3 in x 4 in,"Festool Abrasive Sheet, 3 in x 4 in","Abrasive Sheet, 3 in x 4 in",,Size: 3 in x 4 in,,,,,,,,,,,,,,,,,,,,,,,,,Abrasive Sheet,Size,3 in x 4 in,,,,,,,,,,,,,,,,,,,,,,,,,,,,,,,,,,,,,,,,,,,,,,,,,,,,,,,,,,,,,,,,,,,,,,,,,,,,,,,,,,,,,,,,,,,,,,,,,,,,,,,,,,,,,,,,,,,,,,,,,,,,,,,,,,,,,,,,,,,,,,,,,,,,,,,,,,,,,,,,,,,,,,,,Festool_578811.jpg,Festool_578811_1.jpg,Festool_578811_2.jpg,Festool_578811_3.jpg,Festool_578811_4.jpg,,,,,Festool_578811_Specification_Sheet.pdf,,,,,,,,,,,,,,,,,,
,,,,,,,Power Tools,Cutting & Abrasive Accessories,Abrasive Sheets & Discs,,578192,578192 Festool D 150 GR SYS - Systainer Abrasive Set,-- Unbranded --,-- No Unilog Brand --,-- No DIB Brand --,Festool USA (FESTO),Festool USA,Festool,,578192,,Building & Hardware>Power Tools>Accessories>Abrasive Sheets & Discs,"Festool USA, Festool, Abrasive Sheet, 578192",ABRASIVE SHEET,Festool 578192 Abrasive Sheet,Festool Abrasive Sheet,Abrasive Sheet,,,,,,,,,,,,,,,,,,,,,,,,,,,Abrasive Sheet,,,,,,,,,,,,,,,,,,,,,,,,,,,,,,,,,,,,,,,,,,,,,,,,,,,,,,,,,,,,,,,,,,,,,,,,,,,,,,,,,,,,,,,,,,,,,,,,,,,,,,,,,,,,,,,,,,,,,,,,,,,,,,,,,,,,,,,,,,,,,,,,,,,,,,,,,,,,,,,,,,,,,,,,,,Festool_578192.jpg,Festool_578192_1.jpg,Festool_578192_2.jpg,Festool_578192_3.jpg,Festool_578192_4.jpg,,,,,Festool_578192_Specification_Sheet.pdf,,,,,,,,,,,,,,,,,,
,,,,,,,Power Tools,Cutting & Abrasive Accessories,Abrasive Sheets & Discs,,578806,578806 Festool Delta S GR PRO/10,-- Unbranded --,-- No Unilog Brand --,-- No DIB Brand --,Festool USA (FESTO),Festool USA,Festool,,578806,,Building & Hardware>Power Tools>Accessories>Abrasive Sheets & Discs,"Festool USA, Festool, Abrasive Sheet, 578806",ABRASIVE SHEET,Festool 578806 Abrasive Sheet,Festool Abrasive Sheet,Abrasive Sheet,,,,,,,,,,,,,,,,,,,,,,,,,,,Abrasive Sheet,,,,,,,,,,,,,,,,,,,,,,,,,,,,,,,,,,,,,,,,,,,,,,,,,,,,,,,,,,,,,,,,,,,,,,,,,,,,,,,,,,,,,,,,,,,,,,,,,,,,,,,,,,,,,,,,,,,,,,,,,,,,,,,,,,,,,,,,,,,,,,,,,,,,,,,,,,,,,,,,,,,,,,,,,,Festool_578806.jpg,Festool_578806_1.jpg,Festool_578806_2.jpg,Festool_578806_3.jpg,Festool_578806_4.jpg,,,,,Festool_578806_Specification_Sheet.pdf,,,,,,,,,,,,,,,,,,
,,,,,,,Power Tools,Power Tool Accessories,Saw Blades,,D0860X,"D0860X Diablo 8-1/4"" 60 Tooth - Fine Finish Saw Blade",-- Unbranded --,-- No Unilog Brand --,-- No DIB Brand --,Freud Inc (2435),Freud America Inc,Diablo,,D0860X,,Building & Hardware>Power Tools>Accessories>Saw Blades,"Freud America Inc, Diablo, Saw Blade, D0860X",SAW BLD,Diablo D0860X Saw Blade,Diablo Saw Blade,Saw Blade,,,,,,,,,,,,,,,,,,,,,,,,,,,Saw Blade,,,,,,,,,,,,,,,,,,,,,,,,,,,,,,,,,,,,,,,,,,,,,,,,,,,,,,,,,,,,,,,,,,,,,,,,,,,,,,,,,,,,,,,,,,,,,,,,,,,,,,,,,,,,,,,,,,,,,,,,,,,,,,,,,,,,,,,,,,,,,,,,,,,,,,,,,,,,,,,,,,,,,,,,,,Diablo_D0860X.jpg,Diablo_D0860X_1.jpg,Diablo_D0860X_2.jpg,Diablo_D0860X_3.jpg,Diablo_D0860X_4.jpg,,,,,Diablo_D0860X_Specification_Sheet.pdf,,,,,,,,,,,,,,,,,,
,,,,,,,Power Tools,Power Tool Accessories,Saw Blades,,48-40-0740,48-40-0740 Milw 7-1/4in. 24T - Framing Circ Saw Blade,-- Unbranded --,-- No Unilog Brand --,Milwaukee,Milwaukee Accessory (4031),Milwaukee Electric Tool Corporation,MILWAUKEE®,,48-40-0740,,Building & Hardware>Power Tools>Accessories>Saw Blades,"Milwaukee Electric Tool Corporation, MILWAUKEE®, Saw Blade, 48-40-0740",SAW BLD,MILWAUKEE® 48-40-0740 Saw Blade,MILWAUKEE® Saw Blade,Saw Blade,,,,,,,,,,,,,,,,,,,,,,,,,,,Saw Blade,,,,,,,,,,,,,,,,,,,,,,,,,,,,,,,,,,,,,,,,,,,,,,,,,,,,,,,,,,,,,,,,,,,,,,,,,,,,,,,,,,,,,,,,,,,,,,,,,,,,,,,,,,,,,,,,,,,,,,,,,,,,,,,,,,,,,,,,,,,,,,,,,,,,,,,,,,,,,,,,,,,,,,,,,,MILWAUKEE_48-40-0740.jpg,MILWAUKEE_48-40-0740_1.jpg,MILWAUKEE_48-40-0740_2.jpg,MILWAUKEE_48-40-0740_3.jpg,MILWAUKEE_48-40-0740_4.jpg,,,,,MILWAUKEE_48-40-0740_Specification_Sheet.pdf,,,,,,,,,,,,,,,,,,
,,,,,,,Power Tools,Power Tool Accessories,Saw Blades,,48-41-0740,48-41-0740 Milw7-1/4 24TFrming - Blade,-- Unbranded --,-- No Unilog Brand --,-- No DIB Brand --,Milwaukee Accessory (4031),Milwaukee Electric Tool Corporation,MILWAUKEE®,,48-41-0740,,Building & Hardware>Power Tools>Accessories>Saw Blades,"Milwaukee Electric Tool Corporation, MILWAUKEE®, Saw Blade, 48-41-0740",SAW BLD,MILWAUKEE® 48-41-0740 Saw Blade,MILWAUKEE® Saw Blade,Saw Blade,,,,,,,,,,,,,,,,,,,,,,,,,,,Saw Blade,,,,,,,,,,,,,,,,,,,,,,,,,,,,,,,,,,,,,,,,,,,,,,,,,,,,,,,,,,,,,,,,,,,,,,,,,,,,,,,,,,,,,,,,,,,,,,,,,,,,,,,,,,,,,,,,,,,,,,,,,,,,,,,,,,,,,,,,,,,,,,,,,,,,,,,,,,,,,,,,,,,,,,,,,,MILWAUKEE_48-41-0740.jpg,MILWAUKEE_48-41-0740_1.jpg,MILWAUKEE_48-41-0740_2.jpg,MILWAUKEE_48-41-0740_3.jpg,MILWAUKEE_48-41-0740_4.jpg,,,,,MILWAUKEE_48-41-0740_Specification_Sheet.pdf,,,,,,,,,,,,,,,,,,
,,,,,,,Power Tools,Power Tool Accessories,Saw Blades,,A-96095,"A-96095 Makita 5-7/8"" 32T Saw Blade",-- Unbranded --,-- No Unilog Brand --,-- No DIB Brand --,Makita Usa Inc (5142),Makita U.S.A. Inc.,Makita,,A-96095,,Building & Hardware>Power Tools>Accessories>Saw Blades,"Makita U.S.A. Inc., Makita, Saw Blade, A-96095",SAW BLD,Makita A-96095 Saw Blade,Makita Saw Blade,Saw Blade,,,,,,,,,,,,,,,,,,,,,,,,,,,Saw Blade,,,,,,,,,,,,,,,,,,,,,,,,,,,,,,,,,,,,,,,,,,,,,,,,,,,,,,,,,,,,,,,,,,,,,,,,,,,,,,,,,,,,,,,,,,,,,,,,,,,,,,,,,,,,,,,,,,,,,,,,,,,,,,,,,,,,,,,,,,,,,,,,,,,,,,,,,,,,,,,,,,,,,,,,,,Makita_A-96095.jpg,Makita_A-96095_1.jpg,Makita_A-96095_2.jpg,Makita_A-96095_3.jpg,Makita_A-96095_4.jpg,,,,,Makita_A-96095_Specification_Sheet.pdf,,,,,,,,,,,,,,,,,,
,,,,,,,Power Tools,Power Tool Accessories,Saw Blades,,D0760UX,"D0760UX Diablo 7-1/4"" 60T Circ - Saw Blade",-- Unbranded --,-- No Unilog Brand --,Diablo,Freud Inc (2435),Freud America Inc,Diablo,,D0760UX,,Building & Hardware>Power Tools>Accessories>Saw Blades,"Freud America Inc, Diablo, Saw Blade, D0760UX",SAW BLD,Diablo D0760UX Saw Blade,Diablo Saw Blade,Saw Blade,,,,,,,,,,,,,,,,,,,,,,,,,,,Saw Blade,,,,,,,,,,,,,,,,,,,,,,,,,,,,,,,,,,,,,,,,,,,,,,,,,,,,,,,,,,,,,,,,,,,,,,,,,,,,,,,,,,,,,,,,,,,,,,,,,,,,,,,,,,,,,,,,,,,,,,,,,,,,,,,,,,,,,,,,,,,,,,,,,,,,,,,,,,,,,,,,,,,,,,,,,,Diablo_D0760UX.jpg,Diablo_D0760UX_1.jpg,Diablo_D0760UX_2.jpg,Diablo_D0760UX_3.jpg,Diablo_D0760UX_4.jpg,,,,,Diablo_D0760UX_Specification_Sheet.pdf,,,,,,,,,,,,,,,,,,
,,,,,,,Power Tools,Power Tool Accessories,Dado Sets,,230.312.08,230.312.08 CMT Locked Dado Pro Set,-- Unbranded --,-- No Unilog Brand --,-- No DIB Brand --,CMT USA Inc (CMTUS),CMT USA Inc,CMT,,230.312.08,,Building & Hardware>Power Tools>Accessories>Dado Sets,"CMT USA Inc, CMT, Dado Set, 230.312.08",DADO SET,CMT 230.312.08 Dado Set,CMT Dado Set,Dado Set,,,,,,,,,,,,,,,,,,,,,,,,,,,Dado Set,,,,,,,,,,,,,,,,,,,,,,,,,,,,,,,,,,,,,,,,,,,,,,,,,,,,,,,,,,,,,,,,,,,,,,,,,,,,,,,,,,,,,,,,,,,,,,,,,,,,,,,,,,,,,,,,,,,,,,,,,,,,,,,,,,,,,,,,,,,,,,,,,,,,,,,,,,,,,,,,,,,,,,,,,,CMT_23031208.jpg,CMT_23031208_1.jpg,CMT_23031208_2.jpg,CMT_23031208_3.jpg,CMT_23031208_4.jpg,,,,,CMT_23031208_Specification_Sheet.pdf,,,,,,,,,,,,,,,,,,
,,,,,,,Power Tools,Power Tool Accessories,Saw Blades,,D0708LF,"D0708LF Saw Blade 7-1/4""x8 - Laminate & Wood Flooring",-- Unbranded --,-- No Unilog Brand --,-- No DIB Brand --,Freud Inc (2435),Freud America Inc,FREUD,,D0708LF,,Building & Hardware>Power Tools>Accessories>Saw Blades,"Freud America Inc, FREUD, Saw Blade, D0708LF",SAW BLD WD,"FREUD D0708LF Saw Blade With 7-1/4 in x 8 in, Wood","FREUD Saw Blade, 7-1/4 in x 8 in, Wood","Saw Blade, 7-1/4 in x 8 in, Wood",,Size: 7-1/4 in x 8 in,Material: Wood,,,,,,,,,,,,,,,,,,,,,,,,Saw Blade,Size,7-1/4 in x 8 in,,Material,Wood,,,,,,,,,,,,,,,,,,,,,,,,,,,,,,,,,,,,,,,,,,,,,,,,,,,,,,,,,,,,,,,,,,,,,,,,,,,,,,,,,,,,,,,,,,,,,,,,,,,,,,,,,,,,,,,,,,,,,,,,,,,,,,,,,,,,,,,,,,,,,,,,,,,,,,,,,,,,,,,,,,,,,FREUD_D0708LF.jpg,FREUD_D0708LF_1.jpg,FREUD_D0708LF_2.jpg,FREUD_D0708LF_3.jpg,FREUD_D0708LF_4.jpg,,,,,FREUD_D0708LF_Specification_Sheet.pdf,,,,,,,,,,,,,,,,,,
,,,,,,,Power Tools,Power Tool Accessories,Saw Blades,,D1012LF,"D1012LF Saw Blade 10""x12Teeth - Laminate & Wood Flooring",-- Unbranded --,-- No Unilog Brand --,-- No DIB Brand --,Freud Inc (2435),Freud America Inc,FREUD,,D1012LF,,Building & Hardware>Power Tools>Accessories>Saw Blades,"Freud America Inc, FREUD, Saw Blade, D1012LF",SAW BLD WD,"FREUD D1012LF Saw Blade With 10 in x 12 in, Wood","FREUD Saw Blade, 10 in x 12 in, Wood","Saw Blade, 10 in x 12 in, Wood",,Size: 10 in x 12 in,Material: Wood,,,,,,,,,,,,,,,,,,,,,,,,Saw Blade,Size,10 in x 12 in,,Material,Wood,,,,,,,,,,,,,,,,,,,,,,,,,,,,,,,,,,,,,,,,,,,,,,,,,,,,,,,,,,,,,,,,,,,,,,,,,,,,,,,,,,,,,,,,,,,,,,,,,,,,,,,,,,,,,,,,,,,,,,,,,,,,,,,,,,,,,,,,,,,,,,,,,,,,,,,,,,,,,,,,,,,,,FREUD_D1012LF.jpg,FREUD_D1012LF_1.jpg,FREUD_D1012LF_2.jpg,FREUD_D1012LF_3.jpg,FREUD_D1012LF_4.jpg,,,,,FREUD_D1012LF_Specification_Sheet.pdf,,,,,,,,,,,,,,,,,,
,,,,,,,Power Tools,Power Tool Accessories,Saw Blades,,D1216LF,"D1216LF Saw Blade 12""x16Teeth - Laminate & Wood Flooring",-- Unbranded --,-- No Unilog Brand --,-- No DIB Brand --,Freud Inc (2435),Freud America Inc,FREUD,,D1216LF,,Building & Hardware>Power Tools>Accessories>Saw Blades,"Freud America Inc, FREUD, Saw Blade, D1216LF",SAW BLD WD,"FREUD D1216LF Saw Blade With 12 in x 16 in, Wood","FREUD Saw Blade, 12 in x 16 in, Wood","Saw Blade, 12 in x 16 in, Wood",,Size: 12 in x 16 in,Material: Wood,,,,,,,,,,,,,,,,,,,,,,,,Saw Blade,Size,12 in x 16 in,,Material,Wood,,,,,,,,,,,,,,,,,,,,,,,,,,,,,,,,,,,,,,,,,,,,,,,,,,,,,,,,,,,,,,,,,,,,,,,,,,,,,,,,,,,,,,,,,,,,,,,,,,,,,,,,,,,,,,,,,,,,,,,,,,,,,,,,,,,,,,,,,,,,,,,,,,,,,,,,,,,,,,,,,,,,,FREUD_D1216LF.jpg,FREUD_D1216LF_1.jpg,FREUD_D1216LF_2.jpg,FREUD_D1216LF_3.jpg,FREUD_D1216LF_4.jpg,,,,,FREUD_D1216LF_Specification_Sheet.pdf,,,,,,,,,,,,,,,,,,
,,,,,,,Power Tools,Cutting & Abrasive Accessories,Diamond Blades,,DWA47421,"DWA47421 Dewalt 14"" Segmented - Rim Diamond Blade",-- Unbranded --,-- No Unilog Brand --,DEWALT,Black & Decker/dewlt (2585),Stanley Black & Decker Inc,DEWALT,,DWA47421,,Building & Hardware>Power Tools>Accessories>Diamond Blades,"Stanley Black & Decker Inc, DEWALT, Diamond Blade, DWA47421",DIA BLD,DEWALT DWA47421 Diamond Blade,DEWALT Diamond Blade,Diamond Blade,,,,,,,,,,,,,,,,,,,,,,,,,,,Diamond Blade,,,,,,,,,,,,,,,,,,,,,,,,,,,,,,,,,,,,,,,,,,,,,,,,,,,,,,,,,,,,,,,,,,,,,,,,,,,,,,,,,,,,,,,,,,,,,,,,,,,,,,,,,,,,,,,,,,,,,,,,,,,,,,,,,,,,,,,,,,,,,,,,,,,,,,,,,,,,,,,,,,,,,,,,,,DEWALT_DWA47421.jpg,DEWALT_DWA47421_1.jpg,DEWALT_DWA47421_2.jpg,DEWALT_DWA47421_3.jpg,DEWALT_DWA47421_4.jpg,,,,,DEWALT_DWA47421_Specification_Sheet.pdf,,,,,,,,,,,,,,,,,,
,,,,,,,Power Tools,Cutting & Abrasive Accessories,Diamond Blades,,DWA4769,"DWA4769 Dewalt Rim Glass Tile - Blade 10""",-- Unbranded --,-- No Unilog Brand --,-- No DIB Brand --,Black & Decker/dewlt (2585),Stanley Black & Decker Inc,DEWALT,,DWA4769,,Building & Hardware>Power Tools>Accessories>Diamond Blades,"Stanley Black & Decker Inc, DEWALT, Diamond Blade, DWA4769",DIA BLD,DEWALT DWA4769 Diamond Blade With Glass,"DEWALT Diamond Blade, Glass","Diamond Blade, Glass",,Material: Glass,,,,,,,,,,,,,,,,,,,,,,,,,Diamond Blade,Material,Glass,,,,,,,,,,,,,,,,,,,,,,,,,,,,,,,,,,,,,,,,,,,,,,,,,,,,,,,,,,,,,,,,,,,,,,,,,,,,,,,,,,,,,,,,,,,,,,,,,,,,,,,,,,,,,,,,,,,,,,,,,,,,,,,,,,,,,,,,,,,,,,,,,,,,,,,,,,,,,,,,,,,,,,,,DEWALT_DWA4769.jpg,DEWALT_DWA4769_1.jpg,DEWALT_DWA4769_2.jpg,DEWALT_DWA4769_3.jpg,DEWALT_DWA4769_4.jpg,,,,,DEWALT_DWA4769_Specification_Sheet.pdf,,,,,,,,,,,,,,,,,,
,,,,,,,Power Tools,Cutting & Abrasive Accessories,Diamond Blades,,49-93-9204,"49-93-9204 Milw 4-1/2"" Diamond - Tile Blade",-- Unbranded --,-- No Unilog Brand --,-- No DIB Brand --,Milwaukee Accessory (4031),Milwaukee Electric Tool Corporation,MILWAUKEE®,,49-93-9204,,Building & Hardware>Power Tools>Accessories>Diamond Blades,"Milwaukee Electric Tool Corporation, MILWAUKEE®, Diamond Blade, 49-93-9204",DIA BLD,MILWAUKEE® 49-93-9204 Diamond Blade,MILWAUKEE® Diamond Blade,Diamond Blade,,,,,,,,,,,,,,,,,,,,,,,,,,,Diamond Blade,,,,,,,,,,,,,,,,,,,,,,,,,,,,,,,,,,,,,,,,,,,,,,,,,,,,,,,,,,,,,,,,,,,,,,,,,,,,,,,,,,,,,,,,,,,,,,,,,,,,,,,,,,,,,,,,,,,,,,,,,,,,,,,,,,,,,,,,,,,,,,,,,,,,,,,,,,,,,,,,,,,,,,,,,,MILWAUKEE_49-93-9204.jpg,MILWAUKEE_49-93-9204_1.jpg,MILWAUKEE_49-93-9204_2.jpg,MILWAUKEE_49-93-9204_3.jpg,MILWAUKEE_49-93-9204_4.jpg,,,,,MILWAUKEE_49-93-9204_Specification_Sheet.pdf,,,,,,,,,,,,,,,,,,
,,,,,,,Power Tools,Cutting & Abrasive Accessories,Diamond Blades,,49-93-9207,"49-93-9207 Milw 7"" Diamond - Tile Blade",-- Unbranded --,-- No Unilog Brand --,-- No DIB Brand --,Milwaukee Accessory (4031),Milwaukee Electric Tool Corporation,MILWAUKEE®,,49-93-9207,,Building & Hardware>Power Tools>Accessories>Diamond Blades,"Milwaukee Electric Tool Corporation, MILWAUKEE®, Diamond Blade, 49-93-9207",DIA BLD,MILWAUKEE® 49-93-9207 Diamond Blade,MILWAUKEE® Diamond Blade,Diamond Blade,,,,,,,,,,,,,,,,,,,,,,,,,,,Diamond Blade,,,,,,,,,,,,,,,,,,,,,,,,,,,,,,,,,,,,,,,,,,,,,,,,,,,,,,,,,,,,,,,,,,,,,,,,,,,,,,,,,,,,,,,,,,,,,,,,,,,,,,,,,,,,,,,,,,,,,,,,,,,,,,,,,,,,,,,,,,,,,,,,,,,,,,,,,,,,,,,,,,,,,,,,,,MILWAUKEE_49-93-9207.jpg,MILWAUKEE_49-93-9207_1.jpg,MILWAUKEE_49-93-9207_2.jpg,MILWAUKEE_49-93-9207_3.jpg,MILWAUKEE_49-93-9207_4.jpg,,,,,MILWAUKEE_49-93-9207_Specification_Sheet.pdf,,,,,,,,,,,,,,,,,,
,,,,,,,Power Tools,Cutting & Abrasive Accessories,Diamond Blades,,49-93-9210,"49-93-9210 Milw 10"" Diamond - Tile Blade",-- Unbranded --,-- No Unilog Brand --,-- No DIB Brand --,Milwaukee Accessory (4031),Milwaukee Electric Tool Corporation,MILWAUKEE®,,49-93-9210,,Building & Hardware>Power Tools>Accessories>Diamond Blades,"Milwaukee Electric Tool Corporation, MILWAUKEE®, Diamond Blade, 49-93-9210",DIA BLD,MILWAUKEE® 49-93-9210 Diamond Blade,MILWAUKEE® Diamond Blade,Diamond Blade,,,,,,,,,,,,,,,,,,,,,,,,,,,Diamond Blade,,,,,,,,,,,,,,,,,,,,,,,,,,,,,,,,,,,,,,,,,,,,,,,,,,,,,,,,,,,,,,,,,,,,,,,,,,,,,,,,,,,,,,,,,,,,,,,,,,,,,,,,,,,,,,,,,,,,,,,,,,,,,,,,,,,,,,,,,,,,,,,,,,,,,,,,,,,,,,,,,,,,,,,,,,MILWAUKEE_49-93-9210.jpg,MILWAUKEE_49-93-9210_1.jpg,MILWAUKEE_49-93-9210_2.jpg,MILWAUKEE_49-93-9210_3.jpg,MILWAUKEE_49-93-9210_4.jpg,,,,,MILWAUKEE_49-93-9210_Specification_Sheet.pdf,,,,,,,,,,,,,,,,,,
,,,,,,,Power Tools,Cutting & Abrasive Accessories,Diamond Blades,,49-93-9202,"49-93-9202 Milw 4"" Diamond - Tile Blade",-- Unbranded --,-- No Unilog Brand --,-- No DIB Brand --,Milwaukee Accessory (4031),Milwaukee Electric Tool Corporation,MILWAUKEE®,,49-93-9202,,Building & Hardware>Power Tools>Accessories>Diamond Blades,"Milwaukee Electric Tool Corporation, MILWAUKEE®, Diamond Blade, 49-93-9202",DIA BLD,MILWAUKEE® 49-93-9202 Diamond Blade,MILWAUKEE® Diamond Blade,Diamond Blade,,,,,,,,,,,,,,,,,,,,,,,,,,,Diamond Blade,,,,,,,,,,,,,,,,,,,,,,,,,,,,,,,,,,,,,,,,,,,,,,,,,,,,,,,,,,,,,,,,,,,,,,,,,,,,,,,,,,,,,,,,,,,,,,,,,,,,,,,,,,,,,,,,,,,,,,,,,,,,,,,,,,,,,,,,,,,,,,,,,,,,,,,,,,,,,,,,,,,,,,,,,,MILWAUKEE_49-93-9202.jpg,MILWAUKEE_49-93-9202_1.jpg,MILWAUKEE_49-93-9202_2.jpg,MILWAUKEE_49-93-9202_3.jpg,MILWAUKEE_49-93-9202_4.jpg,,,,,MILWAUKEE_49-93-9202_Specification_Sheet.pdf,,,,,,,,,,,,,,,,,,
,,,,,,,Power Tools,Cutting & Abrasive Accessories,Diamond Blades,,49-93-9205,"49-93-9205 Milw 5"" Diamond - Tile Blade",-- Unbranded --,-- No Unilog Brand --,-- No DIB Brand --,Milwaukee Accessory (4031),Milwaukee Electric Tool Corporation,MILWAUKEE®,,49-93-9205,,Building & Hardware>Power Tools>Accessories>Diamond Blades,"Milwaukee Electric Tool Corporation, MILWAUKEE®, Diamond Blade, 49-93-9205",DIA BLD,MILWAUKEE® 49-93-9205 Diamond Blade,MILWAUKEE® Diamond Blade,Diamond Blade,,,,,,,,,,,,,,,,,,,,,,,,,,,Diamond Blade,,,,,,,,,,,,,,,,,,,,,,,,,,,,,,,,,,,,,,,,,,,,,,,,,,,,,,,,,,,,,,,,,,,,,,,,,,,,,,,,,,,,,,,,,,,,,,,,,,,,,,,,,,,,,,,,,,,,,,,,,,,,,,,,,,,,,,,,,,,,,,,,,,,,,,,,,,,,,,,,,,,,,,,,,,MILWAUKEE_49-93-9205.jpg,MILWAUKEE_49-93-9205_1.jpg,MILWAUKEE_49-93-9205_2.jpg,MILWAUKEE_49-93-9205_3.jpg,MILWAUKEE_49-93-9205_4.jpg,,,,,MILWAUKEE_49-93-9205_Specification_Sheet.pdf,,,,,,,,,,,,,,,,,,
,,,,,,,Power Tools,Power Tool Accessories,Hole Saws,,49-22-4702,49-22-4702 Milw 13pc Quik-Lock Hole Dozer Kit,-- Unbranded --,-- No Unilog Brand --,-- No DIB Brand --,Milwaukee Accessory (4031),Milwaukee Electric Tool Corporation,MILWAUKEE®,,49-22-4702,,Building & Hardware>Power Tools>Accessories>Hole Saws & Kits,"Milwaukee Electric Tool Corporation, MILWAUKEE®, Hole Saw, 49-22-4702",HLE SAW,MILWAUKEE® 49-22-4702 Hole Saw With 13 pc,"MILWAUKEE® Hole Saw, 13 pc","Hole Saw, 13 pc",,Package Quantity: 13 pc,,,,,,,,,,,,,,,,,,,,,,,,,Hole Saw,Package Quantity,13,pc,,,,,,,,,,,,,,,,,,,,,,,,,,,,,,,,,,,,,,,,,,,,,,,,,,,,,,,,,,,,,,,,,,,,,,,,,,,,,,,,,,,,,,,,,,,,,,,,,,,,,,,,,,,,,,,,,,,,,,,,,,,,,,,,,,,,,,,,,,,,,,,,,,,,,,,,,,,,,,,,,,,,,,,MILWAUKEE_49-22-4702.jpg,MILWAUKEE_49-22-4702_1.jpg,MILWAUKEE_49-22-4702_2.jpg,MILWAUKEE_49-22-4702_3.jpg,MILWAUKEE_49-22-4702_4.jpg,,,,,MILWAUKEE_49-22-4702_Specification_Sheet.pdf,,,,,,,,,,,,,,,,,,
,,,,,,,Power Tools,Power Tool Accessories,Saw Blades,,DJT155HHM,"DJT155HHM Diablo 3-3/5"" 10 TPI - Jig Saw Blade",-- Unbranded --,-- No Unilog Brand --,-- No DIB Brand --,Freud Inc (2435),Freud America Inc,Diablo,,DJT155HHM,,Building & Hardware>Power Tools>Accessories>Saw Blades,"Freud America Inc, Diablo, Saw Blade, DJT155HHM",SAW BLD,Diablo DJT155HHM Saw Blade,Diablo Saw Blade,Saw Blade,,,,,,,,,,,,,,,,,,,,,,,,,,,Saw Blade,,,,,,,,,,,,,,,,,,,,,,,,,,,,,,,,,,,,,,,,,,,,,,,,,,,,,,,,,,,,,,,,,,,,,,,,,,,,,,,,,,,,,,,,,,,,,,,,,,,,,,,,,,,,,,,,,,,,,,,,,,,,,,,,,,,,,,,,,,,,,,,,,,,,,,,,,,,,,,,,,,,,,,,,,,Diablo_DJT155HHM.jpg,Diablo_DJT155HHM_1.jpg,Diablo_DJT155HHM_2.jpg,Diablo_DJT155HHM_3.jpg,Diablo_DJT155HHM_4.jpg,,,,,Diablo_DJT155HHM_Specification_Sheet.pdf,,,,,,,,,,,,,,,,,,
,,,,,,,Power Tools,Power Tools,Planers,,790.82,790.820 CMT Planer Blade 2pc,-- Unbranded --,-- No Unilog Brand --,-- No DIB Brand --,CMT USA Inc (CMTUS),CMT USA Inc,CMT,,790.82,,Building & Hardware>Power Tools>Planers,"CMT USA Inc, CMT, Planer, 790.82",PLNR,CMT 790.82 Planer With 2 pc,"CMT Planer, 2 pc","Planer, 2 pc",,Package Quantity: 2 pc,,,,,,,,,,,,,,,,,,,,,,,,,Planer,Package Quantity,2,pc,,,,,,,,,,,,,,,,,,,,,,,,,,,,,,,,,,,,,,,,,,,,,,,,,,,,,,,,,,,,,,,,,,,,,,,,,,,,,,,,,,,,,,,,,,,,,,,,,,,,,,,,,,,,,,,,,,,,,,,,,,,,,,,,,,,,,,,,,,,,,,,,,,,,,,,,,,,,,,,,,,,,,,,CMT_79082.jpg,CMT_79082_1.jpg,CMT_79082_2.jpg,CMT_79082_3.jpg,CMT_79082_4.jpg,,,,,CMT_79082_Specification_Sheet.pdf,,,,,,,,,,,,,,,,,,
,,,,,,,Power Tools,Power Tools,Planers,,794.321,794.321 HS Planer Knives 3pc,-- Unbranded --,-- No Unilog Brand --,-- No DIB Brand --,CMT USA Inc (CMTUS),CMT USA Inc,CMT,,794.321,,Building & Hardware>Power Tools>Planers,"CMT USA Inc, CMT, Planer, 794.321",PLNR,CMT 794.321 Planer With 3 pc,"CMT Planer, 3 pc","Planer, 3 pc",,Package Quantity: 3 pc,,,,,,,,,,,,,,,,,,,,,,,,,Planer,Package Quantity,3,pc,,,,,,,,,,,,,,,,,,,,,,,,,,,,,,,,,,,,,,,,,,,,,,,,,,,,,,,,,,,,,,,,,,,,,,,,,,,,,,,,,,,,,,,,,,,,,,,,,,,,,,,,,,,,,,,,,,,,,,,,,,,,,,,,,,,,,,,,,,,,,,,,,,,,,,,,,,,,,,,,,,,,,,,CMT_794321.jpg,CMT_794321_1.jpg,CMT_794321_2.jpg,CMT_794321_3.jpg,CMT_794321_4.jpg,,,,,CMT_794321_Specification_Sheet.pdf,,,,,,,,,,,,,,,,,,
,,,,,,,Power Tools,Power Tools,Reciprocating Saws,,49-22-5641,49-22-5641 Milw Packout 15pc - Sawzall Blade Kit,-- Unbranded --,-- No Unilog Brand --,-- No DIB Brand --,Milwaukee Accessory (4031),Milwaukee Electric Tool Corporation,MILWAUKEE®,,49-22-5641,,Building & Hardware>Power Tools>Reciprocating Saws,"Milwaukee Electric Tool Corporation, MILWAUKEE®, Reciprocating Saw, 49-22-5641",RECIPROCATING SAW,MILWAUKEE® 49-22-5641 Reciprocating Saw With 15 pc,"MILWAUKEE® Reciprocating Saw, 15 pc","Reciprocating Saw, 15 pc",,Package Quantity: 15 pc,,,,,,,,,,,,,,,,,,,,,,,,,Reciprocating Saw,Package Quantity,15,pc,,,,,,,,,,,,,,,,,,,,,,,,,,,,,,,,,,,,,,,,,,,,,,,,,,,,,,,,,,,,,,,,,,,,,,,,,,,,,,,,,,,,,,,,,,,,,,,,,,,,,,,,,,,,,,,,,,,,,,,,,,,,,,,,,,,,,,,,,,,,,,,,,,,,,,,,,,,,,,,,,,,,,,,MILWAUKEE_49-22-5641.jpg,MILWAUKEE_49-22-5641_1.jpg,MILWAUKEE_49-22-5641_2.jpg,MILWAUKEE_49-22-5641_3.jpg,MILWAUKEE_49-22-5641_4.jpg,,,,,MILWAUKEE_49-22-5641_Specification_Sheet.pdf,,,,,,,,,,,,,,,,,,
,,,,,,,Power Tools,Power Tool Accessories,Saw Blades,,D0604TSH,"D0604TSH Diablo 6-1/2"" 4-Tooth - Cement Track Saw Blade",-- Unbranded --,-- No Unilog Brand --,-- No DIB Brand --,Freud Inc (2435),Freud America Inc,Diablo,,D0604TSH,,Building & Hardware>Power Tools>Accessories>Saw Blades,"Freud America Inc, Diablo, Saw Blade, D0604TSH",SAW BLD,Diablo D0604TSH Saw Blade,Diablo Saw Blade,Saw Blade,,,,,,,,,,,,,,,,,,,,,,,,,,,Saw Blade,,,,,,,,,,,,,,,,,,,,,,,,,,,,,,,,,,,,,,,,,,,,,,,,,,,,,,,,,,,,,,,,,,,,,,,,,,,,,,,,,,,,,,,,,,,,,,,,,,,,,,,,,,,,,,,,,,,,,,,,,,,,,,,,,,,,,,,,,,,,,,,,,,,,,,,,,,,,,,,,,,,,,,,,,,Diablo_D0604TSH.jpg,Diablo_D0604TSH_1.jpg,Diablo_D0604TSH_2.jpg,Diablo_D0604TSH_3.jpg,Diablo_D0604TSH_4.jpg,,,,,Diablo_D0604TSH_Specification_Sheet.pdf,,,,,,,,,,,,,,,,,,
,,,,,,,Power Tools,Power Tool Accessories,Saw Blades,,D0620TSR,"D0620TSR Diablo 6-1/2""20 Tooth - Framing Saw Blade",-- Unbranded --,-- No Unilog Brand --,-- No DIB Brand --,Freud Inc (2435),Freud America Inc,Diablo,,D0620TSR,,Building & Hardware>Power Tools>Accessories>Saw Blades,"Freud America Inc, Diablo, Saw Blade, D0620TSR",SAW BLD,Diablo D0620TSR Saw Blade,Diablo Saw Blade,Saw Blade,,,,,,,,,,,,,,,,,,,,,,,,,,,Saw Blade,,,,,,,,,,,,,,,,,,,,,,,,,,,,,,,,,,,,,,,,,,,,,,,,,,,,,,,,,,,,,,,,,,,,,,,,,,,,,,,,,,,,,,,,,,,,,,,,,,,,,,,,,,,,,,,,,,,,,,,,,,,,,,,,,,,,,,,,,,,,,,,,,,,,,,,,,,,,,,,,,,,,,,,,,,Diablo_D0620TSR.jpg,Diablo_D0620TSR_1.jpg,Diablo_D0620TSR_2.jpg,Diablo_D0620TSR_3.jpg,Diablo_D0620TSR_4.jpg,,,,,Diablo_D0620TSR_Specification_Sheet.pdf,,,,,,,,,,,,,,,,,,
,,,,,,,Power Tools,Power Tool Accessories,Saw Blades,,D0648TSF,"D0648TSF Diablo 6-1/2""48 Tooth - Plywood Track Saw Blade",-- Unbranded --,-- No Unilog Brand --,-- No DIB Brand --,Freud Inc (2435),Freud America Inc,Diablo,,D0648TSF,,Building & Hardware>Power Tools>Accessories>Saw Blades,"Freud America Inc, Diablo, Saw Blade, D0648TSF",SAW BLD,Diablo D0648TSF Saw Blade,Diablo Saw Blade,Saw Blade,,,,,,,,,,,,,,,,,,,,,,,,,,,Saw Blade,,,,,,,,,,,,,,,,,,,,,,,,,,,,,,,,,,,,,,,,,,,,,,,,,,,,,,,,,,,,,,,,,,,,,,,,,,,,,,,,,,,,,,,,,,,,,,,,,,,,,,,,,,,,,,,,,,,,,,,,,,,,,,,,,,,,,,,,,,,,,,,,,,,,,,,,,,,,,,,,,,,,,,,,,,Diablo_D0648TSF.jpg,Diablo_D0648TSF_1.jpg,Diablo_D0648TSF_2.jpg,Diablo_D0648TSF_3.jpg,Diablo_D0648TSF_4.jpg,,,,,Diablo_D0648TSF_Specification_Sheet.pdf,,,,,,,,,,,,,,,,,,
,,,,,,,Power Tools,Power Tool Accessories,Saw Blades,,D0652TSL,"D0652TSL Diablo 6-1/2""52 Tooth - Laminate Track Saw Blade",-- Unbranded --,-- No Unilog Brand --,-- No DIB Brand --,Freud Inc (2435),Freud America Inc,Diablo,,D0652TSL,,Building & Hardware>Power Tools>Accessories>Saw Blades,"Freud America Inc, Diablo, Saw Blade, D0652TSL",SAW BLD,Diablo D0652TSL Saw Blade,Diablo Saw Blade,Saw Blade,,,,,,,,,,,,,,,,,,,,,,,,,,,Saw Blade,,,,,,,,,,,,,,,,,,,,,,,,,,,,,,,,,,,,,,,,,,,,,,,,,,,,,,,,,,,,,,,,,,,,,,,,,,,,,,,,,,,,,,,,,,,,,,,,,,,,,,,,,,,,,,,,,,,,,,,,,,,,,,,,,,,,,,,,,,,,,,,,,,,,,,,,,,,,,,,,,,,,,,,,,,Diablo_D0652TSL.jpg,Diablo_D0652TSL_1.jpg,Diablo_D0652TSL_2.jpg,Diablo_D0652TSL_3.jpg,Diablo_D0652TSL_4.jpg,,,,,Diablo_D0652TSL_Specification_Sheet.pdf,,,,,,,,,,,,,,,,,,
,,,,,,,Power Tools,Power Tools,Band Saws,,JT1-549,"JT1-549 JWBS18SFX 18"" Bandsaw - 1.75HP 1PH 115V",-- Unbranded --,-- No Unilog Brand --,-- No DIB Brand --,JPW Industries (JPWIN),JPW Industries Inc,Jet,,JT1-549,,Building & Hardware>Power Tools>Band Saws,"JPW Industries Inc, Jet, Band Saw, JT1-549",BAND SAW 115V,Jet JT1-549 Band Saw With 115 V,"Jet Band Saw, 115 V","Band Saw, 115 V",,Voltage Rating: 115 V,,,,,,,,,,,,,,,,,,,,,,,,,Band Saw,Voltage Rating,115,V,,,,,,,,,,,,,,,,,,,,,,,,,,,,,,,,,,,,,,,,,,,,,,,,,,,,,,,,,,,,,,,,,,,,,,,,,,,,,,,,,,,,,,,,,,,,,,,,,,,,,,,,,,,,,,,,,,,,,,,,,,,,,,,,,,,,,,,,,,,,,,,,,,,,,,,,,,,,,,,,,,,,,,,Jet_JT1-549.jpg,Jet_JT1-549_1.jpg,Jet_JT1-549_2.jpg,Jet_JT1-549_3.jpg,Jet_JT1-549_4.jpg,,,,,Jet_JT1-549_Specification_Sheet.pdf,,,,,,,,,,,,,,,,,,
,,,,,,,Power Tools,Power Tools,Band Saws,,JT1-1371,"JWBS14-SFX-BLK Jet 14"" Bandsaw - JT1-1371",-- Unbranded --,-- No Unilog Brand --,-- No DIB Brand --,JPW Industries (JPWIN),JPW Industries Inc,Jet,,JT1-1371,,Building & Hardware>Power Tools>Band Saws,"JPW Industries Inc, Jet, Band Saw, JT1-1371",BAND SAW,Jet JT1-1371 Band Saw With Black,"Jet Band Saw, Black","Band Saw, Black",,Finish: Black,,,,,,,,,,,,,,,,,,,,,,,,,Band Saw,Finish,Black,,,,,,,,,,,,,,,,,,,,,,,,,,,,,,,,,,,,,,,,,,,,,,,,,,,,,,,,,,,,,,,,,,,,,,,,,,,,,,,,,,,,,,,,,,,,,,,,,,,,,,,,,,,,,,,,,,,,,,,,,,,,,,,,,,,,,,,,,,,,,,,,,,,,,,,,,,,,,,,,,,,,,,,,Jet_JT1-1371.jpg,Jet_JT1-1371_1.jpg,Jet_JT1-1371_2.jpg,Jet_JT1-1371_3.jpg,Jet_JT1-1371_4.jpg,,,,,Jet_JT1-1371_Specification_Sheet.pdf,,,,,,,,,,,,,,,,,,
,,,,,,,Power Tools,Power Tools,Band Saws,,JT9-714400K,"JWBS-14SFX 14"" Bandsaw JTP-714400K",-- Unbranded --,-- No Unilog Brand --,-- No DIB Brand --,JPW Industries (JPWIN),JPW Industries Inc,Jet,,JT9-714400K,,Building & Hardware>Power Tools>Band Saws,"JPW Industries Inc, Jet, Band Saw, JT9-714400K",BAND SAW,Jet JT9-714400K Band Saw,Jet Band Saw,Band Saw,,,,,,,,,,,,,,,,,,,,,,,,,,,Band Saw,,,,,,,,,,,,,,,,,,,,,,,,,,,,,,,,,,,,,,,,,,,,,,,,,,,,,,,,,,,,,,,,,,,,,,,,,,,,,,,,,,,,,,,,,,,,,,,,,,,,,,,,,,,,,,,,,,,,,,,,,,,,,,,,,,,,,,,,,,,,,,,,,,,,,,,,,,,,,,,,,,,,,,,,,,Jet_JT9-714400K.jpg,Jet_JT9-714400K_1.jpg,Jet_JT9-714400K_2.jpg,Jet_JT9-714400K_3.jpg,Jet_JT9-714400K_4.jpg,,,,,Jet_JT9-714400K_Specification_Sheet.pdf,,,,,,,,,,,,,,,,,,
,,,,,,,Power Tools,Power Tools,Circular Saws,,2834-21HD,"2834-21HD Milw M18 7-1/4"" Circ - Saw Kit",-- Unbranded --,-- No Unilog Brand --,Milwaukee,Milwaukee Accessory (4031),Milwaukee Electric Tool Corporation,MILWAUKEE®,,2834-21HD,,Building & Hardware>Power Tools>Circular Saws,"Milwaukee Electric Tool Corporation, MILWAUKEE®, Circular Saw, 2834-21HD",CIRCULAR SAW,MILWAUKEE® 2834-21HD Circular Saw,MILWAUKEE® Circular Saw,Circular Saw,,,,,,,,,,,,,,,,,,,,,,,,,,,Circular Saw,,,,,,,,,,,,,,,,,,,,,,,,,,,,,,,,,,,,,,,,,,,,,,,,,,,,,,,,,,,,,,,,,,,,,,,,,,,,,,,,,,,,,,,,,,,,,,,,,,,,,,,,,,,,,,,,,,,,,,,,,,,,,,,,,,,,,,,,,,,,,,,,,,,,,,,,,,,,,,,,,,,,,,,,,,MILWAUKEE_2834-21HD.jpg,MILWAUKEE_2834-21HD_1.jpg,MILWAUKEE_2834-21HD_2.jpg,MILWAUKEE_2834-21HD_3.jpg,MILWAUKEE_2834-21HD_4.jpg,,,,,MILWAUKEE_2834-21HD_Specification_Sheet.pdf,,,,,,,,,,,,,,,,,,
,,,,,,,Power Tools,Power Tools,Circular Saws,,DCS383B,"DCS383B Dewalt 20V 7-1/4"" - Metal Cutting Circ Saw",-- Unbranded --,-- No Unilog Brand --,-- No DIB Brand --,Black & Decker/dewlt (2585),Stanley Black & Decker Inc,DEWALT,,DCS383B,,Building & Hardware>Power Tools>Circular Saws,"Stanley Black & Decker Inc, DEWALT, Circular Saw, DCS383B",CIRCULAR SAW,DEWALT DCS383B Circular Saw,DEWALT Circular Saw,Circular Saw,,,,,,,,,,,,,,,,,,,,,,,,,,,Circular Saw,,,,,,,,,,,,,,,,,,,,,,,,,,,,,,,,,,,,,,,,,,,,,,,,,,,,,,,,,,,,,,,,,,,,,,,,,,,,,,,,,,,,,,,,,,,,,,,,,,,,,,,,,,,,,,,,,,,,,,,,,,,,,,,,,,,,,,,,,,,,,,,,,,,,,,,,,,,,,,,,,,,,,,,,,,DEWALT_DCS383B.jpg,DEWALT_DCS383B_1.jpg,DEWALT_DCS383B_2.jpg,DEWALT_DCS383B_3.jpg,DEWALT_DCS383B_4.jpg,,,,,DEWALT_DCS383B_Specification_Sheet.pdf,,,,,,,,,,,,,,,,,,
,,,,,,,Power Tools,Power Tools,Circular Saws,,DCS590B,"DCS590B Dewalt 20V Cordless - 7-1/4"" Circular Saw (Bare)",-- Unbranded --,-- No Unilog Brand --,DEWALT,Black & Decker/dewlt (2585),Stanley Black & Decker Inc,DEWALT,,DCS590B,,Building & Hardware>Power Tools>Circular Saws,"Stanley Black & Decker Inc, DEWALT, Circular Saw, DCS590B",CIRCULAR SAW,DEWALT DCS590B Circular Saw,DEWALT Circular Saw,Circular Saw,,,,,,,,,,,,,,,,,,,,,,,,,,,Circular Saw,,,,,,,,,,,,,,,,,,,,,,,,,,,,,,,,,,,,,,,,,,,,,,,,,,,,,,,,,,,,,,,,,,,,,,,,,,,,,,,,,,,,,,,,,,,,,,,,,,,,,,,,,,,,,,,,,,,,,,,,,,,,,,,,,,,,,,,,,,,,,,,,,,,,,,,,,,,,,,,,,,,,,,,,,,DEWALT_DCS590B.jpg,DEWALT_DCS590B_1.jpg,DEWALT_DCS590B_2.jpg,DEWALT_DCS590B_3.jpg,DEWALT_DCS590B_4.jpg,,,,,DEWALT_DCS590B_Specification_Sheet.pdf,,,,,,,,,,,,,,,,,,
,,,,,,,Power Tools,Power Tools,Circular Saws,,KPTCS725A,"KPTCS725A Kreg 20V Ionic 7-1/4"" Circ Saw",-- Unbranded --,-- No Unilog Brand --,-- No DIB Brand --,Kreg Tool Company (KRETO),Kreg Tool Company,Kreg,,KPTCS725A,,Building & Hardware>Power Tools>Circular Saws,"Kreg Tool Company, Kreg, Circular Saw, KPTCS725A",CIRCULAR SAW 725A,Kreg KPTCS725A Circular Saw With 725 A,"Kreg Circular Saw, 725 A","Circular Saw, 725 A",,Amperage Rating: 725 A,,,,,,,,,,,,,,,,,,,,,,,,,Circular Saw,Amperage Rating,725,A,,,,,,,,,,,,,,,,,,,,,,,,,,,,,,,,,,,,,,,,,,,,,,,,,,,,,,,,,,,,,,,,,,,,,,,,,,,,,,,,,,,,,,,,,,,,,,,,,,,,,,,,,,,,,,,,,,,,,,,,,,,,,,,,,,,,,,,,,,,,,,,,,,,,,,,,,,,,,,,,,,,,,,,Kreg_KPTCS725A.jpg,Kreg_KPTCS725A_1.jpg,Kreg_KPTCS725A_2.jpg,Kreg_KPTCS725A_3.jpg,Kreg_KPTCS725A_4.jpg,,,,,Kreg_KPTCS725A_Specification_Sheet.pdf,,,,,,,,,,,,,,,,,,
,,,,,,,Power Tools,Power Tools,Circular Saws,,KPTCS450A,"KPTCS450A Kreg 20V Ionic 4-1/2"" Circ Saw",-- Unbranded --,-- No Unilog Brand --,-- No DIB Brand --,Kreg Tool Company (KRETO),Kreg Tool Company,Kreg,,KPTCS450A,,Building & Hardware>Power Tools>Circular Saws,"Kreg Tool Company, Kreg, Circular Saw, KPTCS450A",CIRCULAR SAW 450A,Kreg KPTCS450A Circular Saw With 450 A,"Kreg Circular Saw, 450 A","Circular Saw, 450 A",,Amperage Rating: 450 A,,,,,,,,,,,,,,,,,,,,,,,,,Circular Saw,Amperage Rating,450,A,,,,,,,,,,,,,,,,,,,,,,,,,,,,,,,,,,,,,,,,,,,,,,,,,,,,,,,,,,,,,,,,,,,,,,,,,,,,,,,,,,,,,,,,,,,,,,,,,,,,,,,,,,,,,,,,,,,,,,,,,,,,,,,,,,,,,,,,,,,,,,,,,,,,,,,,,,,,,,,,,,,,,,,Kreg_KPTCS450A.jpg,Kreg_KPTCS450A_1.jpg,Kreg_KPTCS450A_2.jpg,Kreg_KPTCS450A_3.jpg,Kreg_KPTCS450A_4.jpg,,,,,Kreg_KPTCS450A_Specification_Sheet.pdf,,,,,,,,,,,,,,,,,,
,,,,,,,Power Tools,Power Tools,Jig Saws,,2545-20,2545-20 Milw M12 Jig Saw,-- Unbranded --,-- No Unilog Brand --,Milwaukee,Milwaukee Accessory (4031),Milwaukee Electric Tool Corporation,MILWAUKEE®,,2545-20,,Building & Hardware>Power Tools>Jig Saws,"Milwaukee Electric Tool Corporation, MILWAUKEE®, Jig Saw, 2545-20",JIG SAW,MILWAUKEE® 2545-20 Jig Saw,MILWAUKEE® Jig Saw,Jig Saw,,,,,,,,,,,,,,,,,,,,,,,,,,,Jig Saw,,,,,,,,,,,,,,,,,,,,,,,,,,,,,,,,,,,,,,,,,,,,,,,,,,,,,,,,,,,,,,,,,,,,,,,,,,,,,,,,,,,,,,,,,,,,,,,,,,,,,,,,,,,,,,,,,,,,,,,,,,,,,,,,,,,,,,,,,,,,,,,,,,,,,,,,,,,,,,,,,,,,,,,,,,MILWAUKEE_2545-20.jpg,MILWAUKEE_2545-20_1.jpg,MILWAUKEE_2545-20_2.jpg,MILWAUKEE_2545-20_3.jpg,MILWAUKEE_2545-20_4.jpg,,,,,MILWAUKEE_2545-20_Specification_Sheet.pdf,,,,,,,,,,,,,,,,,,
,,,,,,,Power Tools,Power Tools,Jig Saws,,KPTJS100A,KPTJS100A Kreg 20V Ionic Barrel Grip Jigsaw,-- Unbranded --,-- No Unilog Brand --,-- No DIB Brand --,Kreg Tool Company (KRETO),Kreg Tool Company,Kreg,,KPTJS100A,,Building & Hardware>Power Tools>Jig Saws,"Kreg Tool Company, Kreg, Jig Saw, KPTJS100A",JIG SAW 100A,Kreg KPTJS100A Jig Saw With 100 A,"Kreg Jig Saw, 100 A","Jig Saw, 100 A",,Amperage Rating: 100 A,,,,,,,,,,,,,,,,,,,,,,,,,Jig Saw,Amperage Rating,100,A,,,,,,,,,,,,,,,,,,,,,,,,,,,,,,,,,,,,,,,,,,,,,,,,,,,,,,,,,,,,,,,,,,,,,,,,,,,,,,,,,,,,,,,,,,,,,,,,,,,,,,,,,,,,,,,,,,,,,,,,,,,,,,,,,,,,,,,,,,,,,,,,,,,,,,,,,,,,,,,,,,,,,,,Kreg_KPTJS100A.jpg,Kreg_KPTJS100A_1.jpg,Kreg_KPTJS100A_2.jpg,Kreg_KPTJS100A_3.jpg,Kreg_KPTJS100A_4.jpg,,,,,Kreg_KPTJS100A_Specification_Sheet.pdf,,,,,,,,,,,,,,,,,,
,,,,,,,Power Tools,Power Tools,Miter Saws,,DCS714B,"DCS714B Dewalt 20V Miter Saw - (Bare) 10"" Double Bevel Fixed",-- Unbranded --,-- No Unilog Brand --,-- No DIB Brand --,Black & Decker/dewlt (2585),Stanley Black & Decker Inc,DEWALT,,DCS714B,,Building & Hardware>Power Tools>Miter Saws,"Stanley Black & Decker Inc, DEWALT, Miter Saw, DCS714B",MITER SAW,DEWALT DCS714B Miter Saw,DEWALT Miter Saw,Miter Saw,,,,,,,,,,,,,,,,,,,,,,,,,,,Miter Saw,,,,,,,,,,,,,,,,,,,,,,,,,,,,,,,,,,,,,,,,,,,,,,,,,,,,,,,,,,,,,,,,,,,,,,,,,,,,,,,,,,,,,,,,,,,,,,,,,,,,,,,,,,,,,,,,,,,,,,,,,,,,,,,,,,,,,,,,,,,,,,,,,,,,,,,,,,,,,,,,,,,,,,,,,,DEWALT_DCS714B.jpg,DEWALT_DCS714B_1.jpg,DEWALT_DCS714B_2.jpg,DEWALT_DCS714B_3.jpg,DEWALT_DCS714B_4.jpg,,,,,DEWALT_DCS714B_Specification_Sheet.pdf,,,,,,,,,,,,,,,,,,
,,,,,,,Power Tools,Power Tools,Miter Saws,,DCS785B,"DCS785B Dewalt 20V Miter Saw - Kit 12"" Double Bevel Sliding",-- Unbranded --,-- No Unilog Brand --,-- No DIB Brand --,Black & Decker/dewlt (2585),Stanley Black & Decker Inc,DEWALT,,DCS785B,,Building & Hardware>Power Tools>Miter Saws,"Stanley Black & Decker Inc, DEWALT, Miter Saw, DCS785B",MITER SAW,DEWALT DCS785B Miter Saw,DEWALT Miter Saw,Miter Saw,,,,,,,,,,,,,,,,,,,,,,,,,,,Miter Saw,,,,,,,,,,,,,,,,,,,,,,,,,,,,,,,,,,,,,,,,,,,,,,,,,,,,,,,,,,,,,,,,,,,,,,,,,,,,,,,,,,,,,,,,,,,,,,,,,,,,,,,,,,,,,,,,,,,,,,,,,,,,,,,,,,,,,,,,,,,,,,,,,,,,,,,,,,,,,,,,,,,,,,,,,,DEWALT_DCS785B.jpg,DEWALT_DCS785B_1.jpg,DEWALT_DCS785B_2.jpg,DEWALT_DCS785B_3.jpg,DEWALT_DCS785B_4.jpg,,,,,DEWALT_DCS785B_Specification_Sheet.pdf,,,,,,,,,,,,,,,,,,
,,,,,,,Power Tools,Power Tools,Miter Saws,,GSL02M1,"GSL02M1 Makita Miter Saw - 40V 8-1/2""",-- Unbranded --,-- No Unilog Brand --,-- No DIB Brand --,Makita Usa Inc (5142),Makita U.S.A. Inc.,Makita,,GSL02M1,,Building & Hardware>Power Tools>Miter Saws,"Makita U.S.A. Inc., Makita, Miter Saw, GSL02M1",MITER SAW,Makita GSL02M1 Miter Saw,Makita Miter Saw,Miter Saw,,,,,,,,,,,,,,,,,,,,,,,,,,,Miter Saw,,,,,,,,,,,,,,,,,,,,,,,,,,,,,,,,,,,,,,,,,,,,,,,,,,,,,,,,,,,,,,,,,,,,,,,,,,,,,,,,,,,,,,,,,,,,,,,,,,,,,,,,,,,,,,,,,,,,,,,,,,,,,,,,,,,,,,,,,,,,,,,,,,,,,,,,,,,,,,,,,,,,,,,,,,Makita_GSL02M1.jpg,Makita_GSL02M1_1.jpg,Makita_GSL02M1_2.jpg,Makita_GSL02M1_3.jpg,Makita_GSL02M1_4.jpg,,,,,Makita_GSL02M1_Specification_Sheet.pdf,,,,,,,,,,,,,,,,,,
,,,,,,,Power Tools,Power Tools,Miter Saws,,DW7029,DW7029 Dewalt Miter Saw - Stand Support/Stop,-- Unbranded --,-- No Unilog Brand --,-- No DIB Brand --,Black & Decker/dewlt (2585),Stanley Black & Decker Inc,DEWALT,,DW7029,,Building & Hardware>Power Tools>Miter Saws,"Stanley Black & Decker Inc, DEWALT, Miter Saw, DW7029",MITER SAW,DEWALT DW7029 Miter Saw,DEWALT Miter Saw,Miter Saw,,,,,,,,,,,,,,,,,,,,,,,,,,,Miter Saw,,,,,,,,,,,,,,,,,,,,,,,,,,,,,,,,,,,,,,,,,,,,,,,,,,,,,,,,,,,,,,,,,,,,,,,,,,,,,,,,,,,,,,,,,,,,,,,,,,,,,,,,,,,,,,,,,,,,,,,,,,,,,,,,,,,,,,,,,,,,,,,,,,,,,,,,,,,,,,,,,,,,,,,,,,DEWALT_DW7029.jpg,DEWALT_DW7029_1.jpg,DEWALT_DW7029_2.jpg,DEWALT_DW7029_3.jpg,DEWALT_DW7029_4.jpg,,,,,DEWALT_DW7029_Specification_Sheet.pdf,,,,,,,,,,,,,,,,,,
,,,,,,,Power Tools,Power Tools,Reciprocating Saws,,DCS384B,DCS384B Dewalt 20V Brushless - Cordless Recip Saw (Bare),-- Unbranded --,-- No Unilog Brand --,DEWALT,Black & Decker/dewlt (2585),Stanley Black & Decker Inc,DEWALT,,DCS384B,,Building & Hardware>Power Tools>Reciprocating Saws,"Stanley Black & Decker Inc, DEWALT, Reciprocating Saw, DCS384B",RECIPROCATING SAW,DEWALT DCS384B Reciprocating Saw,DEWALT Reciprocating Saw,Reciprocating Saw,,,,,,,,,,,,,,,,,,,,,,,,,,,Reciprocating Saw,,,,,,,,,,,,,,,,,,,,,,,,,,,,,,,,,,,,,,,,,,,,,,,,,,,,,,,,,,,,,,,,,,,,,,,,,,,,,,,,,,,,,,,,,,,,,,,,,,,,,,,,,,,,,,,,,,,,,,,,,,,,,,,,,,,,,,,,,,,,,,,,,,,,,,,,,,,,,,,,,,,,,,,,,,DEWALT_DCS384B.jpg,DEWALT_DCS384B_1.jpg,DEWALT_DCS384B_2.jpg,DEWALT_DCS384B_3.jpg,DEWALT_DCS384B_4.jpg,,,,,DEWALT_DCS384B_Specification_Sheet.pdf,,,,,,,,,,,,,,,,,,
,,,,,,,Power Tools,Power Tools,Reciprocating Saws,,XRJ08Z,XRJ08Z Makita 18V Recip Saw - Bare Tool,-- Unbranded --,-- No Unilog Brand --,-- No DIB Brand --,Makita Usa Inc (5142),Makita U.S.A. Inc.,Makita,,XRJ08Z,,Building & Hardware>Power Tools>Reciprocating Saws,"Makita U.S.A. Inc., Makita, Reciprocating Saw, XRJ08Z",RECIPROCATING SAW,Makita XRJ08Z Reciprocating Saw,Makita Reciprocating Saw,Reciprocating Saw,,,,,,,,,,,,,,,,,,,,,,,,,,,Reciprocating Saw,,,,,,,,,,,,,,,,,,,,,,,,,,,,,,,,,,,,,,,,,,,,,,,,,,,,,,,,,,,,,,,,,,,,,,,,,,,,,,,,,,,,,,,,,,,,,,,,,,,,,,,,,,,,,,,,,,,,,,,,,,,,,,,,,,,,,,,,,,,,,,,,,,,,,,,,,,,,,,,,,,,,,,,,,,Makita_XRJ08Z.jpg,Makita_XRJ08Z_1.jpg,Makita_XRJ08Z_2.jpg,Makita_XRJ08Z_3.jpg,Makita_XRJ08Z_4.jpg,,,,,Makita_XRJ08Z_Specification_Sheet.pdf,,,,,,,,,,,,,,,,,,
,,,,,,,Power Tools,Power Tools,Table Saws,,G0771Z,"Grizzly G0771Z 30"" Table Saw",-- Unbranded --,-- No Unilog Brand --,-- No DIB Brand --,Woodstock Intl (3658),Woodstock International Inc,Grizzly,,G0771Z,,Building & Hardware>Power Tools>Table Saws,"Woodstock International Inc, Grizzly, Table Saw, G0771Z",TABLE SAW,Grizzly G0771Z Table Saw,Grizzly Table Saw,Table Saw,,,,,,,,,,,,,,,,,,,,,,,,,,,Table Saw,,,,,,,,,,,,,,,,,,,,,,,,,,,,,,,,,,,,,,,,,,,,,,,,,,,,,,,,,,,,,,,,,,,,,,,,,,,,,,,,,,,,,,,,,,,,,,,,,,,,,,,,,,,,,,,,,,,,,,,,,,,,,,,,,,,,,,,,,,,,,,,,,,,,,,,,,,,,,,,,,,,,,,,,,,Grizzly_G0771Z.jpg,Grizzly_G0771Z_1.jpg,Grizzly_G0771Z_2.jpg,Grizzly_G0771Z_3.jpg,Grizzly_G0771Z_4.jpg,,,,,Grizzly_G0771Z_Specification_Sheet.pdf,,,,,,,,,,,,,,,,,,
,,,,,,,Power Tools,Power Tools,Table Saws,,TS1017,TS1017 Table Saw Zero-Clearance Insert,-- Unbranded --,-- No Unilog Brand --,-- No DIB Brand --,Robt Bosch Tool Corp (6564),Robert Bosch Tool Corporation,Bosch,,TS1017,,Building & Hardware>Power Tools>Table Saws,"Robert Bosch Tool Corporation, Bosch, Table Saw, TS1017",TABLE SAW,Bosch TS1017 Table Saw,Bosch Table Saw,Table Saw,,,,,,,,,,,,,,,,,,,,,,,,,,,Table Saw,,,,,,,,,,,,,,,,,,,,,,,,,,,,,,,,,,,,,,,,,,,,,,,,,,,,,,,,,,,,,,,,,,,,,,,,,,,,,,,,,,,,,,,,,,,,,,,,,,,,,,,,,,,,,,,,,,,,,,,,,,,,,,,,,,,,,,,,,,,,,,,,,,,,,,,,,,,,,,,,,,,,,,,,,,Bosch_TS1017.jpg,Bosch_TS1017_1.jpg,Bosch_TS1017_2.jpg,Bosch_TS1017_3.jpg,Bosch_TS1017_4.jpg,,,,,Bosch_TS1017_Specification_Sheet.pdf,,,,,,,,,,,,,,,,,,
,,,,,,,Power Tools,Power Tool Accessories,Table Saw Fences & Accessories,,XT524,"XT524 24"" XT XTENDER Fence",-- Unbranded --,-- No Unilog Brand --,-- No DIB Brand --,Bow Products (BOWPR),Bow Products,,,XT524,,Building & Hardware>Power Tools>Table Saw Accessories,"Bow Products, Table Saw Fence, XT524",TABLE SAW FNC,XT524 Table Saw Fence,Table Saw Fence,Table Saw Fence,,,,,,,,,,,,,,,,,,,,,,,,,,,Table Saw Fence,,,,,,,,,,,,,,,,,,,,,,,,,,,,,,,,,,,,,,,,,,,,,,,,,,,,,,,,,,,,,,,,,,,,,,,,,,,,,,,,,,,,,,,,,,,,,,,,,,,,,,,,,,,,,,,,,,,,,,,,,,,,,,,,,,,,,,,,,,,,,,,,,,,,,,,,,,,,,,,,,,,,,,,,,,,,,,,,,,,,,,,,,,,,,,,,,,,,,
,,,,,,,Power Tools,Power Tool Accessories,Table Saw Fences & Accessories,,XT536,"XT536 36"" XT XTENDER Fence",-- Unbranded --,-- No Unilog Brand --,-- No DIB Brand --,Bow Products (BOWPR),Bow Products,,,XT536,,Building & Hardware>Power Tools>Table Saw Accessories,"Bow Products, Table Saw Fence, XT536",TABLE SAW FNC,XT536 Table Saw Fence,Table Saw Fence,Table Saw Fence,,,,,,,,,,,,,,,,,,,,,,,,,,,Table Saw Fence,,,,,,,,,,,,,,,,,,,,,,,,,,,,,,,,,,,,,,,,,,,,,,,,,,,,,,,,,,,,,,,,,,,,,,,,,,,,,,,,,,,,,,,,,,,,,,,,,,,,,,,,,,,,,,,,,,,,,,,,,,,,,,,,,,,,,,,,,,,,,,,,,,,,,,,,,,,,,,,,,,,,,,,,,,,,,,,,,,,,,,,,,,,,,,,,,,,,,
,,,,,,,Power Tools,Power Tool Accessories,Table Saw Fences & Accessories,,XT546,"XT546 46"" XT XTENDER Fence",-- Unbranded --,-- No Unilog Brand --,-- No DIB Brand --,Bow Products (BOWPR),Bow Products,,,XT546,,Building & Hardware>Power Tools>Table Saw Accessories,"Bow Products, Table Saw Fence, XT546",TABLE SAW FNC,XT546 Table Saw Fence,Table Saw Fence,Table Saw Fence,,,,,,,,,,,,,,,,,,,,,,,,,,,Table Saw Fence,,,,,,,,,,,,,,,,,,,,,,,,,,,,,,,,,,,,,,,,,,,,,,,,,,,,,,,,,,,,,,,,,,,,,,,,,,,,,,,,,,,,,,,,,,,,,,,,,,,,,,,,,,,,,,,,,,,,,,,,,,,,,,,,,,,,,,,,,,,,,,,,,,,,,,,,,,,,,,,,,,,,,,,,,,,,,,,,,,,,,,,,,,,,,,,,,,,,,
,,,,,,,Power Tools,Power Tool Accessories,Table Saw Fences & Accessories,,XTP235,"35"" XTP XTENDER PRO Fence - XTP235",-- Unbranded --,-- No Unilog Brand --,-- No DIB Brand --,Bow Products (BOWPR),Bow Products,,,XTP235,,Building & Hardware>Power Tools>Table Saw Accessories,"Bow Products, Table Saw Fence, XTP235",TABLE SAW FNC,XTP235 Table Saw Fence,Table Saw Fence,Table Saw Fence,,,,,,,,,,,,,,,,,,,,,,,,,,,Table Saw Fence,,,,,,,,,,,,,,,,,,,,,,,,,,,,,,,,,,,,,,,,,,,,,,,,,,,,,,,,,,,,,,,,,,,,,,,,,,,,,,,,,,,,,,,,,,,,,,,,,,,,,,,,,,,,,,,,,,,,,,,,,,,,,,,,,,,,,,,,,,,,,,,,,,,,,,,,,,,,,,,,,,,,,,,,,,,,,,,,,,,,,,,,,,,,,,,,,,,,,
,,,,,,,Power Tools,Power Tool Accessories,Table Saw Fences & Accessories,,TGP2-FA,TGP2-FA T-Glide Fence Professional,-- Unbranded --,-- No Unilog Brand --,-- No DIB Brand --,Saw Stop LLC (SAWST),SawStop LLC,SawStop,,TGP2-FA,,Building & Hardware>Power Tools>Table Saw Accessories,"SawStop LLC, SawStop, Table Saw Fence, Professional, TGP2-FA",TABLE SAW FNC,SawStop Professional TGP2-FA Table Saw Fence,"SawStop Table Saw Fence, Professional",Professional Table Saw Fence,,Series: Professional,,,,,,,,,,,,,,,,,,,,,,,,,Table Saw Fence,Series,Professional,,,,,,,,,,,,,,,,,,,,,,,,,,,,,,,,,,,,,,,,,,,,,,,,,,,,,,,,,,,,,,,,,,,,,,,,,,,,,,,,,,,,,,,,,,,,,,,,,,,,,,,,,,,,,,,,,,,,,,,,,,,,,,,,,,,,,,,,,,,,,,,,,,,,,,,,,,,,,,,,,,,,,,,,SawStop_TGP2-FA.jpg,SawStop_TGP2-FA_1.jpg,SawStop_TGP2-FA_2.jpg,SawStop_TGP2-FA_3.jpg,SawStop_TGP2-FA_4.jpg,,,,,SawStop_TGP2-FA_Specification_Sheet.pdf,,,,,,,,,,,,,,,,,,
,,,,,,,Power Tools,Power Tool Accessories,Table Saw Fences & Accessories,,ATGI-FA,ATGI-FA T-Glide Advanced Fence Industrial,-- Unbranded --,-- No Unilog Brand --,-- No DIB Brand --,Saw Stop LLC (SAWST),SawStop LLC,SawStop,,ATGI-FA,,Building & Hardware>Power Tools>Table Saw Accessories,"SawStop LLC, SawStop, Table Saw Fence, ATGI-FA",TABLE SAW FNC,SawStop ATGI-FA Table Saw Fence,SawStop Table Saw Fence,Table Saw Fence,,,,,,,,,,,,,,,,,,,,,,,,,,,Table Saw Fence,,,,,,,,,,,,,,,,,,,,,,,,,,,,,,,,,,,,,,,,,,,,,,,,,,,,,,,,,,,,,,,,,,,,,,,,,,,,,,,,,,,,,,,,,,,,,,,,,,,,,,,,,,,,,,,,,,,,,,,,,,,,,,,,,,,,,,,,,,,,,,,,,,,,,,,,,,,,,,,,,,,,,,,,,,SawStop_ATGI-FA.jpg,SawStop_ATGI-FA_1.jpg,SawStop_ATGI-FA_2.jpg,SawStop_ATGI-FA_3.jpg,SawStop_ATGI-FA_4.jpg,,,,,SawStop_ATGI-FA_Specification_Sheet.pdf,,,,,,,,,,,,,,,,,,
,,,,,,,Power Tools,Power Tool Accessories,Table Saw Fences & Accessories,,ATGP-FA,ATGP-FA T-Glide Advance Fence Professional,-- Unbranded --,-- No Unilog Brand --,-- No DIB Brand --,Saw Stop LLC (SAWST),SawStop LLC,SawStop,,ATGP-FA,,Building & Hardware>Power Tools>Table Saw Accessories,"SawStop LLC, SawStop, Table Saw Fence, Professional, ATGP-FA",TABLE SAW FNC,SawStop Professional ATGP-FA Table Saw Fence,"SawStop Table Saw Fence, Professional",Professional Table Saw Fence,,Series: Professional,,,,,,,,,,,,,,,,,,,,,,,,,Table Saw Fence,Series,Professional,,,,,,,,,,,,,,,,,,,,,,,,,,,,,,,,,,,,,,,,,,,,,,,,,,,,,,,,,,,,,,,,,,,,,,,,,,,,,,,,,,,,,,,,,,,,,,,,,,,,,,,,,,,,,,,,,,,,,,,,,,,,,,,,,,,,,,,,,,,,,,,,,,,,,,,,,,,,,,,,,,,,,,,,SawStop_ATGP-FA.jpg,SawStop_ATGP-FA_1.jpg,SawStop_ATGP-FA_2.jpg,SawStop_ATGP-FA_3.jpg,SawStop_ATGP-FA_4.jpg,,,,,SawStop_ATGP-FA_Specification_Sheet.pdf,,,,,,,,,,,,,,,,,,
,,,,,,,Power Tools,Power Tool Accessories,Table Saw Fences & Accessories,,TGI2-FA,TGI2-FA T-Glide Fence Indudtrial,-- Unbranded --,-- No Unilog Brand --,-- No DIB Brand --,Saw Stop LLC (SAWST),SawStop LLC,SawStop,,TGI2-FA,,Building & Hardware>Power Tools>Table Saw Accessories,"SawStop LLC, SawStop, Table Saw Fence, TGI2-FA",TABLE SAW FNC,SawStop TGI2-FA Table Saw Fence,SawStop Table Saw Fence,Table Saw Fence,,,,,,,,,,,,,,,,,,,,,,,,,,,Table Saw Fence,,,,,,,,,,,,,,,,,,,,,,,,,,,,,,,,,,,,,,,,,,,,,,,,,,,,,,,,,,,,,,,,,,,,,,,,,,,,,,,,,,,,,,,,,,,,,,,,,,,,,,,,,,,,,,,,,,,,,,,,,,,,,,,,,,,,,,,,,,,,,,,,,,,,,,,,,,,,,,,,,,,,,,,,,,SawStop_TGI2-FA.jpg,SawStop_TGI2-FA_1.jpg,SawStop_TGI2-FA_2.jpg,SawStop_TGI2-FA_3.jpg,SawStop_TGI2-FA_4.jpg,,,,,SawStop_TGI2-FA_Specification_Sheet.pdf,,,,,,,,,,,,,,,,,,
,,,,,,,Power Tools,Power Tool Accessories,Table Saw Fences & Accessories,,TGI2-T36A,"TGI2-T36A 36"" Table Assembly Industrial",-- Unbranded --,-- No Unilog Brand --,-- No DIB Brand --,Saw Stop LLC (SAWST),SawStop LLC,SawStop,,TGI2-T36A,,Building & Hardware>Power Tools>Table Saw Accessories,"SawStop LLC, SawStop, Table Saw Fence, TGI2-T36A",TABLE SAW FNC 36A,SawStop TGI2-T36A Table Saw Fence With 36 A,"SawStop Table Saw Fence, 36 A","Table Saw Fence, 36 A",,Amperage Rating: 36 A,,,,,,,,,,,,,,,,,,,,,,,,,Table Saw Fence,Amperage Rating,36,A,,,,,,,,,,,,,,,,,,,,,,,,,,,,,,,,,,,,,,,,,,,,,,,,,,,,,,,,,,,,,,,,,,,,,,,,,,,,,,,,,,,,,,,,,,,,,,,,,,,,,,,,,,,,,,,,,,,,,,,,,,,,,,,,,,,,,,,,,,,,,,,,,,,,,,,,,,,,,,,,,,,,,,,SawStop_TGI2-T36A.jpg,SawStop_TGI2-T36A_1.jpg,SawStop_TGI2-T36A_2.jpg,SawStop_TGI2-T36A_3.jpg,SawStop_TGI2-T36A_4.jpg,,,,,SawStop_TGI2-T36A_Specification_Sheet.pdf,,,,,,,,,,,,,,,,,,
,,,,,,,Power Tools,Power Tools,Track Saws,,KPTBPS100A,"KPTBPS100A Kreg 20V Ionic 6-1/2"" Plunge-Cut Track Saw Kit",-- Unbranded --,-- No Unilog Brand --,-- No DIB Brand --,Kreg Tool Company (KRETO),Kreg Tool Company,Kreg,,KPTBPS100A,,Building & Hardware>Power Tools>Track Saws,"Kreg Tool Company, Kreg, Track Saw, KPTBPS100A",TRACK SAW 100A,Kreg KPTBPS100A Track Saw With 100 A,"Kreg Track Saw, 100 A","Track Saw, 100 A",,Amperage Rating: 100 A,,,,,,,,,,,,,,,,,,,,,,,,,Track Saw,Amperage Rating,100,A,,,,,,,,,,,,,,,,,,,,,,,,,,,,,,,,,,,,,,,,,,,,,,,,,,,,,,,,,,,,,,,,,,,,,,,,,,,,,,,,,,,,,,,,,,,,,,,,,,,,,,,,,,,,,,,,,,,,,,,,,,,,,,,,,,,,,,,,,,,,,,,,,,,,,,,,,,,,,,,,,,,,,,,Kreg_KPTBPS100A.jpg,Kreg_KPTBPS100A_1.jpg,Kreg_KPTBPS100A_2.jpg,Kreg_KPTBPS100A_3.jpg,Kreg_KPTBPS100A_4.jpg,,,,,Kreg_KPTBPS100A_Specification_Sheet.pdf,,,,,,,,,,,,,,,,,,
,,,,,,,Power Tools,Power Tools,Cordless Tool Kits,,DCB606C,DCB606C Dewalt Flexvolt Starter Kit,-- Unbranded --,-- No Unilog Brand --,-- No DIB Brand --,Black & Decker/dewlt (2585),Stanley Black & Decker Inc,DEWALT,,DCB606C,,Building & Hardware>Power Tools>Cordless Tool Kits,"Stanley Black & Decker Inc, DEWALT, Cordless Tool Kit, DCB606C",CORDLESS TOOL KIT,DEWALT DCB606C Cordless Tool Kit,DEWALT Cordless Tool Kit,Cordless Tool Kit,,,,,,,,,,,,,,,,,,,,,,,,,,,Cordless Tool Kit,,,,,,,,,,,,,,,,,,,,,,,,,,,,,,,,,,,,,,,,,,,,,,,,,,,,,,,,,,,,,,,,,,,,,,,,,,,,,,,,,,,,,,,,,,,,,,,,,,,,,,,,,,,,,,,,,,,,,,,,,,,,,,,,,,,,,,,,,,,,,,,,,,,,,,,,,,,,,,,,,,,,,,,,,,DEWALT_DCB606C.jpg,DEWALT_DCB606C_1.jpg,DEWALT_DCB606C_2.jpg,DEWALT_DCB606C_3.jpg,DEWALT_DCB606C_4.jpg,,,,,DEWALT_DCB606C_Specification_Sheet.pdf,,,,,,,,,,,,,,,,,,
,,,,,,,Power Tools,Power Tools,Cordless Tool Kits,,BL1850BDC1,BL1850BDC1 Makita Starter Kit,-- Unbranded --,-- No Unilog Brand --,-- No DIB Brand --,Makita Usa Inc (5142),Makita U.S.A. Inc.,Makita,,BL1850BDC1,,Building & Hardware>Power Tools>Cordless Tool Kits,"Makita U.S.A. Inc., Makita, Cordless Tool Kit, BL1850BDC1",CORDLESS TOOL KIT,Makita BL1850BDC1 Cordless Tool Kit,Makita Cordless Tool Kit,Cordless Tool Kit,,,,,,,,,,,,,,,,,,,,,,,,,,,Cordless Tool Kit,,,,,,,,,,,,,,,,,,,,,,,,,,,,,,,,,,,,,,,,,,,,,,,,,,,,,,,,,,,,,,,,,,,,,,,,,,,,,,,,,,,,,,,,,,,,,,,,,,,,,,,,,,,,,,,,,,,,,,,,,,,,,,,,,,,,,,,,,,,,,,,,,,,,,,,,,,,,,,,,,,,,,,,,,,Makita_BL1850BDC1.jpg,Makita_BL1850BDC1_1.jpg,Makita_BL1850BDC1_2.jpg,Makita_BL1850BDC1_3.jpg,Makita_BL1850BDC1_4.jpg,,,,,Makita_BL1850BDC1_Specification_Sheet.pdf,,,,,,,,,,,,,,,,,,
,,,,,,,Power Tools,Power Tools,Cordless Tool Kits,,DCB205C,DCB205C 20V Starter Kit,-- Unbranded --,-- No Unilog Brand --,DEWALT,Black & Decker/dewlt (2585),Stanley Black & Decker Inc,DEWALT,,DCB205C,,Building & Hardware>Power Tools>Cordless Tool Kits,"Stanley Black & Decker Inc, DEWALT, Cordless Tool Kit, DCB205C",CORDLESS TOOL KIT,DEWALT DCB205C Cordless Tool Kit,DEWALT Cordless Tool Kit,Cordless Tool Kit,,,,,,,,,,,,,,,,,,,,,,,,,,,Cordless Tool Kit,,,,,,,,,,,,,,,,,,,,,,,,,,,,,,,,,,,,,,,,,,,,,,,,,,,,,,,,,,,,,,,,,,,,,,,,,,,,,,,,,,,,,,,,,,,,,,,,,,,,,,,,,,,,,,,,,,,,,,,,,,,,,,,,,,,,,,,,,,,,,,,,,,,,,,,,,,,,,,,,,,,,,,,,,,DEWALT_DCB205C.jpg,DEWALT_DCB205C_1.jpg,DEWALT_DCB205C_2.jpg,DEWALT_DCB205C_3.jpg,DEWALT_DCB205C_4.jpg,,,,,DEWALT_DCB205C_Specification_Sheet.pdf,,,,,,,,,,,,,,,,,,
,,,,,,,Power Tools,Power Tool Accessories,Batteries & Chargers,,DCB2108,DCB2108 Dewalt 20V 8Ah Battery - Max XR Powerpack,-- Unbranded --,-- No Unilog Brand --,DEWALT,Black & Decker/dewlt (2585),Stanley Black & Decker Inc,DEWALT,,DCB2108,,Building & Hardware>Power Tools>Accessories>Batteries & Chargers,"Stanley Black & Decker Inc, DEWALT, Battery, DCB2108",BATT,DEWALT DCB2108 Battery,DEWALT Battery,Battery,,,,,,,,,,,,,,,,,,,,,,,,,,,Battery,,,,,,,,,,,,,,,,,,,,,,,,,,,,,,,,,,,,,,,,,,,,,,,,,,,,,,,,,,,,,,,,,,,,,,,,,,,,,,,,,,,,,,,,,,,,,,,,,,,,,,,,,,,,,,,,,,,,,,,,,,,,,,,,,,,,,,,,,,,,,,,,,,,,,,,,,,,,,,,,,,,,,,,,,,DEWALT_DCB2108.jpg,DEWALT_DCB2108_1.jpg,DEWALT_DCB2108_2.jpg,DEWALT_DCB2108_3.jpg,DEWALT_DCB2108_4.jpg,,,,,DEWALT_DCB2108_Specification_Sheet.pdf,,,,,,,,,,,,,,,,,,
,,,,,,,Power Tools,Power Tool Accessories,Batteries & Chargers,,DCB2108-2,DCB2108-2 Dewalt 20V 8Ah 2pk - Battery Max XR Powerpack,-- Unbranded --,-- No Unilog Brand --,-- No DIB Brand --,Black & Decker/dewlt (2585),Stanley Black & Decker Inc,DEWALT,,DCB2108-2,,Building & Hardware>Power Tools>Accessories>Batteries & Chargers,"Stanley Black & Decker Inc, DEWALT, Battery, DCB2108-2",BATT,DEWALT DCB2108-2 Battery With 2 pk,"DEWALT Battery, 2 pk","Battery, 2 pk",,Package Quantity: 2 pk,,,,,,,,,,,,,,,,,,,,,,,,,Battery,Package Quantity,2,pk,,,,,,,,,,,,,,,,,,,,,,,,,,,,,,,,,,,,,,,,,,,,,,,,,,,,,,,,,,,,,,,,,,,,,,,,,,,,,,,,,,,,,,,,,,,,,,,,,,,,,,,,,,,,,,,,,,,,,,,,,,,,,,,,,,,,,,,,,,,,,,,,,,,,,,,,,,,,,,,,,,,,,,,DEWALT_DCB2108-2.jpg,DEWALT_DCB2108-2_1.jpg,DEWALT_DCB2108-2_2.jpg,DEWALT_DCB2108-2_3.jpg,DEWALT_DCB2108-2_4.jpg,,,,,DEWALT_DCB2108-2_Specification_Sheet.pdf,,,,,,,,,,,,,,,,,,
,,,,,,,Power Tools,Power Tool Accessories,Batteries & Chargers,,VB0212,VB0212 Senco 18V 2.0 AH Lithium Battery,-- Unbranded --,-- No Unilog Brand --,-- No DIB Brand --,Senco Products Inc (4650),SENCO Products Inc,SENCO,,VB0212,,Building & Hardware>Power Tools>Accessories>Batteries & Chargers,"SENCO Products Inc, SENCO, Battery, VB0212",BATT,SENCO VB0212 Battery,SENCO Battery,Battery,,,,,,,,,,,,,,,,,,,,,,,,,,,Battery,,,,,,,,,,,,,,,,,,,,,,,,,,,,,,,,,,,,,,,,,,,,,,,,,,,,,,,,,,,,,,,,,,,,,,,,,,,,,,,,,,,,,,,,,,,,,,,,,,,,,,,,,,,,,,,,,,,,,,,,,,,,,,,,,,,,,,,,,,,,,,,,,,,,,,,,,,,,,,,,,,,,,,,,,,SENCO_VB0212.jpg,SENCO_VB0212_1.jpg,SENCO_VB0212_2.jpg,SENCO_VB0212_3.jpg,SENCO_VB0212_4.jpg,,,,,SENCO_VB0212_Specification_Sheet.pdf,,,,,,,,,,,,,,,,,,
,,,,,,,Power Tools,Power Tools,Cordless Tool Kits,,BCB2A20A,BCB2A20A Kreg 20V Battery/Charger Starter Kit,-- Unbranded --,-- No Unilog Brand --,-- No DIB Brand --,Kreg Tool Company (KRETO),Kreg Tool Company,Kreg,,BCB2A20A,,Building & Hardware>Power Tools>Cordless Tool Kits,"Kreg Tool Company, Kreg, Cordless Tool Kit, BCB2A20A",CORDLESS TOOL KIT 20A,Kreg BCB2A20A Cordless Tool Kit With 20 A,"Kreg Cordless Tool Kit, 20 A","Cordless Tool Kit, 20 A",,Amperage Rating: 20 A,,,,,,,,,,,,,,,,,,,,,,,,,Cordless Tool Kit,Amperage Rating,20,A,,,,,,,,,,,,,,,,,,,,,,,,,,,,,,,,,,,,,,,,,,,,,,,,,,,,,,,,,,,,,,,,,,,,,,,,,,,,,,,,,,,,,,,,,,,,,,,,,,,,,,,,,,,,,,,,,,,,,,,,,,,,,,,,,,,,,,,,,,,,,,,,,,,,,,,,,,,,,,,,,,,,,,,Kreg_BCB2A20A.jpg,Kreg_BCB2A20A_1.jpg,Kreg_BCB2A20A_2.jpg,Kreg_BCB2A20A_3.jpg,Kreg_BCB2A20A_4.jpg,,,,,Kreg_BCB2A20A_Specification_Sheet.pdf,,,,,,,,,,,,,,,,,,
,,,,,,,Power Tools,Power Tool Accessories,Batteries & Chargers,,BATT4A,BATT4A Kreg 20V 4ah Battery Pack,-- Unbranded --,-- No Unilog Brand --,-- No DIB Brand --,Kreg Tool Company (KRETO),Kreg Tool Company,Kreg,,BATT4A,,Building & Hardware>Power Tools>Accessories>Batteries & Chargers,"Kreg Tool Company, Kreg, Battery, BATT4A",BATT 4A,Kreg BATT4A Battery With 4 A,"Kreg Battery, 4 A","Battery, 4 A",,Amperage Rating: 4 A,,,,,,,,,,,,,,,,,,,,,,,,,Battery,Amperage Rating,4,A,,,,,,,,,,,,,,,,,,,,,,,,,,,,,,,,,,,,,,,,,,,,,,,,,,,,,,,,,,,,,,,,,,,,,,,,,,,,,,,,,,,,,,,,,,,,,,,,,,,,,,,,,,,,,,,,,,,,,,,,,,,,,,,,,,,,,,,,,,,,,,,,,,,,,,,,,,,,,,,,,,,,,,,Kreg_BATT4A.jpg,Kreg_BATT4A_1.jpg,Kreg_BATT4A_2.jpg,Kreg_BATT4A_3.jpg,Kreg_BATT4A_4.jpg,,,,,Kreg_BATT4A_Specification_Sheet.pdf,,,,,,,,,,,,,,,,,,
,,,,,,,Power Tools,Power Tool Accessories,Batteries & Chargers,,BATT2A,BATT2A Kreg 20V 2ah Battery Pack,-- Unbranded --,-- No Unilog Brand --,-- No DIB Brand --,Kreg Tool Company (KRETO),Kreg Tool Company,Kreg,,BATT2A,,Building & Hardware>Power Tools>Accessories>Batteries & Chargers,"Kreg Tool Company, Kreg, Battery, BATT2A",BATT 2A,Kreg BATT2A Battery With 2 A,"Kreg Battery, 2 A","Battery, 2 A",,Amperage Rating: 2 A,,,,,,,,,,,,,,,,,,,,,,,,,Battery,Amperage Rating,2,A,,,,,,,,,,,,,,,,,,,,,,,,,,,,,,,,,,,,,,,,,,,,,,,,,,,,,,,,,,,,,,,,,,,,,,,,,,,,,,,,,,,,,,,,,,,,,,,,,,,,,,,,,,,,,,,,,,,,,,,,,,,,,,,,,,,,,,,,,,,,,,,,,,,,,,,,,,,,,,,,,,,,,,,Kreg_BATT2A.jpg,Kreg_BATT2A_1.jpg,Kreg_BATT2A_2.jpg,Kreg_BATT2A_3.jpg,Kreg_BATT2A_4.jpg,,,,,Kreg_BATT2A_Specification_Sheet.pdf,,,,,,,,,,,,,,,,,,
,,,,,,,Power Tools,Power Tools,Cordless Tool Kits,,BL1850BDC2X1,BL1850BDC2X1 Makita Starter Kit,-- Unbranded --,-- No Unilog Brand --,-- No DIB Brand --,Makita Usa Inc (5142),Makita U.S.A. Inc.,Makita,,BL1850BDC2X1,,Building & Hardware>Power Tools>Cordless Tool Kits,"Makita U.S.A. Inc., Makita, Cordless Tool Kit, BL1850BDC2X1",CORDLESS TOOL KIT,Makita BL1850BDC2X1 Cordless Tool Kit With 2 in x 1 in,"Makita Cordless Tool Kit, 2 in x 1 in","Cordless Tool Kit, 2 in x 1 in",,Size: 2 in x 1 in,,,,,,,,,,,,,,,,,,,,,,,,,Cordless Tool Kit,Size,2 in x 1 in,,,,,,,,,,,,,,,,,,,,,,,,,,,,,,,,,,,,,,,,,,,,,,,,,,,,,,,,,,,,,,,,,,,,,,,,,,,,,,,,,,,,,,,,,,,,,,,,,,,,,,,,,,,,,,,,,,,,,,,,,,,,,,,,,,,,,,,,,,,,,,,,,,,,,,,,,,,,,,,,,,,,,,,,Makita_BL1850BDC2X1.jpg,Makita_BL1850BDC2X1_1.jpg,Makita_BL1850BDC2X1_2.jpg,Makita_BL1850BDC2X1_3.jpg,Makita_BL1850BDC2X1_4.jpg,,,,,Makita_BL1850BDC2X1_Specification_Sheet.pdf,,,,,,,,,,,,,,,,,,
,,,,,,,Power Tools,Power Tool Accessories,Batteries & Chargers,,48-11-2422,48-11-2422 Milw M12 CP2.0 Battery Two Pack,-- Unbranded --,-- No Unilog Brand --,-- No DIB Brand --,Milwaukee Accessory (4031),Milwaukee Electric Tool Corporation,MILWAUKEE®,,48-11-2422,,Building & Hardware>Power Tools>Accessories>Batteries & Chargers,"Milwaukee Electric Tool Corporation, MILWAUKEE®, Battery, 48-11-2422",BATT,MILWAUKEE® 48-11-2422 Battery,MILWAUKEE® Battery,Battery,,,,,,,,,,,,,,,,,,,,,,,,,,,Battery,,,,,,,,,,,,,,,,,,,,,,,,,,,,,,,,,,,,,,,,,,,,,,,,,,,,,,,,,,,,,,,,,,,,,,,,,,,,,,,,,,,,,,,,,,,,,,,,,,,,,,,,,,,,,,,,,,,,,,,,,,,,,,,,,,,,,,,,,,,,,,,,,,,,,,,,,,,,,,,,,,,,,,,,,,MILWAUKEE_48-11-2422.jpg,MILWAUKEE_48-11-2422_1.jpg,MILWAUKEE_48-11-2422_2.jpg,MILWAUKEE_48-11-2422_3.jpg,MILWAUKEE_48-11-2422_4.jpg,,,,,MILWAUKEE_48-11-2422_Specification_Sheet.pdf,,,,,,,,,,,,,,,,,,
,,,,,,,Power Tools,Power Tool Accessories,Batteries & Chargers,,DCB1104,DCB1104 Dewalt 12V/20V Charger - 4 Amp,-- Unbranded --,-- No Unilog Brand --,-- No DIB Brand --,Black & Decker/dewlt (2585),Stanley Black & Decker Inc,DEWALT,,DCB1104,,Building & Hardware>Power Tools>Accessories>Batteries & Chargers,"Stanley Black & Decker Inc, DEWALT, Charger, DCB1104",CHGR 4A,DEWALT DCB1104 Charger With 4 A,"DEWALT Charger, 4 A","Charger, 4 A",,Amperage Rating: 4 A,,,,,,,,,,,,,,,,,,,,,,,,,Charger,Amperage Rating,4,A,,,,,,,,,,,,,,,,,,,,,,,,,,,,,,,,,,,,,,,,,,,,,,,,,,,,,,,,,,,,,,,,,,,,,,,,,,,,,,,,,,,,,,,,,,,,,,,,,,,,,,,,,,,,,,,,,,,,,,,,,,,,,,,,,,,,,,,,,,,,,,,,,,,,,,,,,,,,,,,,,,,,,,,DEWALT_DCB1104.jpg,DEWALT_DCB1104_1.jpg,DEWALT_DCB1104_2.jpg,DEWALT_DCB1104_3.jpg,DEWALT_DCB1104_4.jpg,,,,,DEWALT_DCB1104_Specification_Sheet.pdf,,,,,,,,,,,,,,,,,,
,,,,,,,Power Tools,Power Tool Accessories,Batteries & Chargers,,48-59-1804,48-59-1804 Milw M18 and M12 Rapid Charger,-- Unbranded --,-- No Unilog Brand --,-- No DIB Brand --,Milwaukee Accessory (4031),Milwaukee Electric Tool Corporation,MILWAUKEE®,,48-59-1804,,Building & Hardware>Power Tools>Accessories>Batteries & Chargers,"Milwaukee Electric Tool Corporation, MILWAUKEE®, Charger, 48-59-1804",CHGR,MILWAUKEE® 48-59-1804 Charger,MILWAUKEE® Charger,Charger,,,,,,,,,,,,,,,,,,,,,,,,,,,Charger,,,,,,,,,,,,,,,,,,,,,,,,,,,,,,,,,,,,,,,,,,,,,,,,,,,,,,,,,,,,,,,,,,,,,,,,,,,,,,,,,,,,,,,,,,,,,,,,,,,,,,,,,,,,,,,,,,,,,,,,,,,,,,,,,,,,,,,,,,,,,,,,,,,,,,,,,,,,,,,,,,,,,,,,,,MILWAUKEE_48-59-1804.jpg,MILWAUKEE_48-59-1804_1.jpg,MILWAUKEE_48-59-1804_2.jpg,MILWAUKEE_48-59-1804_3.jpg,MILWAUKEE_48-59-1804_4.jpg,,,,,MILWAUKEE_48-59-1804_Specification_Sheet.pdf,,,,,,,,,,,,,,,,,,
,,,,,,,Power Tools,Power Tool Accessories,Batteries & Chargers,,CRGR401A,CRGR401A Kreg 20V Fast Charger,-- Unbranded --,-- No Unilog Brand --,-- No DIB Brand --,Kreg Tool Company (KRETO),Kreg Tool Company,Kreg,,CRGR401A,,Building & Hardware>Power Tools>Accessories>Batteries & Chargers,"Kreg Tool Company, Kreg, Charger, CRGR401A",CHGR 401A,Kreg CRGR401A Charger With 401 A,"Kreg Charger, 401 A","Charger, 401 A",,Amperage Rating: 401 A,,,,,,,,,,,,,,,,,,,,,,,,,Charger,Amperage Rating,401,A,,,,,,,,,,,,,,,,,,,,,,,,,,,,,,,,,,,,,,,,,,,,,,,,,,,,,,,,,,,,,,,,,,,,,,,,,,,,,,,,,,,,,,,,,,,,,,,,,,,,,,,,,,,,,,,,,,,,,,,,,,,,,,,,,,,,,,,,,,,,,,,,,,,,,,,,,,,,,,,,,,,,,,,Kreg_CRGR401A.jpg,Kreg_CRGR401A_1.jpg,Kreg_CRGR401A_2.jpg,Kreg_CRGR401A_3.jpg,Kreg_CRGR401A_4.jpg,,,,,Kreg_CRGR401A_Specification_Sheet.pdf,,,,,,,,,,,,,,,,,,
,,,,,,,Power Tools,Power Tool Accessories,Batteries & Chargers,,48-59-1211,48-59-1211 Milw Power Supply - Charger,-- Unbranded --,-- No Unilog Brand --,Milwaukee,Milwaukee Accessory (4031),Milwaukee Electric Tool Corporation,MILWAUKEE®,,48-59-1211,,Building & Hardware>Power Tools>Accessories>Batteries & Chargers,"Milwaukee Electric Tool Corporation, MILWAUKEE®, Charger, 48-59-1211",CHGR,MILWAUKEE® 48-59-1211 Charger,MILWAUKEE® Charger,Charger,,,,,,,,,,,,,,,,,,,,,,,,,,,Charger,,,,,,,,,,,,,,,,,,,,,,,,,,,,,,,,,,,,,,,,,,,,,,,,,,,,,,,,,,,,,,,,,,,,,,,,,,,,,,,,,,,,,,,,,,,,,,,,,,,,,,,,,,,,,,,,,,,,,,,,,,,,,,,,,,,,,,,,,,,,,,,,,,,,,,,,,,,,,,,,,,,,,,,,,,MILWAUKEE_48-59-1211.jpg,MILWAUKEE_48-59-1211_1.jpg,MILWAUKEE_48-59-1211_2.jpg,MILWAUKEE_48-59-1211_3.jpg,MILWAUKEE_48-59-1211_4.jpg,,,,,MILWAUKEE_48-59-1211_Specification_Sheet.pdf,,,,,,,,,,,,,,,,,,
,,,,,,,Power Tools,Power Tool Accessories,Batteries & Chargers,,2847-20,2847-20 Milw M18 Charger and Power Supply,-- Unbranded --,-- No Unilog Brand --,-- No DIB Brand --,Milwaukee Accessory (4031),Milwaukee Electric Tool Corporation,MILWAUKEE®,,2847-20,,Building & Hardware>Power Tools>Accessories>Batteries & Chargers,"Milwaukee Electric Tool Corporation, MILWAUKEE®, Charger, 2847-20",CHGR,MILWAUKEE® 2847-20 Charger,MILWAUKEE® Charger,Charger,,,,,,,,,,,,,,,,,,,,,,,,,,,Charger,,,,,,,,,,,,,,,,,,,,,,,,,,,,,,,,,,,,,,,,,,,,,,,,,,,,,,,,,,,,,,,,,,,,,,,,,,,,,,,,,,,,,,,,,,,,,,,,,,,,,,,,,,,,,,,,,,,,,,,,,,,,,,,,,,,,,,,,,,,,,,,,,,,,,,,,,,,,,,,,,,,,,,,,,,MILWAUKEE_2847-20.jpg,MILWAUKEE_2847-20_1.jpg,MILWAUKEE_2847-20_2.jpg,MILWAUKEE_2847-20_3.jpg,MILWAUKEE_2847-20_4.jpg,,,,,MILWAUKEE_2847-20_Specification_Sheet.pdf,,,,,,,,,,,,,,,,,,
,,,,,,,Power Tools,Power Tool Accessories,Vacuum Bags & Filters,,DWV9401,DWV9401 Dewalt Paper Bag - 5pk,-- Unbranded --,-- No Unilog Brand --,-- No DIB Brand --,Black & Decker/dewlt (2585),Stanley Black & Decker Inc,DEWALT,,DWV9401,,Building & Hardware>Power Tools>Accessories>Vacuums & Dust Collection,"Stanley Black & Decker Inc, DEWALT, Vacuum Bag, DWV9401",VACUUM BAG,DEWALT DWV9401 Vacuum Bag With 5 pk,"DEWALT Vacuum Bag, 5 pk","Vacuum Bag, 5 pk",,Package Quantity: 5 pk,,,,,,,,,,,,,,,,,,,,,,,,,Vacuum Bag,Package Quantity,5,pk,,,,,,,,,,,,,,,,,,,,,,,,,,,,,,,,,,,,,,,,,,,,,,,,,,,,,,,,,,,,,,,,,,,,,,,,,,,,,,,,,,,,,,,,,,,,,,,,,,,,,,,,,,,,,,,,,,,,,,,,,,,,,,,,,,,,,,,,,,,,,,,,,,,,,,,,,,,,,,,,,,,,,,,DEWALT_DWV9401.jpg,DEWALT_DWV9401_1.jpg,DEWALT_DWV9401_2.jpg,DEWALT_DWV9401_3.jpg,DEWALT_DWV9401_4.jpg,,,,,DEWALT_DWV9401_Specification_Sheet.pdf,,,,,,,,,,,,,,,,,,
,,,,,,,Power Tools,Power Tools,Vacuums & Dust Extractors,,578512,578512 Festool Dust Extractor-CT MIDI I HEPA,-- Unbranded --,-- No Unilog Brand --,-- No DIB Brand --,Festool USA (FESTO),Festool USA,Festool,,578512,,Building & Hardware>Power Tools>Blowers & Vacuums,"Festool USA, Festool, Vacuum, 578512",VACUUM,Festool 578512 Vacuum,Festool Vacuum,Vacuum,,,,,,,,,,,,,,,,,,,,,,,,,,,Vacuum,,,,,,,,,,,,,,,,,,,,,,,,,,,,,,,,,,,,,,,,,,,,,,,,,,,,,,,,,,,,,,,,,,,,,,,,,,,,,,,,,,,,,,,,,,,,,,,,,,,,,,,,,,,,,,,,,,,,,,,,,,,,,,,,,,,,,,,,,,,,,,,,,,,,,,,,,,,,,,,,,,,,,,,,,,Festool_578512.jpg,Festool_578512_1.jpg,Festool_578512_2.jpg,Festool_578512_3.jpg,Festool_578512_4.jpg,,,,,Festool_578512_Specification_Sheet.pdf,,,,,,,,,,,,,,,,,,
,,,,,,,Power Tools,Power Tools,Vacuums & Dust Extractors,,577871,577871 Festool Dust Extractor - CT 26,-- Unbranded --,-- No Unilog Brand --,-- No DIB Brand --,Festool USA (FESTO),Festool USA,Festool,,577871,,Building & Hardware>Power Tools>Blowers & Vacuums,"Festool USA, Festool, Vacuum, 577871",VACUUM,Festool 577871 Vacuum,Festool Vacuum,Vacuum,,,,,,,,,,,,,,,,,,,,,,,,,,,Vacuum,,,,,,,,,,,,,,,,,,,,,,,,,,,,,,,,,,,,,,,,,,,,,,,,,,,,,,,,,,,,,,,,,,,,,,,,,,,,,,,,,,,,,,,,,,,,,,,,,,,,,,,,,,,,,,,,,,,,,,,,,,,,,,,,,,,,,,,,,,,,,,,,,,,,,,,,,,,,,,,,,,,,,,,,,,Festool_577871.jpg,Festool_577871_1.jpg,Festool_577871_2.jpg,Festool_577871_3.jpg,Festool_577871_4.jpg,,,,,Festool_577871_Specification_Sheet.pdf,,,,,,,,,,,,,,,,,,
,,,,,,,Power Tools,Power Tools,Vacuums & Dust Extractors,,577874,577874 Festool Dust Extractor - CT 36,-- Unbranded --,-- No Unilog Brand --,-- No DIB Brand --,Festool USA (FESTO),Festool USA,Festool,,577874,,Building & Hardware>Power Tools>Blowers & Vacuums,"Festool USA, Festool, Vacuum, 577874",VACUUM,Festool 577874 Vacuum,Festool Vacuum,Vacuum,,,,,,,,,,,,,,,,,,,,,,,,,,,Vacuum,,,,,,,,,,,,,,,,,,,,,,,,,,,,,,,,,,,,,,,,,,,,,,,,,,,,,,,,,,,,,,,,,,,,,,,,,,,,,,,,,,,,,,,,,,,,,,,,,,,,,,,,,,,,,,,,,,,,,,,,,,,,,,,,,,,,,,,,,,,,,,,,,,,,,,,,,,,,,,,,,,,,,,,,,,Festool_577874.jpg,Festool_577874_1.jpg,Festool_577874_2.jpg,Festool_577874_3.jpg,Festool_577874_4.jpg,,,,,Festool_577874_Specification_Sheet.pdf,,,,,,,,,,,,,,,,,,
,,,,,,,Power Tools,Power Tools,Vacuums & Dust Extractors,,577876,577876 Festool Dust Extractor - CT 48,-- Unbranded --,-- No Unilog Brand --,-- No DIB Brand --,Festool USA (FESTO),Festool USA,Festool,,577876,,Building & Hardware>Power Tools>Blowers & Vacuums,"Festool USA, Festool, Vacuum, 577876",VACUUM,Festool 577876 Vacuum,Festool Vacuum,Vacuum,,,,,,,,,,,,,,,,,,,,,,,,,,,Vacuum,,,,,,,,,,,,,,,,,,,,,,,,,,,,,,,,,,,,,,,,,,,,,,,,,,,,,,,,,,,,,,,,,,,,,,,,,,,,,,,,,,,,,,,,,,,,,,,,,,,,,,,,,,,,,,,,,,,,,,,,,,,,,,,,,,,,,,,,,,,,,,,,,,,,,,,,,,,,,,,,,,,,,,,,,,Festool_577876.jpg,Festool_577876_1.jpg,Festool_577876_2.jpg,Festool_577876_3.jpg,Festool_577876_4.jpg,,,,,Festool_577876_Specification_Sheet.pdf,,,,,,,,,,,,,,,,,,
,,,,,,,Power Tools,Power Tools,Vacuums & Dust Extractors,,578441,578441 Festool Dust Extractor-CT 15 HEPA,-- Unbranded --,-- No Unilog Brand --,-- No DIB Brand --,Festool USA (FESTO),Festool USA,Festool,,578441,,Building & Hardware>Power Tools>Blowers & Vacuums,"Festool USA, Festool, Vacuum, 578441",VACUUM,Festool 578441 Vacuum,Festool Vacuum,Vacuum,,,,,,,,,,,,,,,,,,,,,,,,,,,Vacuum,,,,,,,,,,,,,,,,,,,,,,,,,,,,,,,,,,,,,,,,,,,,,,,,,,,,,,,,,,,,,,,,,,,,,,,,,,,,,,,,,,,,,,,,,,,,,,,,,,,,,,,,,,,,,,,,,,,,,,,,,,,,,,,,,,,,,,,,,,,,,,,,,,,,,,,,,,,,,,,,,,,,,,,,,,Festool_578441.jpg,Festool_578441_1.jpg,Festool_578441_2.jpg,Festool_578441_3.jpg,Festool_578441_4.jpg,,,,,Festool_578441_Specification_Sheet.pdf,,,,,,,,,,,,,,,,,,
,,,,,,,Power Tools,Power Tools,Impact Wrenches,,DCK225D2,DCK225D2 Dewalt Impact/Drill - Kit,-- Unbranded --,-- No Unilog Brand --,DEWALT,Black & Decker/dewlt (2585),Stanley Black & Decker Inc,DEWALT,,DCK225D2,,Building & Hardware>Power Tools>Impact Wrenches & Drivers,"Stanley Black & Decker Inc, DEWALT, Impact Wrench, DCK225D2",IMP WRN,DEWALT DCK225D2 Impact Wrench,DEWALT Impact Wrench,Impact Wrench,,,,,,,,,,,,,,,,,,,,,,,,,,,Impact Wrench,,,,,,,,,,,,,,,,,,,,,,,,,,,,,,,,,,,,,,,,,,,,,,,,,,,,,,,,,,,,,,,,,,,,,,,,,,,,,,,,,,,,,,,,,,,,,,,,,,,,,,,,,,,,,,,,,,,,,,,,,,,,,,,,,,,,,,,,,,,,,,,,,,,,,,,,,,,,,,,,,,,,,,,,,,DEWALT_DCK225D2.jpg,DEWALT_DCK225D2_1.jpg,DEWALT_DCK225D2_2.jpg,DEWALT_DCK225D2_3.jpg,DEWALT_DCK225D2_4.jpg,,,,,DEWALT_DCK225D2_Specification_Sheet.pdf,,,,,,,,,,,,,,,,,,
,,,,,,,Power Tools,Power Tools,Cordless Tool Kits,,DCK2101QQ2,Dewalt DCK2101QQ2 20V 2Pc Kit,-- Unbranded --,-- No Unilog Brand --,-- No DIB Brand --,Black & Decker/dewlt (2585),Stanley Black & Decker Inc,DEWALT,,DCK2101QQ2,,Building & Hardware>Power Tools>Cordless Tool Kits,"Stanley Black & Decker Inc, DEWALT, Cordless Tool Kit, DCK2101QQ2",CORDLESS TOOL KIT,DEWALT DCK2101QQ2 Cordless Tool Kit With 2 pc,"DEWALT Cordless Tool Kit, 2 pc","Cordless Tool Kit, 2 pc",,Package Quantity: 2 pc,,,,,,,,,,,,,,,,,,,,,,,,,Cordless Tool Kit,Package Quantity,2,pc,,,,,,,,,,,,,,,,,,,,,,,,,,,,,,,,,,,,,,,,,,,,,,,,,,,,,,,,,,,,,,,,,,,,,,,,,,,,,,,,,,,,,,,,,,,,,,,,,,,,,,,,,,,,,,,,,,,,,,,,,,,,,,,,,,,,,,,,,,,,,,,,,,,,,,,,,,,,,,,,,,,,,,,DEWALT_DCK2101QQ2.jpg,DEWALT_DCK2101QQ2_1.jpg,DEWALT_DCK2101QQ2_2.jpg,DEWALT_DCK2101QQ2_3.jpg,DEWALT_DCK2101QQ2_4.jpg,,,,,DEWALT_DCK2101QQ2_Specification_Sheet.pdf,,,,,,,,,,,,,,,,,,
,,,,,,,Power Tools,Power Tools,Rotary Tools,,4000-2/32,4000-2/32 DREMEL ROTARY TOOL,-- Unbranded --,-- No Unilog Brand --,Dremel,Robt Bosch Tool Corp (6564),Robert Bosch Tool Corporation,Dremel,,4000-2/32,,Building & Hardware>Power Tools>Rotary Tools,"Robert Bosch Tool Corporation, Dremel, Rotary Tool, 4000-2/32",ROTARY TOOL,Dremel 4000-2/32 Rotary Tool,Dremel Rotary Tool,Rotary Tool,,,,,,,,,,,,,,,,,,,,,,,,,,,Rotary Tool,,,,,,,,,,,,,,,,,,,,,,,,,,,,,,,,,,,,,,,,,,,,,,,,,,,,,,,,,,,,,,,,,,,,,,,,,,,,,,,,,,,,,,,,,,,,,,,,,,,,,,,,,,,,,,,,,,,,,,,,,,,,,,,,,,,,,,,,,,,,,,,,,,,,,,,,,,,,,,,,,,,,,,,,,,Dremel_4000-232.jpg,Dremel_4000-232_1.jpg,Dremel_4000-232_2.jpg,Dremel_4000-232_3.jpg,Dremel_4000-232_4.jpg,,,,,Dremel_4000-232_Specification_Sheet.pdf,,,,,,,,,,,,,,,,,,
,,,,,,,Power Tools,Power Tools,Rotary Tools,,3100-1/15,3100-1/15 Dremel Rotary Tool - Kit 15pc,-- Unbranded --,-- No Unilog Brand --,Dremel,Robt Bosch Tool Corp (6564),Robert Bosch Tool Corporation,Dremel,,3100-1/15,,Building & Hardware>Power Tools>Rotary Tools,"Robert Bosch Tool Corporation, Dremel, Rotary Tool, 3100-1/15",ROTARY TOOL,Dremel 3100-1/15 Rotary Tool With 15 pc,"Dremel Rotary Tool, 15 pc","Rotary Tool, 15 pc",,Package Quantity: 15 pc,,,,,,,,,,,,,,,,,,,,,,,,,Rotary Tool,Package Quantity,15,pc,,,,,,,,,,,,,,,,,,,,,,,,,,,,,,,,,,,,,,,,,,,,,,,,,,,,,,,,,,,,,,,,,,,,,,,,,,,,,,,,,,,,,,,,,,,,,,,,,,,,,,,,,,,,,,,,,,,,,,,,,,,,,,,,,,,,,,,,,,,,,,,,,,,,,,,,,,,,,,,,,,,,,,,Dremel_3100-115.jpg,Dremel_3100-115_1.jpg,Dremel_3100-115_2.jpg,Dremel_3100-115_3.jpg,Dremel_3100-115_4.jpg,,,,,Dremel_3100-115_Specification_Sheet.pdf,,,,,,,,,,,,,,,,,,
,,,,,,,Power Tools,Power Tool Accessories,Tool Storage & Organization,,T-90043,T-90043 Deep Medium Organizer,-- Unbranded --,-- No Unilog Brand --,-- No DIB Brand --,Makita Usa Inc (5142),Makita U.S.A. Inc.,Makita,,T-90043,,Building & Hardware>Power Tools>Accessories>Tool Storage & Organization,"Makita U.S.A. Inc., Makita, Tool Organizer, T-90043",TOOL ORG,Makita T-90043 Tool Organizer,Makita Tool Organizer,Tool Organizer,,,,,,,,,,,,,,,,,,,,,,,,,,,Tool Organizer,,,,,,,,,,,,,,,,,,,,,,,,,,,,,,,,,,,,,,,,,,,,,,,,,,,,,,,,,,,,,,,,,,,,,,,,,,,,,,,,,,,,,,,,,,,,,,,,,,,,,,,,,,,,,,,,,,,,,,,,,,,,,,,,,,,,,,,,,,,,,,,,,,,,,,,,,,,,,,,,,,,,,,,,,,Makita_T-90043.jpg,Makita_T-90043_1.jpg,Makita_T-90043_2.jpg,Makita_T-90043_3.jpg,Makita_T-90043_4.jpg,,,,,Makita_T-90043_Specification_Sheet.pdf,,,,,,,,,,,,,,,,,,
,,,,,,,Power Tools,Power Tool Accessories,Tool Storage & Organization,,T-90059,T-90059 Low Profile Medium - Organizer,-- Unbranded --,-- No Unilog Brand --,-- No DIB Brand --,Makita Usa Inc (5142),Makita U.S.A. Inc.,Makita,,T-90059,,Building & Hardware>Power Tools>Accessories>Tool Storage & Organization,"Makita U.S.A. Inc., Makita, Tool Organizer, T-90059",TOOL ORG,Makita T-90059 Tool Organizer,Makita Tool Organizer,Tool Organizer,,,,,,,,,,,,,,,,,,,,,,,,,,,Tool Organizer,,,,,,,,,,,,,,,,,,,,,,,,,,,,,,,,,,,,,,,,,,,,,,,,,,,,,,,,,,,,,,,,,,,,,,,,,,,,,,,,,,,,,,,,,,,,,,,,,,,,,,,,,,,,,,,,,,,,,,,,,,,,,,,,,,,,,,,,,,,,,,,,,,,,,,,,,,,,,,,,,,,,,,,,,,Makita_T-90059.jpg,Makita_T-90059_1.jpg,Makita_T-90059_2.jpg,Makita_T-90059_3.jpg,Makita_T-90059_4.jpg,,,,,Makita_T-90059_Specification_Sheet.pdf,,,,,,,,,,,,,,,,,,
,,,,,,,Power Tools,Power Tool Accessories,Tool Storage & Organization,,T-90065,T-90065 Deep Compact Organizer,-- Unbranded --,-- No Unilog Brand --,-- No DIB Brand --,Makita Usa Inc (5142),Makita U.S.A. Inc.,Makita,,T-90065,,Building & Hardware>Power Tools>Accessories>Tool Storage & Organization,"Makita U.S.A. Inc., Makita, Tool Organizer, T-90065",TOOL ORG,Makita T-90065 Tool Organizer,Makita Tool Organizer,Tool Organizer,,,,,,,,,,,,,,,,,,,,,,,,,,,Tool Organizer,,,,,,,,,,,,,,,,,,,,,,,,,,,,,,,,,,,,,,,,,,,,,,,,,,,,,,,,,,,,,,,,,,,,,,,,,,,,,,,,,,,,,,,,,,,,,,,,,,,,,,,,,,,,,,,,,,,,,,,,,,,,,,,,,,,,,,,,,,,,,,,,,,,,,,,,,,,,,,,,,,,,,,,,,,Makita_T-90065.jpg,Makita_T-90065_1.jpg,Makita_T-90065_2.jpg,Makita_T-90065_3.jpg,Makita_T-90065_4.jpg,,,,,Makita_T-90065_Specification_Sheet.pdf,,,,,,,,,,,,,,,,,,
,,,,,,,Power Tools,Power Tools,Shapers,,10047VS,10047VS Oliver 3HP 230V 1PH Shaper 1-1/4 Spindle,-- Unbranded --,-- No Unilog Brand --,-- No DIB Brand --,Oliver Machinery Company (OLIMA),Oliver Machinery Company,Oliver,,10047VS,,Building & Hardware>Power Tools>Shapers,"Oliver Machinery Company, Oliver, Shaper, 10047VS",SHPR 230V,Oliver 10047VS Shaper With 230 V,"Oliver Shaper, 230 V","Shaper, 230 V",,Voltage Rating: 230 V,,,,,,,,,,,,,,,,,,,,,,,,,Shaper,Voltage Rating,230,V,,,,,,,,,,,,,,,,,,,,,,,,,,,,,,,,,,,,,,,,,,,,,,,,,,,,,,,,,,,,,,,,,,,,,,,,,,,,,,,,,,,,,,,,,,,,,,,,,,,,,,,,,,,,,,,,,,,,,,,,,,,,,,,,,,,,,,,,,,,,,,,,,,,,,,,,,,,,,,,,,,,,,,,Oliver_10047VS.jpg,Oliver_10047VS_1.jpg,Oliver_10047VS_2.jpg,Oliver_10047VS_3.jpg,Oliver_10047VS_4.jpg,,,,,Oliver_10047VS_Specification_Sheet.pdf,,,,,,,,,,,,,,,,,,
,,,,,,,Power Tools,Power Tool Accessories,Table Saw Fences & Accessories,,MAG:2044-230-1,2044-230-1 Stock Feeder 4-Roll - Steff,-- Unbranded --,-- No Unilog Brand --,-- No DIB Brand --,J&G Machinery (JGMAC),J&G Machinery Inc,,,MAG:2044-230-1,,Building & Hardware>Power Tools>Table Saw Accessories,"J&G Machinery Inc, Table Saw Fence, MAG:2044-230-1",TABLE SAW FNC,MAG:2044-230-1 Table Saw Fence,Table Saw Fence,Table Saw Fence,,,,,,,,,,,,,,,,,,,,,,,,,,,Table Saw Fence,,,,,,,,,,,,,,,,,,,,,,,,,,,,,,,,,,,,,,,,,,,,,,,,,,,,,,,,,,,,,,,,,,,,,,,,,,,,,,,,,,,,,,,,,,,,,,,,,,,,,,,,,,,,,,,,,,,,,,,,,,,,,,,,,,,,,,,,,,,,,,,,,,,,,,,,,,,,,,,,,,,,,,,,,,,,,,,,,,,,,,,,,,,,,,,,,,,,,
,,,,,,,Power Tools,Power Tool Accessories,Table Saw Fences & Accessories,,XTP242,"42"" XTP XTENDER PRO Fence - XTP242",-- Unbranded --,-- No Unilog Brand --,-- No DIB Brand --,Bow Products (BOWPR),Bow Products,,,XTP242,,Building & Hardware>Power Tools>Table Saw Accessories,"Bow Products, Table Saw Fence, XTP242",TABLE SAW FNC,XTP242 Table Saw Fence,Table Saw Fence,Table Saw Fence,,,,,,,,,,,,,,,,,,,,,,,,,,,Table Saw Fence,,,,,,,,,,,,,,,,,,,,,,,,,,,,,,,,,,,,,,,,,,,,,,,,,,,,,,,,,,,,,,,,,,,,,,,,,,,,,,,,,,,,,,,,,,,,,,,,,,,,,,,,,,,,,,,,,,,,,,,,,,,,,,,,,,,,,,,,,,,,,,,,,,,,,,,,,,,,,,,,,,,,,,,,,,,,,,,,,,,,,,,,,,,,,,,,,,,,,
,,,,,,,Power Tools,Power Tool Accessories,Table Saw Fences & Accessories,,AAS-P,AAS-P Align-A-Saw Plate Only,-- Unbranded --,-- No Unilog Brand --,-- No DIB Brand --,Woodpeckers Inc (WOODP),Woodpeckers Inc,WOODPECKERS,,AAS-P,,Building & Hardware>Power Tools>Table Saw Accessories,"Woodpeckers Inc, WOODPECKERS, Table Saw Fence, AAS-P",TABLE SAW FNC,WOODPECKERS AAS-P Table Saw Fence,WOODPECKERS Table Saw Fence,Table Saw Fence,,,,,,,,,,,,,,,,,,,,,,,,,,,Table Saw Fence,,,,,,,,,,,,,,,,,,,,,,,,,,,,,,,,,,,,,,,,,,,,,,,,,,,,,,,,,,,,,,,,,,,,,,,,,,,,,,,,,,,,,,,,,,,,,,,,,,,,,,,,,,,,,,,,,,,,,,,,,,,,,,,,,,,,,,,,,,,,,,,,,,,,,,,,,,,,,,,,,,,,,,,,,,WOODPECKERS_AAS-P.jpg,WOODPECKERS_AAS-P_1.jpg,WOODPECKERS_AAS-P_2.jpg,WOODPECKERS_AAS-P_3.jpg,WOODPECKERS_AAS-P_4.jpg,,,,,WOODPECKERS_AAS-P_Specification_Sheet.pdf,,,,,,,,,,,,,,,,,,
,,,,,,,Power Tools,Power Tool Accessories,Table Saw Fences & Accessories,,SSCMS,SSCMS Stealthstop Miter Sled,-- Unbranded --,-- No Unilog Brand --,-- No DIB Brand --,Woodpeckers Inc (WOODP),Woodpeckers Inc,WOODPECKERS,,SSCMS,,Building & Hardware>Power Tools>Table Saw Accessories,"Woodpeckers Inc, WOODPECKERS, Table Saw Fence, SSCMS",TABLE SAW FNC,WOODPECKERS SSCMS Table Saw Fence,WOODPECKERS Table Saw Fence,Table Saw Fence,,,,,,,,,,,,,,,,,,,,,,,,,,,Table Saw Fence,,,,,,,,,,,,,,,,,,,,,,,,,,,,,,,,,,,,,,,,,,,,,,,,,,,,,,,,,,,,,,,,,,,,,,,,,,,,,,,,,,,,,,,,,,,,,,,,,,,,,,,,,,,,,,,,,,,,,,,,,,,,,,,,,,,,,,,,,,,,,,,,,,,,,,,,,,,,,,,,,,,,,,,,,,WOODPECKERS_SSCMS.jpg,WOODPECKERS_SSCMS_1.jpg,WOODPECKERS_SSCMS_2.jpg,WOODPECKERS_SSCMS_3.jpg,WOODPECKERS_SSCMS_4.jpg,,,,,WOODPECKERS_SSCMS_Specification_Sheet.pdf,,,,,,,,,,,,,,,,,,
,,,,,,,Power Tools,Power Tools,Jointers,,4225.201,"4225.201 Oliver 6"" HH Jointer Paralleogram",-- Unbranded --,-- No Unilog Brand --,-- No DIB Brand --,Oliver Machinery Company (OLIMA),Oliver Machinery Company,Oliver,,4225.201,,Building & Hardware>Power Tools>Jointers,"Oliver Machinery Company, Oliver, Jointer, 4225.201",JNTR,Oliver 4225.201 Jointer,Oliver Jointer,Jointer,,,,,,,,,,,,,,,,,,,,,,,,,,,Jointer,,,,,,,,,,,,,,,,,,,,,,,,,,,,,,,,,,,,,,,,,,,,,,,,,,,,,,,,,,,,,,,,,,,,,,,,,,,,,,,,,,,,,,,,,,,,,,,,,,,,,,,,,,,,,,,,,,,,,,,,,,,,,,,,,,,,,,,,,,,,,,,,,,,,,,,,,,,,,,,,,,,,,,,,,,Oliver_4225201.jpg,Oliver_4225201_1.jpg,Oliver_4225201_2.jpg,Oliver_4225201_3.jpg,Oliver_4225201_4.jpg,,,,,Oliver_4225201_Specification_Sheet.pdf,,,,,,,,,,,,,,,,,,
,,,,,,,Power Tools,Power Tools,Planers,,KC-426C,"KC-426C 12"" Portable Planer",-- Unbranded --,-- No Unilog Brand --,-- No DIB Brand --,King Canada Inc (KINCA),King Canada Inc,King Canada,,KC-426C,,Building & Hardware>Power Tools>Planers,"King Canada Inc, King Canada, Planer, KC-426C",PLNR,King Canada KC-426C Planer,King Canada Planer,Planer,,,,,,,,,,,,,,,,,,,,,,,,,,,Planer,,,,,,,,,,,,,,,,,,,,,,,,,,,,,,,,,,,,,,,,,,,,,,,,,,,,,,,,,,,,,,,,,,,,,,,,,,,,,,,,,,,,,,,,,,,,,,,,,,,,,,,,,,,,,,,,,,,,,,,,,,,,,,,,,,,,,,,,,,,,,,,,,,,,,,,,,,,,,,,,,,,,,,,,,,KingCanada_KC-426C.jpg,KingCanada_KC-426C_1.jpg,KingCanada_KC-426C_2.jpg,KingCanada_KC-426C_3.jpg,KingCanada_KC-426C_4.jpg,,,,,KingCanada_KC-426C_Specification_Sheet.pdf,,,,,,,,,,,,,,,,,,
,,,,,,,Power Tools,Power Tools,Planers,,10045.201,"10045.201 Oliver 13"" Benchtop Planer 2HP,115V 1Ph",-- Unbranded --,-- No Unilog Brand --,-- No DIB Brand --,Oliver Machinery Company (OLIMA),Oliver Machinery Company,Oliver,,10045.201,,Building & Hardware>Power Tools>Planers,"Oliver Machinery Company, Oliver, Planer, 10045.201",PLNR 115V,Oliver 10045.201 Planer With 115 V,"Oliver Planer, 115 V","Planer, 115 V",,Voltage Rating: 115 V,,,,,,,,,,,,,,,,,,,,,,,,,Planer,Voltage Rating,115,V,,,,,,,,,,,,,,,,,,,,,,,,,,,,,,,,,,,,,,,,,,,,,,,,,,,,,,,,,,,,,,,,,,,,,,,,,,,,,,,,,,,,,,,,,,,,,,,,,,,,,,,,,,,,,,,,,,,,,,,,,,,,,,,,,,,,,,,,,,,,,,,,,,,,,,,,,,,,,,,,,,,,,,,Oliver_10045201.jpg,Oliver_10045201_1.jpg,Oliver_10045201_2.jpg,Oliver_10045201_3.jpg,Oliver_10045201_4.jpg,,,,,Oliver_10045201_Specification_Sheet.pdf,,,,,,,,,,,,,,,,,,
,,,,,,,Power Tools,Power Tools,Planers,,10014.201,"10014.201 Oliver 15"" Planer 3HP 1Ph 220V",-- Unbranded --,-- No Unilog Brand --,-- No DIB Brand --,Oliver Machinery Company (OLIMA),Oliver Machinery Company,Oliver,,10014.201,,Building & Hardware>Power Tools>Planers,"Oliver Machinery Company, Oliver, Planer, 10014.201",PLNR 220V,Oliver 10014.201 Planer With 220 V,"Oliver Planer, 220 V","Planer, 220 V",,Voltage Rating: 220 V,,,,,,,,,,,,,,,,,,,,,,,,,Planer,Voltage Rating,220,V,,,,,,,,,,,,,,,,,,,,,,,,,,,,,,,,,,,,,,,,,,,,,,,,,,,,,,,,,,,,,,,,,,,,,,,,,,,,,,,,,,,,,,,,,,,,,,,,,,,,,,,,,,,,,,,,,,,,,,,,,,,,,,,,,,,,,,,,,,,,,,,,,,,,,,,,,,,,,,,,,,,,,,,Oliver_10014201.jpg,Oliver_10014201_1.jpg,Oliver_10014201_2.jpg,Oliver_10014201_3.jpg,Oliver_10014201_4.jpg,,,,,Oliver_10014201_Specification_Sheet.pdf,,,,,,,,,,,,,,,,,,
,,,,,,,Power Tools,Power Tools,Planers,,4430.201,"4430.201 Oliver 20"" Planer 5HP 1Ph 230V",-- Unbranded --,-- No Unilog Brand --,-- No DIB Brand --,Oliver Machinery Company (OLIMA),Oliver Machinery Company,Oliver,,4430.201,,Building & Hardware>Power Tools>Planers,"Oliver Machinery Company, Oliver, Planer, 4430.201",PLNR 230V,Oliver 4430.201 Planer With 230 V,"Oliver Planer, 230 V","Planer, 230 V",,Voltage Rating: 230 V,,,,,,,,,,,,,,,,,,,,,,,,,Planer,Voltage Rating,230,V,,,,,,,,,,,,,,,,,,,,,,,,,,,,,,,,,,,,,,,,,,,,,,,,,,,,,,,,,,,,,,,,,,,,,,,,,,,,,,,,,,,,,,,,,,,,,,,,,,,,,,,,,,,,,,,,,,,,,,,,,,,,,,,,,,,,,,,,,,,,,,,,,,,,,,,,,,,,,,,,,,,,,,,Oliver_4430201.jpg,Oliver_4430201_1.jpg,Oliver_4430201_2.jpg,Oliver_4430201_3.jpg,Oliver_4430201_4.jpg,,,,,Oliver_4430201_Specification_Sheet.pdf,,,,,,,,,,,,,,,,,,
,,,,,,,Power Tools,Power Tools,Planers,,10055.201,"10055.201 Oliver 15"" Benchtop Planer 2.5HP 1Ph 230V",-- Unbranded --,-- No Unilog Brand --,-- No DIB Brand --,Oliver Machinery Company (OLIMA),Oliver Machinery Company,Oliver,,10055.201,,Building & Hardware>Power Tools>Planers,"Oliver Machinery Company, Oliver, Planer, 10055.201",PLNR 230V,Oliver 10055.201 Planer With 230 V,"Oliver Planer, 230 V","Planer, 230 V",,Voltage Rating: 230 V,,,,,,,,,,,,,,,,,,,,,,,,,Planer,Voltage Rating,230,V,,,,,,,,,,,,,,,,,,,,,,,,,,,,,,,,,,,,,,,,,,,,,,,,,,,,,,,,,,,,,,,,,,,,,,,,,,,,,,,,,,,,,,,,,,,,,,,,,,,,,,,,,,,,,,,,,,,,,,,,,,,,,,,,,,,,,,,,,,,,,,,,,,,,,,,,,,,,,,,,,,,,,,,Oliver_10055201.jpg,Oliver_10055201_1.jpg,Oliver_10055201_2.jpg,Oliver_10055201_3.jpg,Oliver_10055201_4.jpg,,,,,Oliver_10055201_Specification_Sheet.pdf,,,,,,,,,,,,,,,,,,
,,,,,,,Power Tools,Power Tools,Sanders & Polishers,,T27417,T27417 Grizzly OscillatingEdge - Belt and Spindle Sander,-- Unbranded --,-- No Unilog Brand --,-- No DIB Brand --,Woodstock Intl (3658),Woodstock International Inc,Grizzly,,T27417,,Building & Hardware>Power Tools>Sanders & Polishers,"Woodstock International Inc, Grizzly, Sander, T27417",SNDR,Grizzly T27417 Sander,Grizzly Sander,Sander,,,,,,,,,,,,,,,,,,,,,,,,,,,Sander,,,,,,,,,,,,,,,,,,,,,,,,,,,,,,,,,,,,,,,,,,,,,,,,,,,,,,,,,,,,,,,,,,,,,,,,,,,,,,,,,,,,,,,,,,,,,,,,,,,,,,,,,,,,,,,,,,,,,,,,,,,,,,,,,,,,,,,,,,,,,,,,,,,,,,,,,,,,,,,,,,,,,,,,,,Grizzly_T27417.jpg,Grizzly_T27417_1.jpg,Grizzly_T27417_2.jpg,Grizzly_T27417_3.jpg,Grizzly_T27417_4.jpg,,,,,Grizzly_T27417_Specification_Sheet.pdf,,,,,,,,,,,,,,,,,,
